x_exp_width,x_man_width,x_row,x_col,x_row_depth,x_col_depth,w_exp_width,w_man_width,loc,
8,1,1,1,8,8,8,1,91,
8,1,1,1,8,8,8,2,95,
8,1,1,1,8,8,8,3,95,
8,1,1,1,8,8,8,4,95,
8,1,1,1,8,8,8,5,95,
8,1,1,1,8,8,8,6,95,
8,1,1,1,8,8,8,7,95,
8,1,1,1,8,8,8,8,95,
8,2,1,1,8,8,8,1,95,
8,2,1,1,8,8,8,2,103,
8,2,1,1,8,8,8,3,107,
8,2,1,1,8,8,8,4,107,
8,2,1,1,8,8,8,5,107,
8,2,1,1,8,8,8,6,107,
8,2,1,1,8,8,8,7,107,
8,2,1,1,8,8,8,8,107,
8,3,1,1,8,8,8,1,95,
8,3,1,1,8,8,8,2,107,
8,3,1,1,8,8,8,3,115,
8,3,1,1,8,8,8,4,119,
8,3,1,1,8,8,8,5,119,
8,3,1,1,8,8,8,6,119,
8,3,1,1,8,8,8,7,119,
8,3,1,1,8,8,8,8,119,
8,4,1,1,8,8,8,1,95,
8,4,1,1,8,8,8,2,107,
8,4,1,1,8,8,8,3,119,
8,4,1,1,8,8,8,4,127,
8,4,1,1,8,8,8,5,131,
8,4,1,1,8,8,8,6,131,
8,4,1,1,8,8,8,7,131,
8,4,1,1,8,8,8,8,131,
8,5,1,1,8,8,8,1,95,
8,5,1,1,8,8,8,2,107,
8,5,1,1,8,8,8,3,119,
8,5,1,1,8,8,8,4,131,
8,5,1,1,8,8,8,5,139,
8,5,1,1,8,8,8,6,143,
8,5,1,1,8,8,8,7,143,
8,5,1,1,8,8,8,8,143,
8,6,1,1,8,8,8,1,95,
8,6,1,1,8,8,8,2,107,
8,6,1,1,8,8,8,3,119,
8,6,1,1,8,8,8,4,131,
8,6,1,1,8,8,8,5,143,
8,6,1,1,8,8,8,6,151,
8,6,1,1,8,8,8,7,155,
8,6,1,1,8,8,8,8,155,
8,7,1,1,8,8,8,1,95,
8,7,1,1,8,8,8,2,107,
8,7,1,1,8,8,8,3,119,
8,7,1,1,8,8,8,4,131,
8,7,1,1,8,8,8,5,143,
8,7,1,1,8,8,8,6,155,
8,7,1,1,8,8,8,7,163,
8,7,1,1,8,8,8,8,167,
8,8,1,1,8,8,8,1,95,
8,8,1,1,8,8,8,2,107,
8,8,1,1,8,8,8,3,119,
8,8,1,1,8,8,8,4,131,
8,8,1,1,8,8,8,5,143,
8,8,1,1,8,8,8,6,155,
8,8,1,1,8,8,8,7,167,
8,8,1,1,8,8,8,8,175,
8,1,1,2,8,8,8,1,110,
8,1,1,2,8,8,8,2,115,
8,1,1,2,8,8,8,3,115,
8,1,1,2,8,8,8,4,115,
8,1,1,2,8,8,8,5,115,
8,1,1,2,8,8,8,6,115,
8,1,1,2,8,8,8,7,115,
8,1,1,2,8,8,8,8,115,
8,2,1,2,8,8,8,1,115,
8,2,1,2,8,8,8,2,122,
8,2,1,2,8,8,8,3,127,
8,2,1,2,8,8,8,4,127,
8,2,1,2,8,8,8,5,127,
8,2,1,2,8,8,8,6,127,
8,2,1,2,8,8,8,7,127,
8,2,1,2,8,8,8,8,127,
8,3,1,2,8,8,8,1,115,
8,3,1,2,8,8,8,2,127,
8,3,1,2,8,8,8,3,134,
8,3,1,2,8,8,8,4,139,
8,3,1,2,8,8,8,5,139,
8,3,1,2,8,8,8,6,139,
8,3,1,2,8,8,8,7,139,
8,3,1,2,8,8,8,8,139,
8,4,1,2,8,8,8,1,115,
8,4,1,2,8,8,8,2,127,
8,4,1,2,8,8,8,3,139,
8,4,1,2,8,8,8,4,146,
8,4,1,2,8,8,8,5,151,
8,4,1,2,8,8,8,6,151,
8,4,1,2,8,8,8,7,151,
8,4,1,2,8,8,8,8,151,
8,5,1,2,8,8,8,1,115,
8,5,1,2,8,8,8,2,127,
8,5,1,2,8,8,8,3,139,
8,5,1,2,8,8,8,4,151,
8,5,1,2,8,8,8,5,158,
8,5,1,2,8,8,8,6,163,
8,5,1,2,8,8,8,7,163,
8,5,1,2,8,8,8,8,163,
8,6,1,2,8,8,8,1,115,
8,6,1,2,8,8,8,2,127,
8,6,1,2,8,8,8,3,139,
8,6,1,2,8,8,8,4,151,
8,6,1,2,8,8,8,5,163,
8,6,1,2,8,8,8,6,170,
8,6,1,2,8,8,8,7,175,
8,6,1,2,8,8,8,8,175,
8,7,1,2,8,8,8,1,115,
8,7,1,2,8,8,8,2,127,
8,7,1,2,8,8,8,3,139,
8,7,1,2,8,8,8,4,151,
8,7,1,2,8,8,8,5,163,
8,7,1,2,8,8,8,6,175,
8,7,1,2,8,8,8,7,182,
8,7,1,2,8,8,8,8,187,
8,8,1,2,8,8,8,1,115,
8,8,1,2,8,8,8,2,127,
8,8,1,2,8,8,8,3,139,
8,8,1,2,8,8,8,4,151,
8,8,1,2,8,8,8,5,163,
8,8,1,2,8,8,8,6,175,
8,8,1,2,8,8,8,7,187,
8,8,1,2,8,8,8,8,194,
8,1,1,3,8,8,8,1,129,
8,1,1,3,8,8,8,2,135,
8,1,1,3,8,8,8,3,135,
8,1,1,3,8,8,8,4,135,
8,1,1,3,8,8,8,5,135,
8,1,1,3,8,8,8,6,135,
8,1,1,3,8,8,8,7,135,
8,1,1,3,8,8,8,8,135,
8,2,1,3,8,8,8,1,135,
8,2,1,3,8,8,8,2,141,
8,2,1,3,8,8,8,3,147,
8,2,1,3,8,8,8,4,147,
8,2,1,3,8,8,8,5,147,
8,2,1,3,8,8,8,6,147,
8,2,1,3,8,8,8,7,147,
8,2,1,3,8,8,8,8,147,
8,3,1,3,8,8,8,1,135,
8,3,1,3,8,8,8,2,147,
8,3,1,3,8,8,8,3,153,
8,3,1,3,8,8,8,4,159,
8,3,1,3,8,8,8,5,159,
8,3,1,3,8,8,8,6,159,
8,3,1,3,8,8,8,7,159,
8,3,1,3,8,8,8,8,159,
8,4,1,3,8,8,8,1,135,
8,4,1,3,8,8,8,2,147,
8,4,1,3,8,8,8,3,159,
8,4,1,3,8,8,8,4,165,
8,4,1,3,8,8,8,5,171,
8,4,1,3,8,8,8,6,171,
8,4,1,3,8,8,8,7,171,
8,4,1,3,8,8,8,8,171,
8,5,1,3,8,8,8,1,135,
8,5,1,3,8,8,8,2,147,
8,5,1,3,8,8,8,3,159,
8,5,1,3,8,8,8,4,171,
8,5,1,3,8,8,8,5,177,
8,5,1,3,8,8,8,6,183,
8,5,1,3,8,8,8,7,183,
8,5,1,3,8,8,8,8,183,
8,6,1,3,8,8,8,1,135,
8,6,1,3,8,8,8,2,147,
8,6,1,3,8,8,8,3,159,
8,6,1,3,8,8,8,4,171,
8,6,1,3,8,8,8,5,183,
8,6,1,3,8,8,8,6,189,
8,6,1,3,8,8,8,7,195,
8,6,1,3,8,8,8,8,195,
8,7,1,3,8,8,8,1,135,
8,7,1,3,8,8,8,2,147,
8,7,1,3,8,8,8,3,159,
8,7,1,3,8,8,8,4,171,
8,7,1,3,8,8,8,5,183,
8,7,1,3,8,8,8,6,195,
8,7,1,3,8,8,8,7,201,
8,7,1,3,8,8,8,8,207,
8,8,1,3,8,8,8,1,135,
8,8,1,3,8,8,8,2,147,
8,8,1,3,8,8,8,3,159,
8,8,1,3,8,8,8,4,171,
8,8,1,3,8,8,8,5,183,
8,8,1,3,8,8,8,6,195,
8,8,1,3,8,8,8,7,207,
8,8,1,3,8,8,8,8,213,
8,1,1,4,8,8,8,1,148,
8,1,1,4,8,8,8,2,155,
8,1,1,4,8,8,8,3,155,
8,1,1,4,8,8,8,4,155,
8,1,1,4,8,8,8,5,155,
8,1,1,4,8,8,8,6,155,
8,1,1,4,8,8,8,7,155,
8,1,1,4,8,8,8,8,155,
8,2,1,4,8,8,8,1,155,
8,2,1,4,8,8,8,2,160,
8,2,1,4,8,8,8,3,167,
8,2,1,4,8,8,8,4,167,
8,2,1,4,8,8,8,5,167,
8,2,1,4,8,8,8,6,167,
8,2,1,4,8,8,8,7,167,
8,2,1,4,8,8,8,8,167,
8,3,1,4,8,8,8,1,155,
8,3,1,4,8,8,8,2,167,
8,3,1,4,8,8,8,3,172,
8,3,1,4,8,8,8,4,179,
8,3,1,4,8,8,8,5,179,
8,3,1,4,8,8,8,6,179,
8,3,1,4,8,8,8,7,179,
8,3,1,4,8,8,8,8,179,
8,4,1,4,8,8,8,1,155,
8,4,1,4,8,8,8,2,167,
8,4,1,4,8,8,8,3,179,
8,4,1,4,8,8,8,4,184,
8,4,1,4,8,8,8,5,191,
8,4,1,4,8,8,8,6,191,
8,4,1,4,8,8,8,7,191,
8,4,1,4,8,8,8,8,191,
8,5,1,4,8,8,8,1,155,
8,5,1,4,8,8,8,2,167,
8,5,1,4,8,8,8,3,179,
8,5,1,4,8,8,8,4,191,
8,5,1,4,8,8,8,5,196,
8,5,1,4,8,8,8,6,203,
8,5,1,4,8,8,8,7,203,
8,5,1,4,8,8,8,8,203,
8,6,1,4,8,8,8,1,155,
8,6,1,4,8,8,8,2,167,
8,6,1,4,8,8,8,3,179,
8,6,1,4,8,8,8,4,191,
8,6,1,4,8,8,8,5,203,
8,6,1,4,8,8,8,6,208,
8,6,1,4,8,8,8,7,215,
8,6,1,4,8,8,8,8,215,
8,7,1,4,8,8,8,1,155,
8,7,1,4,8,8,8,2,167,
8,7,1,4,8,8,8,3,179,
8,7,1,4,8,8,8,4,191,
8,7,1,4,8,8,8,5,203,
8,7,1,4,8,8,8,6,215,
8,7,1,4,8,8,8,7,220,
8,7,1,4,8,8,8,8,227,
8,8,1,4,8,8,8,1,155,
8,8,1,4,8,8,8,2,167,
8,8,1,4,8,8,8,3,179,
8,8,1,4,8,8,8,4,191,
8,8,1,4,8,8,8,5,203,
8,8,1,4,8,8,8,6,215,
8,8,1,4,8,8,8,7,227,
8,8,1,4,8,8,8,8,232,
8,1,1,5,8,8,8,1,167,
8,1,1,5,8,8,8,2,175,
8,1,1,5,8,8,8,3,175,
8,1,1,5,8,8,8,4,175,
8,1,1,5,8,8,8,5,175,
8,1,1,5,8,8,8,6,175,
8,1,1,5,8,8,8,7,175,
8,1,1,5,8,8,8,8,175,
8,2,1,5,8,8,8,1,175,
8,2,1,5,8,8,8,2,179,
8,2,1,5,8,8,8,3,187,
8,2,1,5,8,8,8,4,187,
8,2,1,5,8,8,8,5,187,
8,2,1,5,8,8,8,6,187,
8,2,1,5,8,8,8,7,187,
8,2,1,5,8,8,8,8,187,
8,3,1,5,8,8,8,1,175,
8,3,1,5,8,8,8,2,187,
8,3,1,5,8,8,8,3,191,
8,3,1,5,8,8,8,4,199,
8,3,1,5,8,8,8,5,199,
8,3,1,5,8,8,8,6,199,
8,3,1,5,8,8,8,7,199,
8,3,1,5,8,8,8,8,199,
8,4,1,5,8,8,8,1,175,
8,4,1,5,8,8,8,2,187,
8,4,1,5,8,8,8,3,199,
8,4,1,5,8,8,8,4,203,
8,4,1,5,8,8,8,5,211,
8,4,1,5,8,8,8,6,211,
8,4,1,5,8,8,8,7,211,
8,4,1,5,8,8,8,8,211,
8,5,1,5,8,8,8,1,175,
8,5,1,5,8,8,8,2,187,
8,5,1,5,8,8,8,3,199,
8,5,1,5,8,8,8,4,211,
8,5,1,5,8,8,8,5,215,
8,5,1,5,8,8,8,6,223,
8,5,1,5,8,8,8,7,223,
8,5,1,5,8,8,8,8,223,
8,6,1,5,8,8,8,1,175,
8,6,1,5,8,8,8,2,187,
8,6,1,5,8,8,8,3,199,
8,6,1,5,8,8,8,4,211,
8,6,1,5,8,8,8,5,223,
8,6,1,5,8,8,8,6,227,
8,6,1,5,8,8,8,7,235,
8,6,1,5,8,8,8,8,235,
8,7,1,5,8,8,8,1,175,
8,7,1,5,8,8,8,2,187,
8,7,1,5,8,8,8,3,199,
8,7,1,5,8,8,8,4,211,
8,7,1,5,8,8,8,5,223,
8,7,1,5,8,8,8,6,235,
8,7,1,5,8,8,8,7,239,
8,7,1,5,8,8,8,8,247,
8,8,1,5,8,8,8,1,175,
8,8,1,5,8,8,8,2,187,
8,8,1,5,8,8,8,3,199,
8,8,1,5,8,8,8,4,211,
8,8,1,5,8,8,8,5,223,
8,8,1,5,8,8,8,6,235,
8,8,1,5,8,8,8,7,247,
8,8,1,5,8,8,8,8,251,
8,1,1,6,8,8,8,1,186,
8,1,1,6,8,8,8,2,195,
8,1,1,6,8,8,8,3,195,
8,1,1,6,8,8,8,4,195,
8,1,1,6,8,8,8,5,195,
8,1,1,6,8,8,8,6,195,
8,1,1,6,8,8,8,7,195,
8,1,1,6,8,8,8,8,195,
8,2,1,6,8,8,8,1,195,
8,2,1,6,8,8,8,2,198,
8,2,1,6,8,8,8,3,207,
8,2,1,6,8,8,8,4,207,
8,2,1,6,8,8,8,5,207,
8,2,1,6,8,8,8,6,207,
8,2,1,6,8,8,8,7,207,
8,2,1,6,8,8,8,8,207,
8,3,1,6,8,8,8,1,195,
8,3,1,6,8,8,8,2,207,
8,3,1,6,8,8,8,3,210,
8,3,1,6,8,8,8,4,219,
8,3,1,6,8,8,8,5,219,
8,3,1,6,8,8,8,6,219,
8,3,1,6,8,8,8,7,219,
8,3,1,6,8,8,8,8,219,
8,4,1,6,8,8,8,1,195,
8,4,1,6,8,8,8,2,207,
8,4,1,6,8,8,8,3,219,
8,4,1,6,8,8,8,4,222,
8,4,1,6,8,8,8,5,231,
8,4,1,6,8,8,8,6,231,
8,4,1,6,8,8,8,7,231,
8,4,1,6,8,8,8,8,231,
8,5,1,6,8,8,8,1,195,
8,5,1,6,8,8,8,2,207,
8,5,1,6,8,8,8,3,219,
8,5,1,6,8,8,8,4,231,
8,5,1,6,8,8,8,5,234,
8,5,1,6,8,8,8,6,243,
8,5,1,6,8,8,8,7,243,
8,5,1,6,8,8,8,8,243,
8,6,1,6,8,8,8,1,195,
8,6,1,6,8,8,8,2,207,
8,6,1,6,8,8,8,3,219,
8,6,1,6,8,8,8,4,231,
8,6,1,6,8,8,8,5,243,
8,6,1,6,8,8,8,6,246,
8,6,1,6,8,8,8,7,255,
8,6,1,6,8,8,8,8,255,
8,7,1,6,8,8,8,1,195,
8,7,1,6,8,8,8,2,207,
8,7,1,6,8,8,8,3,219,
8,7,1,6,8,8,8,4,231,
8,7,1,6,8,8,8,5,243,
8,7,1,6,8,8,8,6,255,
8,7,1,6,8,8,8,7,258,
8,7,1,6,8,8,8,8,267,
8,8,1,6,8,8,8,1,195,
8,8,1,6,8,8,8,2,207,
8,8,1,6,8,8,8,3,219,
8,8,1,6,8,8,8,4,231,
8,8,1,6,8,8,8,5,243,
8,8,1,6,8,8,8,6,255,
8,8,1,6,8,8,8,7,267,
8,8,1,6,8,8,8,8,270,
8,1,1,7,8,8,8,1,205,
8,1,1,7,8,8,8,2,215,
8,1,1,7,8,8,8,3,215,
8,1,1,7,8,8,8,4,215,
8,1,1,7,8,8,8,5,215,
8,1,1,7,8,8,8,6,215,
8,1,1,7,8,8,8,7,215,
8,1,1,7,8,8,8,8,215,
8,2,1,7,8,8,8,1,215,
8,2,1,7,8,8,8,2,217,
8,2,1,7,8,8,8,3,227,
8,2,1,7,8,8,8,4,227,
8,2,1,7,8,8,8,5,227,
8,2,1,7,8,8,8,6,227,
8,2,1,7,8,8,8,7,227,
8,2,1,7,8,8,8,8,227,
8,3,1,7,8,8,8,1,215,
8,3,1,7,8,8,8,2,227,
8,3,1,7,8,8,8,3,229,
8,3,1,7,8,8,8,4,239,
8,3,1,7,8,8,8,5,239,
8,3,1,7,8,8,8,6,239,
8,3,1,7,8,8,8,7,239,
8,3,1,7,8,8,8,8,239,
8,4,1,7,8,8,8,1,215,
8,4,1,7,8,8,8,2,227,
8,4,1,7,8,8,8,3,239,
8,4,1,7,8,8,8,4,241,
8,4,1,7,8,8,8,5,251,
8,4,1,7,8,8,8,6,251,
8,4,1,7,8,8,8,7,251,
8,4,1,7,8,8,8,8,251,
8,5,1,7,8,8,8,1,215,
8,5,1,7,8,8,8,2,227,
8,5,1,7,8,8,8,3,239,
8,5,1,7,8,8,8,4,251,
8,5,1,7,8,8,8,5,253,
8,5,1,7,8,8,8,6,263,
8,5,1,7,8,8,8,7,263,
8,5,1,7,8,8,8,8,263,
8,6,1,7,8,8,8,1,215,
8,6,1,7,8,8,8,2,227,
8,6,1,7,8,8,8,3,239,
8,6,1,7,8,8,8,4,251,
8,6,1,7,8,8,8,5,263,
8,6,1,7,8,8,8,6,265,
8,6,1,7,8,8,8,7,275,
8,6,1,7,8,8,8,8,275,
8,7,1,7,8,8,8,1,215,
8,7,1,7,8,8,8,2,227,
8,7,1,7,8,8,8,3,239,
8,7,1,7,8,8,8,4,251,
8,7,1,7,8,8,8,5,263,
8,7,1,7,8,8,8,6,275,
8,7,1,7,8,8,8,7,277,
8,7,1,7,8,8,8,8,287,
8,8,1,7,8,8,8,1,215,
8,8,1,7,8,8,8,2,227,
8,8,1,7,8,8,8,3,239,
8,8,1,7,8,8,8,4,251,
8,8,1,7,8,8,8,5,263,
8,8,1,7,8,8,8,6,275,
8,8,1,7,8,8,8,7,287,
8,8,1,7,8,8,8,8,289,
8,1,1,8,8,8,8,1,224,
8,1,1,8,8,8,8,2,235,
8,1,1,8,8,8,8,3,235,
8,1,1,8,8,8,8,4,235,
8,1,1,8,8,8,8,5,235,
8,1,1,8,8,8,8,6,235,
8,1,1,8,8,8,8,7,235,
8,1,1,8,8,8,8,8,235,
8,2,1,8,8,8,8,1,235,
8,2,1,8,8,8,8,2,236,
8,2,1,8,8,8,8,3,247,
8,2,1,8,8,8,8,4,247,
8,2,1,8,8,8,8,5,247,
8,2,1,8,8,8,8,6,247,
8,2,1,8,8,8,8,7,247,
8,2,1,8,8,8,8,8,247,
8,3,1,8,8,8,8,1,235,
8,3,1,8,8,8,8,2,247,
8,3,1,8,8,8,8,3,248,
8,3,1,8,8,8,8,4,259,
8,3,1,8,8,8,8,5,259,
8,3,1,8,8,8,8,6,259,
8,3,1,8,8,8,8,7,259,
8,3,1,8,8,8,8,8,259,
8,4,1,8,8,8,8,1,235,
8,4,1,8,8,8,8,2,247,
8,4,1,8,8,8,8,3,259,
8,4,1,8,8,8,8,4,260,
8,4,1,8,8,8,8,5,271,
8,4,1,8,8,8,8,6,271,
8,4,1,8,8,8,8,7,271,
8,4,1,8,8,8,8,8,271,
8,5,1,8,8,8,8,1,235,
8,5,1,8,8,8,8,2,247,
8,5,1,8,8,8,8,3,259,
8,5,1,8,8,8,8,4,271,
8,5,1,8,8,8,8,5,272,
8,5,1,8,8,8,8,6,283,
8,5,1,8,8,8,8,7,283,
8,5,1,8,8,8,8,8,283,
8,6,1,8,8,8,8,1,235,
8,6,1,8,8,8,8,2,247,
8,6,1,8,8,8,8,3,259,
8,6,1,8,8,8,8,4,271,
8,6,1,8,8,8,8,5,283,
8,6,1,8,8,8,8,6,284,
8,6,1,8,8,8,8,7,295,
8,6,1,8,8,8,8,8,295,
8,7,1,8,8,8,8,1,235,
8,7,1,8,8,8,8,2,247,
8,7,1,8,8,8,8,3,259,
8,7,1,8,8,8,8,4,271,
8,7,1,8,8,8,8,5,283,
8,7,1,8,8,8,8,6,295,
8,7,1,8,8,8,8,7,296,
8,7,1,8,8,8,8,8,307,
8,8,1,8,8,8,8,1,235,
8,8,1,8,8,8,8,2,247,
8,8,1,8,8,8,8,3,259,
8,8,1,8,8,8,8,4,271,
8,8,1,8,8,8,8,5,283,
8,8,1,8,8,8,8,6,295,
8,8,1,8,8,8,8,7,307,
8,8,1,8,8,8,8,8,308,
8,1,2,1,8,8,8,1,110,
8,1,2,1,8,8,8,2,115,
8,1,2,1,8,8,8,3,115,
8,1,2,1,8,8,8,4,115,
8,1,2,1,8,8,8,5,115,
8,1,2,1,8,8,8,6,115,
8,1,2,1,8,8,8,7,115,
8,1,2,1,8,8,8,8,115,
8,2,2,1,8,8,8,1,115,
8,2,2,1,8,8,8,2,122,
8,2,2,1,8,8,8,3,127,
8,2,2,1,8,8,8,4,127,
8,2,2,1,8,8,8,5,127,
8,2,2,1,8,8,8,6,127,
8,2,2,1,8,8,8,7,127,
8,2,2,1,8,8,8,8,127,
8,3,2,1,8,8,8,1,115,
8,3,2,1,8,8,8,2,127,
8,3,2,1,8,8,8,3,134,
8,3,2,1,8,8,8,4,139,
8,3,2,1,8,8,8,5,139,
8,3,2,1,8,8,8,6,139,
8,3,2,1,8,8,8,7,139,
8,3,2,1,8,8,8,8,139,
8,4,2,1,8,8,8,1,115,
8,4,2,1,8,8,8,2,127,
8,4,2,1,8,8,8,3,139,
8,4,2,1,8,8,8,4,146,
8,4,2,1,8,8,8,5,151,
8,4,2,1,8,8,8,6,151,
8,4,2,1,8,8,8,7,151,
8,4,2,1,8,8,8,8,151,
8,5,2,1,8,8,8,1,115,
8,5,2,1,8,8,8,2,127,
8,5,2,1,8,8,8,3,139,
8,5,2,1,8,8,8,4,151,
8,5,2,1,8,8,8,5,158,
8,5,2,1,8,8,8,6,163,
8,5,2,1,8,8,8,7,163,
8,5,2,1,8,8,8,8,163,
8,6,2,1,8,8,8,1,115,
8,6,2,1,8,8,8,2,127,
8,6,2,1,8,8,8,3,139,
8,6,2,1,8,8,8,4,151,
8,6,2,1,8,8,8,5,163,
8,6,2,1,8,8,8,6,170,
8,6,2,1,8,8,8,7,175,
8,6,2,1,8,8,8,8,175,
8,7,2,1,8,8,8,1,115,
8,7,2,1,8,8,8,2,127,
8,7,2,1,8,8,8,3,139,
8,7,2,1,8,8,8,4,151,
8,7,2,1,8,8,8,5,163,
8,7,2,1,8,8,8,6,175,
8,7,2,1,8,8,8,7,182,
8,7,2,1,8,8,8,8,187,
8,8,2,1,8,8,8,1,115,
8,8,2,1,8,8,8,2,127,
8,8,2,1,8,8,8,3,139,
8,8,2,1,8,8,8,4,151,
8,8,2,1,8,8,8,5,163,
8,8,2,1,8,8,8,6,175,
8,8,2,1,8,8,8,7,187,
8,8,2,1,8,8,8,8,194,
8,1,2,2,8,8,8,1,148,
8,1,2,2,8,8,8,2,155,
8,1,2,2,8,8,8,3,155,
8,1,2,2,8,8,8,4,155,
8,1,2,2,8,8,8,5,155,
8,1,2,2,8,8,8,6,155,
8,1,2,2,8,8,8,7,155,
8,1,2,2,8,8,8,8,155,
8,2,2,2,8,8,8,1,155,
8,2,2,2,8,8,8,2,160,
8,2,2,2,8,8,8,3,167,
8,2,2,2,8,8,8,4,167,
8,2,2,2,8,8,8,5,167,
8,2,2,2,8,8,8,6,167,
8,2,2,2,8,8,8,7,167,
8,2,2,2,8,8,8,8,167,
8,3,2,2,8,8,8,1,155,
8,3,2,2,8,8,8,2,167,
8,3,2,2,8,8,8,3,172,
8,3,2,2,8,8,8,4,179,
8,3,2,2,8,8,8,5,179,
8,3,2,2,8,8,8,6,179,
8,3,2,2,8,8,8,7,179,
8,3,2,2,8,8,8,8,179,
8,4,2,2,8,8,8,1,155,
8,4,2,2,8,8,8,2,167,
8,4,2,2,8,8,8,3,179,
8,4,2,2,8,8,8,4,184,
8,4,2,2,8,8,8,5,191,
8,4,2,2,8,8,8,6,191,
8,4,2,2,8,8,8,7,191,
8,4,2,2,8,8,8,8,191,
8,5,2,2,8,8,8,1,155,
8,5,2,2,8,8,8,2,167,
8,5,2,2,8,8,8,3,179,
8,5,2,2,8,8,8,4,191,
8,5,2,2,8,8,8,5,196,
8,5,2,2,8,8,8,6,203,
8,5,2,2,8,8,8,7,203,
8,5,2,2,8,8,8,8,203,
8,6,2,2,8,8,8,1,155,
8,6,2,2,8,8,8,2,167,
8,6,2,2,8,8,8,3,179,
8,6,2,2,8,8,8,4,191,
8,6,2,2,8,8,8,5,203,
8,6,2,2,8,8,8,6,208,
8,6,2,2,8,8,8,7,215,
8,6,2,2,8,8,8,8,215,
8,7,2,2,8,8,8,1,155,
8,7,2,2,8,8,8,2,167,
8,7,2,2,8,8,8,3,179,
8,7,2,2,8,8,8,4,191,
8,7,2,2,8,8,8,5,203,
8,7,2,2,8,8,8,6,215,
8,7,2,2,8,8,8,7,220,
8,7,2,2,8,8,8,8,227,
8,8,2,2,8,8,8,1,155,
8,8,2,2,8,8,8,2,167,
8,8,2,2,8,8,8,3,179,
8,8,2,2,8,8,8,4,191,
8,8,2,2,8,8,8,5,203,
8,8,2,2,8,8,8,6,215,
8,8,2,2,8,8,8,7,227,
8,8,2,2,8,8,8,8,232,
8,1,2,3,8,8,8,1,186,
8,1,2,3,8,8,8,2,195,
8,1,2,3,8,8,8,3,195,
8,1,2,3,8,8,8,4,195,
8,1,2,3,8,8,8,5,195,
8,1,2,3,8,8,8,6,195,
8,1,2,3,8,8,8,7,195,
8,1,2,3,8,8,8,8,195,
8,2,2,3,8,8,8,1,195,
8,2,2,3,8,8,8,2,198,
8,2,2,3,8,8,8,3,207,
8,2,2,3,8,8,8,4,207,
8,2,2,3,8,8,8,5,207,
8,2,2,3,8,8,8,6,207,
8,2,2,3,8,8,8,7,207,
8,2,2,3,8,8,8,8,207,
8,3,2,3,8,8,8,1,195,
8,3,2,3,8,8,8,2,207,
8,3,2,3,8,8,8,3,210,
8,3,2,3,8,8,8,4,219,
8,3,2,3,8,8,8,5,219,
8,3,2,3,8,8,8,6,219,
8,3,2,3,8,8,8,7,219,
8,3,2,3,8,8,8,8,219,
8,4,2,3,8,8,8,1,195,
8,4,2,3,8,8,8,2,207,
8,4,2,3,8,8,8,3,219,
8,4,2,3,8,8,8,4,222,
8,4,2,3,8,8,8,5,231,
8,4,2,3,8,8,8,6,231,
8,4,2,3,8,8,8,7,231,
8,4,2,3,8,8,8,8,231,
8,5,2,3,8,8,8,1,195,
8,5,2,3,8,8,8,2,207,
8,5,2,3,8,8,8,3,219,
8,5,2,3,8,8,8,4,231,
8,5,2,3,8,8,8,5,234,
8,5,2,3,8,8,8,6,243,
8,5,2,3,8,8,8,7,243,
8,5,2,3,8,8,8,8,243,
8,6,2,3,8,8,8,1,195,
8,6,2,3,8,8,8,2,207,
8,6,2,3,8,8,8,3,219,
8,6,2,3,8,8,8,4,231,
8,6,2,3,8,8,8,5,243,
8,6,2,3,8,8,8,6,246,
8,6,2,3,8,8,8,7,255,
8,6,2,3,8,8,8,8,255,
8,7,2,3,8,8,8,1,195,
8,7,2,3,8,8,8,2,207,
8,7,2,3,8,8,8,3,219,
8,7,2,3,8,8,8,4,231,
8,7,2,3,8,8,8,5,243,
8,7,2,3,8,8,8,6,255,
8,7,2,3,8,8,8,7,258,
8,7,2,3,8,8,8,8,267,
8,8,2,3,8,8,8,1,195,
8,8,2,3,8,8,8,2,207,
8,8,2,3,8,8,8,3,219,
8,8,2,3,8,8,8,4,231,
8,8,2,3,8,8,8,5,243,
8,8,2,3,8,8,8,6,255,
8,8,2,3,8,8,8,7,267,
8,8,2,3,8,8,8,8,270,
8,1,2,4,8,8,8,1,224,
8,1,2,4,8,8,8,2,235,
8,1,2,4,8,8,8,3,235,
8,1,2,4,8,8,8,4,235,
8,1,2,4,8,8,8,5,235,
8,1,2,4,8,8,8,6,235,
8,1,2,4,8,8,8,7,235,
8,1,2,4,8,8,8,8,235,
8,2,2,4,8,8,8,1,235,
8,2,2,4,8,8,8,2,236,
8,2,2,4,8,8,8,3,247,
8,2,2,4,8,8,8,4,247,
8,2,2,4,8,8,8,5,247,
8,2,2,4,8,8,8,6,247,
8,2,2,4,8,8,8,7,247,
8,2,2,4,8,8,8,8,247,
8,3,2,4,8,8,8,1,235,
8,3,2,4,8,8,8,2,247,
8,3,2,4,8,8,8,3,248,
8,3,2,4,8,8,8,4,259,
8,3,2,4,8,8,8,5,259,
8,3,2,4,8,8,8,6,259,
8,3,2,4,8,8,8,7,259,
8,3,2,4,8,8,8,8,259,
8,4,2,4,8,8,8,1,235,
8,4,2,4,8,8,8,2,247,
8,4,2,4,8,8,8,3,259,
8,4,2,4,8,8,8,4,260,
8,4,2,4,8,8,8,5,271,
8,4,2,4,8,8,8,6,271,
8,4,2,4,8,8,8,7,271,
8,4,2,4,8,8,8,8,271,
8,5,2,4,8,8,8,1,235,
8,5,2,4,8,8,8,2,247,
8,5,2,4,8,8,8,3,259,
8,5,2,4,8,8,8,4,271,
8,5,2,4,8,8,8,5,272,
8,5,2,4,8,8,8,6,283,
8,5,2,4,8,8,8,7,283,
8,5,2,4,8,8,8,8,283,
8,6,2,4,8,8,8,1,235,
8,6,2,4,8,8,8,2,247,
8,6,2,4,8,8,8,3,259,
8,6,2,4,8,8,8,4,271,
8,6,2,4,8,8,8,5,283,
8,6,2,4,8,8,8,6,284,
8,6,2,4,8,8,8,7,295,
8,6,2,4,8,8,8,8,295,
8,7,2,4,8,8,8,1,235,
8,7,2,4,8,8,8,2,247,
8,7,2,4,8,8,8,3,259,
8,7,2,4,8,8,8,4,271,
8,7,2,4,8,8,8,5,283,
8,7,2,4,8,8,8,6,295,
8,7,2,4,8,8,8,7,296,
8,7,2,4,8,8,8,8,307,
8,8,2,4,8,8,8,1,235,
8,8,2,4,8,8,8,2,247,
8,8,2,4,8,8,8,3,259,
8,8,2,4,8,8,8,4,271,
8,8,2,4,8,8,8,5,283,
8,8,2,4,8,8,8,6,295,
8,8,2,4,8,8,8,7,307,
8,8,2,4,8,8,8,8,308,
8,1,2,5,8,8,8,1,262,
8,1,2,5,8,8,8,2,275,
8,1,2,5,8,8,8,3,275,
8,1,2,5,8,8,8,4,275,
8,1,2,5,8,8,8,5,275,
8,1,2,5,8,8,8,6,275,
8,1,2,5,8,8,8,7,275,
8,1,2,5,8,8,8,8,275,
8,2,2,5,8,8,8,1,275,
8,2,2,5,8,8,8,2,274,
8,2,2,5,8,8,8,3,287,
8,2,2,5,8,8,8,4,287,
8,2,2,5,8,8,8,5,287,
8,2,2,5,8,8,8,6,287,
8,2,2,5,8,8,8,7,287,
8,2,2,5,8,8,8,8,287,
8,3,2,5,8,8,8,1,275,
8,3,2,5,8,8,8,2,287,
8,3,2,5,8,8,8,3,286,
8,3,2,5,8,8,8,4,299,
8,3,2,5,8,8,8,5,299,
8,3,2,5,8,8,8,6,299,
8,3,2,5,8,8,8,7,299,
8,3,2,5,8,8,8,8,299,
8,4,2,5,8,8,8,1,275,
8,4,2,5,8,8,8,2,287,
8,4,2,5,8,8,8,3,299,
8,4,2,5,8,8,8,4,298,
8,4,2,5,8,8,8,5,311,
8,4,2,5,8,8,8,6,311,
8,4,2,5,8,8,8,7,311,
8,4,2,5,8,8,8,8,311,
8,5,2,5,8,8,8,1,275,
8,5,2,5,8,8,8,2,287,
8,5,2,5,8,8,8,3,299,
8,5,2,5,8,8,8,4,311,
8,5,2,5,8,8,8,5,310,
8,5,2,5,8,8,8,6,323,
8,5,2,5,8,8,8,7,323,
8,5,2,5,8,8,8,8,323,
8,6,2,5,8,8,8,1,275,
8,6,2,5,8,8,8,2,287,
8,6,2,5,8,8,8,3,299,
8,6,2,5,8,8,8,4,311,
8,6,2,5,8,8,8,5,323,
8,6,2,5,8,8,8,6,322,
8,6,2,5,8,8,8,7,335,
8,6,2,5,8,8,8,8,335,
8,7,2,5,8,8,8,1,275,
8,7,2,5,8,8,8,2,287,
8,7,2,5,8,8,8,3,299,
8,7,2,5,8,8,8,4,311,
8,7,2,5,8,8,8,5,323,
8,7,2,5,8,8,8,6,335,
8,7,2,5,8,8,8,7,334,
8,7,2,5,8,8,8,8,347,
8,8,2,5,8,8,8,1,275,
8,8,2,5,8,8,8,2,287,
8,8,2,5,8,8,8,3,299,
8,8,2,5,8,8,8,4,311,
8,8,2,5,8,8,8,5,323,
8,8,2,5,8,8,8,6,335,
8,8,2,5,8,8,8,7,347,
8,8,2,5,8,8,8,8,346,
8,1,2,6,8,8,8,1,300,
8,1,2,6,8,8,8,2,315,
8,1,2,6,8,8,8,3,315,
8,1,2,6,8,8,8,4,315,
8,1,2,6,8,8,8,5,315,
8,1,2,6,8,8,8,6,315,
8,1,2,6,8,8,8,7,315,
8,1,2,6,8,8,8,8,315,
8,2,2,6,8,8,8,1,315,
8,2,2,6,8,8,8,2,312,
8,2,2,6,8,8,8,3,327,
8,2,2,6,8,8,8,4,327,
8,2,2,6,8,8,8,5,327,
8,2,2,6,8,8,8,6,327,
8,2,2,6,8,8,8,7,327,
8,2,2,6,8,8,8,8,327,
8,3,2,6,8,8,8,1,315,
8,3,2,6,8,8,8,2,327,
8,3,2,6,8,8,8,3,324,
8,3,2,6,8,8,8,4,339,
8,3,2,6,8,8,8,5,339,
8,3,2,6,8,8,8,6,339,
8,3,2,6,8,8,8,7,339,
8,3,2,6,8,8,8,8,339,
8,4,2,6,8,8,8,1,315,
8,4,2,6,8,8,8,2,327,
8,4,2,6,8,8,8,3,339,
8,4,2,6,8,8,8,4,336,
8,4,2,6,8,8,8,5,351,
8,4,2,6,8,8,8,6,351,
8,4,2,6,8,8,8,7,351,
8,4,2,6,8,8,8,8,351,
8,5,2,6,8,8,8,1,315,
8,5,2,6,8,8,8,2,327,
8,5,2,6,8,8,8,3,339,
8,5,2,6,8,8,8,4,351,
8,5,2,6,8,8,8,5,348,
8,5,2,6,8,8,8,6,363,
8,5,2,6,8,8,8,7,363,
8,5,2,6,8,8,8,8,363,
8,6,2,6,8,8,8,1,315,
8,6,2,6,8,8,8,2,327,
8,6,2,6,8,8,8,3,339,
8,6,2,6,8,8,8,4,351,
8,6,2,6,8,8,8,5,363,
8,6,2,6,8,8,8,6,360,
8,6,2,6,8,8,8,7,375,
8,6,2,6,8,8,8,8,375,
8,7,2,6,8,8,8,1,315,
8,7,2,6,8,8,8,2,327,
8,7,2,6,8,8,8,3,339,
8,7,2,6,8,8,8,4,351,
8,7,2,6,8,8,8,5,363,
8,7,2,6,8,8,8,6,375,
8,7,2,6,8,8,8,7,372,
8,7,2,6,8,8,8,8,387,
8,8,2,6,8,8,8,1,315,
8,8,2,6,8,8,8,2,327,
8,8,2,6,8,8,8,3,339,
8,8,2,6,8,8,8,4,351,
8,8,2,6,8,8,8,5,363,
8,8,2,6,8,8,8,6,375,
8,8,2,6,8,8,8,7,387,
8,8,2,6,8,8,8,8,384,
8,1,2,7,8,8,8,1,338,
8,1,2,7,8,8,8,2,355,
8,1,2,7,8,8,8,3,355,
8,1,2,7,8,8,8,4,355,
8,1,2,7,8,8,8,5,355,
8,1,2,7,8,8,8,6,355,
8,1,2,7,8,8,8,7,355,
8,1,2,7,8,8,8,8,355,
8,2,2,7,8,8,8,1,355,
8,2,2,7,8,8,8,2,350,
8,2,2,7,8,8,8,3,367,
8,2,2,7,8,8,8,4,367,
8,2,2,7,8,8,8,5,367,
8,2,2,7,8,8,8,6,367,
8,2,2,7,8,8,8,7,367,
8,2,2,7,8,8,8,8,367,
8,3,2,7,8,8,8,1,355,
8,3,2,7,8,8,8,2,367,
8,3,2,7,8,8,8,3,362,
8,3,2,7,8,8,8,4,379,
8,3,2,7,8,8,8,5,379,
8,3,2,7,8,8,8,6,379,
8,3,2,7,8,8,8,7,379,
8,3,2,7,8,8,8,8,379,
8,4,2,7,8,8,8,1,355,
8,4,2,7,8,8,8,2,367,
8,4,2,7,8,8,8,3,379,
8,4,2,7,8,8,8,4,374,
8,4,2,7,8,8,8,5,391,
8,4,2,7,8,8,8,6,391,
8,4,2,7,8,8,8,7,391,
8,4,2,7,8,8,8,8,391,
8,5,2,7,8,8,8,1,355,
8,5,2,7,8,8,8,2,367,
8,5,2,7,8,8,8,3,379,
8,5,2,7,8,8,8,4,391,
8,5,2,7,8,8,8,5,386,
8,5,2,7,8,8,8,6,403,
8,5,2,7,8,8,8,7,403,
8,5,2,7,8,8,8,8,403,
8,6,2,7,8,8,8,1,355,
8,6,2,7,8,8,8,2,367,
8,6,2,7,8,8,8,3,379,
8,6,2,7,8,8,8,4,391,
8,6,2,7,8,8,8,5,403,
8,6,2,7,8,8,8,6,398,
8,6,2,7,8,8,8,7,415,
8,6,2,7,8,8,8,8,415,
8,7,2,7,8,8,8,1,355,
8,7,2,7,8,8,8,2,367,
8,7,2,7,8,8,8,3,379,
8,7,2,7,8,8,8,4,391,
8,7,2,7,8,8,8,5,403,
8,7,2,7,8,8,8,6,415,
8,7,2,7,8,8,8,7,410,
8,7,2,7,8,8,8,8,427,
8,8,2,7,8,8,8,1,355,
8,8,2,7,8,8,8,2,367,
8,8,2,7,8,8,8,3,379,
8,8,2,7,8,8,8,4,391,
8,8,2,7,8,8,8,5,403,
8,8,2,7,8,8,8,6,415,
8,8,2,7,8,8,8,7,427,
8,8,2,7,8,8,8,8,422,
8,1,2,8,8,8,8,1,376,
8,1,2,8,8,8,8,2,395,
8,1,2,8,8,8,8,3,395,
8,1,2,8,8,8,8,4,395,
8,1,2,8,8,8,8,5,395,
8,1,2,8,8,8,8,6,395,
8,1,2,8,8,8,8,7,395,
8,1,2,8,8,8,8,8,395,
8,2,2,8,8,8,8,1,395,
8,2,2,8,8,8,8,2,388,
8,2,2,8,8,8,8,3,407,
8,2,2,8,8,8,8,4,407,
8,2,2,8,8,8,8,5,407,
8,2,2,8,8,8,8,6,407,
8,2,2,8,8,8,8,7,407,
8,2,2,8,8,8,8,8,407,
8,3,2,8,8,8,8,1,395,
8,3,2,8,8,8,8,2,407,
8,3,2,8,8,8,8,3,400,
8,3,2,8,8,8,8,4,419,
8,3,2,8,8,8,8,5,419,
8,3,2,8,8,8,8,6,419,
8,3,2,8,8,8,8,7,419,
8,3,2,8,8,8,8,8,419,
8,4,2,8,8,8,8,1,395,
8,4,2,8,8,8,8,2,407,
8,4,2,8,8,8,8,3,419,
8,4,2,8,8,8,8,4,412,
8,4,2,8,8,8,8,5,431,
8,4,2,8,8,8,8,6,431,
8,4,2,8,8,8,8,7,431,
8,4,2,8,8,8,8,8,431,
8,5,2,8,8,8,8,1,395,
8,5,2,8,8,8,8,2,407,
8,5,2,8,8,8,8,3,419,
8,5,2,8,8,8,8,4,431,
8,5,2,8,8,8,8,5,424,
8,5,2,8,8,8,8,6,443,
8,5,2,8,8,8,8,7,443,
8,5,2,8,8,8,8,8,443,
8,6,2,8,8,8,8,1,395,
8,6,2,8,8,8,8,2,407,
8,6,2,8,8,8,8,3,419,
8,6,2,8,8,8,8,4,431,
8,6,2,8,8,8,8,5,443,
8,6,2,8,8,8,8,6,436,
8,6,2,8,8,8,8,7,455,
8,6,2,8,8,8,8,8,455,
8,7,2,8,8,8,8,1,395,
8,7,2,8,8,8,8,2,407,
8,7,2,8,8,8,8,3,419,
8,7,2,8,8,8,8,4,431,
8,7,2,8,8,8,8,5,443,
8,7,2,8,8,8,8,6,455,
8,7,2,8,8,8,8,7,448,
8,7,2,8,8,8,8,8,467,
8,8,2,8,8,8,8,1,395,
8,8,2,8,8,8,8,2,407,
8,8,2,8,8,8,8,3,419,
8,8,2,8,8,8,8,4,431,
8,8,2,8,8,8,8,5,443,
8,8,2,8,8,8,8,6,455,
8,8,2,8,8,8,8,7,467,
8,8,2,8,8,8,8,8,460,
8,1,3,1,8,8,8,1,129,
8,1,3,1,8,8,8,2,135,
8,1,3,1,8,8,8,3,135,
8,1,3,1,8,8,8,4,135,
8,1,3,1,8,8,8,5,135,
8,1,3,1,8,8,8,6,135,
8,1,3,1,8,8,8,7,135,
8,1,3,1,8,8,8,8,135,
8,2,3,1,8,8,8,1,135,
8,2,3,1,8,8,8,2,141,
8,2,3,1,8,8,8,3,147,
8,2,3,1,8,8,8,4,147,
8,2,3,1,8,8,8,5,147,
8,2,3,1,8,8,8,6,147,
8,2,3,1,8,8,8,7,147,
8,2,3,1,8,8,8,8,147,
8,3,3,1,8,8,8,1,135,
8,3,3,1,8,8,8,2,147,
8,3,3,1,8,8,8,3,153,
8,3,3,1,8,8,8,4,159,
8,3,3,1,8,8,8,5,159,
8,3,3,1,8,8,8,6,159,
8,3,3,1,8,8,8,7,159,
8,3,3,1,8,8,8,8,159,
8,4,3,1,8,8,8,1,135,
8,4,3,1,8,8,8,2,147,
8,4,3,1,8,8,8,3,159,
8,4,3,1,8,8,8,4,165,
8,4,3,1,8,8,8,5,171,
8,4,3,1,8,8,8,6,171,
8,4,3,1,8,8,8,7,171,
8,4,3,1,8,8,8,8,171,
8,5,3,1,8,8,8,1,135,
8,5,3,1,8,8,8,2,147,
8,5,3,1,8,8,8,3,159,
8,5,3,1,8,8,8,4,171,
8,5,3,1,8,8,8,5,177,
8,5,3,1,8,8,8,6,183,
8,5,3,1,8,8,8,7,183,
8,5,3,1,8,8,8,8,183,
8,6,3,1,8,8,8,1,135,
8,6,3,1,8,8,8,2,147,
8,6,3,1,8,8,8,3,159,
8,6,3,1,8,8,8,4,171,
8,6,3,1,8,8,8,5,183,
8,6,3,1,8,8,8,6,189,
8,6,3,1,8,8,8,7,195,
8,6,3,1,8,8,8,8,195,
8,7,3,1,8,8,8,1,135,
8,7,3,1,8,8,8,2,147,
8,7,3,1,8,8,8,3,159,
8,7,3,1,8,8,8,4,171,
8,7,3,1,8,8,8,5,183,
8,7,3,1,8,8,8,6,195,
8,7,3,1,8,8,8,7,201,
8,7,3,1,8,8,8,8,207,
8,8,3,1,8,8,8,1,135,
8,8,3,1,8,8,8,2,147,
8,8,3,1,8,8,8,3,159,
8,8,3,1,8,8,8,4,171,
8,8,3,1,8,8,8,5,183,
8,8,3,1,8,8,8,6,195,
8,8,3,1,8,8,8,7,207,
8,8,3,1,8,8,8,8,213,
8,1,3,2,8,8,8,1,186,
8,1,3,2,8,8,8,2,195,
8,1,3,2,8,8,8,3,195,
8,1,3,2,8,8,8,4,195,
8,1,3,2,8,8,8,5,195,
8,1,3,2,8,8,8,6,195,
8,1,3,2,8,8,8,7,195,
8,1,3,2,8,8,8,8,195,
8,2,3,2,8,8,8,1,195,
8,2,3,2,8,8,8,2,198,
8,2,3,2,8,8,8,3,207,
8,2,3,2,8,8,8,4,207,
8,2,3,2,8,8,8,5,207,
8,2,3,2,8,8,8,6,207,
8,2,3,2,8,8,8,7,207,
8,2,3,2,8,8,8,8,207,
8,3,3,2,8,8,8,1,195,
8,3,3,2,8,8,8,2,207,
8,3,3,2,8,8,8,3,210,
8,3,3,2,8,8,8,4,219,
8,3,3,2,8,8,8,5,219,
8,3,3,2,8,8,8,6,219,
8,3,3,2,8,8,8,7,219,
8,3,3,2,8,8,8,8,219,
8,4,3,2,8,8,8,1,195,
8,4,3,2,8,8,8,2,207,
8,4,3,2,8,8,8,3,219,
8,4,3,2,8,8,8,4,222,
8,4,3,2,8,8,8,5,231,
8,4,3,2,8,8,8,6,231,
8,4,3,2,8,8,8,7,231,
8,4,3,2,8,8,8,8,231,
8,5,3,2,8,8,8,1,195,
8,5,3,2,8,8,8,2,207,
8,5,3,2,8,8,8,3,219,
8,5,3,2,8,8,8,4,231,
8,5,3,2,8,8,8,5,234,
8,5,3,2,8,8,8,6,243,
8,5,3,2,8,8,8,7,243,
8,5,3,2,8,8,8,8,243,
8,6,3,2,8,8,8,1,195,
8,6,3,2,8,8,8,2,207,
8,6,3,2,8,8,8,3,219,
8,6,3,2,8,8,8,4,231,
8,6,3,2,8,8,8,5,243,
8,6,3,2,8,8,8,6,246,
8,6,3,2,8,8,8,7,255,
8,6,3,2,8,8,8,8,255,
8,7,3,2,8,8,8,1,195,
8,7,3,2,8,8,8,2,207,
8,7,3,2,8,8,8,3,219,
8,7,3,2,8,8,8,4,231,
8,7,3,2,8,8,8,5,243,
8,7,3,2,8,8,8,6,255,
8,7,3,2,8,8,8,7,258,
8,7,3,2,8,8,8,8,267,
8,8,3,2,8,8,8,1,195,
8,8,3,2,8,8,8,2,207,
8,8,3,2,8,8,8,3,219,
8,8,3,2,8,8,8,4,231,
8,8,3,2,8,8,8,5,243,
8,8,3,2,8,8,8,6,255,
8,8,3,2,8,8,8,7,267,
8,8,3,2,8,8,8,8,270,
8,1,3,3,8,8,8,1,243,
8,1,3,3,8,8,8,2,255,
8,1,3,3,8,8,8,3,255,
8,1,3,3,8,8,8,4,255,
8,1,3,3,8,8,8,5,255,
8,1,3,3,8,8,8,6,255,
8,1,3,3,8,8,8,7,255,
8,1,3,3,8,8,8,8,255,
8,2,3,3,8,8,8,1,255,
8,2,3,3,8,8,8,2,255,
8,2,3,3,8,8,8,3,267,
8,2,3,3,8,8,8,4,267,
8,2,3,3,8,8,8,5,267,
8,2,3,3,8,8,8,6,267,
8,2,3,3,8,8,8,7,267,
8,2,3,3,8,8,8,8,267,
8,3,3,3,8,8,8,1,255,
8,3,3,3,8,8,8,2,267,
8,3,3,3,8,8,8,3,267,
8,3,3,3,8,8,8,4,279,
8,3,3,3,8,8,8,5,279,
8,3,3,3,8,8,8,6,279,
8,3,3,3,8,8,8,7,279,
8,3,3,3,8,8,8,8,279,
8,4,3,3,8,8,8,1,255,
8,4,3,3,8,8,8,2,267,
8,4,3,3,8,8,8,3,279,
8,4,3,3,8,8,8,4,279,
8,4,3,3,8,8,8,5,291,
8,4,3,3,8,8,8,6,291,
8,4,3,3,8,8,8,7,291,
8,4,3,3,8,8,8,8,291,
8,5,3,3,8,8,8,1,255,
8,5,3,3,8,8,8,2,267,
8,5,3,3,8,8,8,3,279,
8,5,3,3,8,8,8,4,291,
8,5,3,3,8,8,8,5,291,
8,5,3,3,8,8,8,6,303,
8,5,3,3,8,8,8,7,303,
8,5,3,3,8,8,8,8,303,
8,6,3,3,8,8,8,1,255,
8,6,3,3,8,8,8,2,267,
8,6,3,3,8,8,8,3,279,
8,6,3,3,8,8,8,4,291,
8,6,3,3,8,8,8,5,303,
8,6,3,3,8,8,8,6,303,
8,6,3,3,8,8,8,7,315,
8,6,3,3,8,8,8,8,315,
8,7,3,3,8,8,8,1,255,
8,7,3,3,8,8,8,2,267,
8,7,3,3,8,8,8,3,279,
8,7,3,3,8,8,8,4,291,
8,7,3,3,8,8,8,5,303,
8,7,3,3,8,8,8,6,315,
8,7,3,3,8,8,8,7,315,
8,7,3,3,8,8,8,8,327,
8,8,3,3,8,8,8,1,255,
8,8,3,3,8,8,8,2,267,
8,8,3,3,8,8,8,3,279,
8,8,3,3,8,8,8,4,291,
8,8,3,3,8,8,8,5,303,
8,8,3,3,8,8,8,6,315,
8,8,3,3,8,8,8,7,327,
8,8,3,3,8,8,8,8,327,
8,1,3,4,8,8,8,1,300,
8,1,3,4,8,8,8,2,315,
8,1,3,4,8,8,8,3,315,
8,1,3,4,8,8,8,4,315,
8,1,3,4,8,8,8,5,315,
8,1,3,4,8,8,8,6,315,
8,1,3,4,8,8,8,7,315,
8,1,3,4,8,8,8,8,315,
8,2,3,4,8,8,8,1,315,
8,2,3,4,8,8,8,2,312,
8,2,3,4,8,8,8,3,327,
8,2,3,4,8,8,8,4,327,
8,2,3,4,8,8,8,5,327,
8,2,3,4,8,8,8,6,327,
8,2,3,4,8,8,8,7,327,
8,2,3,4,8,8,8,8,327,
8,3,3,4,8,8,8,1,315,
8,3,3,4,8,8,8,2,327,
8,3,3,4,8,8,8,3,324,
8,3,3,4,8,8,8,4,339,
8,3,3,4,8,8,8,5,339,
8,3,3,4,8,8,8,6,339,
8,3,3,4,8,8,8,7,339,
8,3,3,4,8,8,8,8,339,
8,4,3,4,8,8,8,1,315,
8,4,3,4,8,8,8,2,327,
8,4,3,4,8,8,8,3,339,
8,4,3,4,8,8,8,4,336,
8,4,3,4,8,8,8,5,351,
8,4,3,4,8,8,8,6,351,
8,4,3,4,8,8,8,7,351,
8,4,3,4,8,8,8,8,351,
8,5,3,4,8,8,8,1,315,
8,5,3,4,8,8,8,2,327,
8,5,3,4,8,8,8,3,339,
8,5,3,4,8,8,8,4,351,
8,5,3,4,8,8,8,5,348,
8,5,3,4,8,8,8,6,363,
8,5,3,4,8,8,8,7,363,
8,5,3,4,8,8,8,8,363,
8,6,3,4,8,8,8,1,315,
8,6,3,4,8,8,8,2,327,
8,6,3,4,8,8,8,3,339,
8,6,3,4,8,8,8,4,351,
8,6,3,4,8,8,8,5,363,
8,6,3,4,8,8,8,6,360,
8,6,3,4,8,8,8,7,375,
8,6,3,4,8,8,8,8,375,
8,7,3,4,8,8,8,1,315,
8,7,3,4,8,8,8,2,327,
8,7,3,4,8,8,8,3,339,
8,7,3,4,8,8,8,4,351,
8,7,3,4,8,8,8,5,363,
8,7,3,4,8,8,8,6,375,
8,7,3,4,8,8,8,7,372,
8,7,3,4,8,8,8,8,387,
8,8,3,4,8,8,8,1,315,
8,8,3,4,8,8,8,2,327,
8,8,3,4,8,8,8,3,339,
8,8,3,4,8,8,8,4,351,
8,8,3,4,8,8,8,5,363,
8,8,3,4,8,8,8,6,375,
8,8,3,4,8,8,8,7,387,
8,8,3,4,8,8,8,8,384,
8,1,3,5,8,8,8,1,357,
8,1,3,5,8,8,8,2,375,
8,1,3,5,8,8,8,3,375,
8,1,3,5,8,8,8,4,375,
8,1,3,5,8,8,8,5,375,
8,1,3,5,8,8,8,6,375,
8,1,3,5,8,8,8,7,375,
8,1,3,5,8,8,8,8,375,
8,2,3,5,8,8,8,1,375,
8,2,3,5,8,8,8,2,369,
8,2,3,5,8,8,8,3,387,
8,2,3,5,8,8,8,4,387,
8,2,3,5,8,8,8,5,387,
8,2,3,5,8,8,8,6,387,
8,2,3,5,8,8,8,7,387,
8,2,3,5,8,8,8,8,387,
8,3,3,5,8,8,8,1,375,
8,3,3,5,8,8,8,2,387,
8,3,3,5,8,8,8,3,381,
8,3,3,5,8,8,8,4,399,
8,3,3,5,8,8,8,5,399,
8,3,3,5,8,8,8,6,399,
8,3,3,5,8,8,8,7,399,
8,3,3,5,8,8,8,8,399,
8,4,3,5,8,8,8,1,375,
8,4,3,5,8,8,8,2,387,
8,4,3,5,8,8,8,3,399,
8,4,3,5,8,8,8,4,393,
8,4,3,5,8,8,8,5,411,
8,4,3,5,8,8,8,6,411,
8,4,3,5,8,8,8,7,411,
8,4,3,5,8,8,8,8,411,
8,5,3,5,8,8,8,1,375,
8,5,3,5,8,8,8,2,387,
8,5,3,5,8,8,8,3,399,
8,5,3,5,8,8,8,4,411,
8,5,3,5,8,8,8,5,405,
8,5,3,5,8,8,8,6,423,
8,5,3,5,8,8,8,7,423,
8,5,3,5,8,8,8,8,423,
8,6,3,5,8,8,8,1,375,
8,6,3,5,8,8,8,2,387,
8,6,3,5,8,8,8,3,399,
8,6,3,5,8,8,8,4,411,
8,6,3,5,8,8,8,5,423,
8,6,3,5,8,8,8,6,417,
8,6,3,5,8,8,8,7,435,
8,6,3,5,8,8,8,8,435,
8,7,3,5,8,8,8,1,375,
8,7,3,5,8,8,8,2,387,
8,7,3,5,8,8,8,3,399,
8,7,3,5,8,8,8,4,411,
8,7,3,5,8,8,8,5,423,
8,7,3,5,8,8,8,6,435,
8,7,3,5,8,8,8,7,429,
8,7,3,5,8,8,8,8,447,
8,8,3,5,8,8,8,1,375,
8,8,3,5,8,8,8,2,387,
8,8,3,5,8,8,8,3,399,
8,8,3,5,8,8,8,4,411,
8,8,3,5,8,8,8,5,423,
8,8,3,5,8,8,8,6,435,
8,8,3,5,8,8,8,7,447,
8,8,3,5,8,8,8,8,441,
8,1,3,6,8,8,8,1,414,
8,1,3,6,8,8,8,2,435,
8,1,3,6,8,8,8,3,435,
8,1,3,6,8,8,8,4,435,
8,1,3,6,8,8,8,5,435,
8,1,3,6,8,8,8,6,435,
8,1,3,6,8,8,8,7,435,
8,1,3,6,8,8,8,8,435,
8,2,3,6,8,8,8,1,435,
8,2,3,6,8,8,8,2,426,
8,2,3,6,8,8,8,3,447,
8,2,3,6,8,8,8,4,447,
8,2,3,6,8,8,8,5,447,
8,2,3,6,8,8,8,6,447,
8,2,3,6,8,8,8,7,447,
8,2,3,6,8,8,8,8,447,
8,3,3,6,8,8,8,1,435,
8,3,3,6,8,8,8,2,447,
8,3,3,6,8,8,8,3,438,
8,3,3,6,8,8,8,4,459,
8,3,3,6,8,8,8,5,459,
8,3,3,6,8,8,8,6,459,
8,3,3,6,8,8,8,7,459,
8,3,3,6,8,8,8,8,459,
8,4,3,6,8,8,8,1,435,
8,4,3,6,8,8,8,2,447,
8,4,3,6,8,8,8,3,459,
8,4,3,6,8,8,8,4,450,
8,4,3,6,8,8,8,5,471,
8,4,3,6,8,8,8,6,471,
8,4,3,6,8,8,8,7,471,
8,4,3,6,8,8,8,8,471,
8,5,3,6,8,8,8,1,435,
8,5,3,6,8,8,8,2,447,
8,5,3,6,8,8,8,3,459,
8,5,3,6,8,8,8,4,471,
8,5,3,6,8,8,8,5,462,
8,5,3,6,8,8,8,6,483,
8,5,3,6,8,8,8,7,483,
8,5,3,6,8,8,8,8,483,
8,6,3,6,8,8,8,1,435,
8,6,3,6,8,8,8,2,447,
8,6,3,6,8,8,8,3,459,
8,6,3,6,8,8,8,4,471,
8,6,3,6,8,8,8,5,483,
8,6,3,6,8,8,8,6,474,
8,6,3,6,8,8,8,7,495,
8,6,3,6,8,8,8,8,495,
8,7,3,6,8,8,8,1,435,
8,7,3,6,8,8,8,2,447,
8,7,3,6,8,8,8,3,459,
8,7,3,6,8,8,8,4,471,
8,7,3,6,8,8,8,5,483,
8,7,3,6,8,8,8,6,495,
8,7,3,6,8,8,8,7,486,
8,7,3,6,8,8,8,8,507,
8,8,3,6,8,8,8,1,435,
8,8,3,6,8,8,8,2,447,
8,8,3,6,8,8,8,3,459,
8,8,3,6,8,8,8,4,471,
8,8,3,6,8,8,8,5,483,
8,8,3,6,8,8,8,6,495,
8,8,3,6,8,8,8,7,507,
8,8,3,6,8,8,8,8,498,
8,1,3,7,8,8,8,1,471,
8,1,3,7,8,8,8,2,495,
8,1,3,7,8,8,8,3,495,
8,1,3,7,8,8,8,4,495,
8,1,3,7,8,8,8,5,495,
8,1,3,7,8,8,8,6,495,
8,1,3,7,8,8,8,7,495,
8,1,3,7,8,8,8,8,495,
8,2,3,7,8,8,8,1,495,
8,2,3,7,8,8,8,2,483,
8,2,3,7,8,8,8,3,507,
8,2,3,7,8,8,8,4,507,
8,2,3,7,8,8,8,5,507,
8,2,3,7,8,8,8,6,507,
8,2,3,7,8,8,8,7,507,
8,2,3,7,8,8,8,8,507,
8,3,3,7,8,8,8,1,495,
8,3,3,7,8,8,8,2,507,
8,3,3,7,8,8,8,3,495,
8,3,3,7,8,8,8,4,519,
8,3,3,7,8,8,8,5,519,
8,3,3,7,8,8,8,6,519,
8,3,3,7,8,8,8,7,519,
8,3,3,7,8,8,8,8,519,
8,4,3,7,8,8,8,1,495,
8,4,3,7,8,8,8,2,507,
8,4,3,7,8,8,8,3,519,
8,4,3,7,8,8,8,4,507,
8,4,3,7,8,8,8,5,531,
8,4,3,7,8,8,8,6,531,
8,4,3,7,8,8,8,7,531,
8,4,3,7,8,8,8,8,531,
8,5,3,7,8,8,8,1,495,
8,5,3,7,8,8,8,2,507,
8,5,3,7,8,8,8,3,519,
8,5,3,7,8,8,8,4,531,
8,5,3,7,8,8,8,5,519,
8,5,3,7,8,8,8,6,543,
8,5,3,7,8,8,8,7,543,
8,5,3,7,8,8,8,8,543,
8,6,3,7,8,8,8,1,495,
8,6,3,7,8,8,8,2,507,
8,6,3,7,8,8,8,3,519,
8,6,3,7,8,8,8,4,531,
8,6,3,7,8,8,8,5,543,
8,6,3,7,8,8,8,6,531,
8,6,3,7,8,8,8,7,555,
8,6,3,7,8,8,8,8,555,
8,7,3,7,8,8,8,1,495,
8,7,3,7,8,8,8,2,507,
8,7,3,7,8,8,8,3,519,
8,7,3,7,8,8,8,4,531,
8,7,3,7,8,8,8,5,543,
8,7,3,7,8,8,8,6,555,
8,7,3,7,8,8,8,7,543,
8,7,3,7,8,8,8,8,567,
8,8,3,7,8,8,8,1,495,
8,8,3,7,8,8,8,2,507,
8,8,3,7,8,8,8,3,519,
8,8,3,7,8,8,8,4,531,
8,8,3,7,8,8,8,5,543,
8,8,3,7,8,8,8,6,555,
8,8,3,7,8,8,8,7,567,
8,8,3,7,8,8,8,8,555,
8,1,3,8,8,8,8,1,528,
8,1,3,8,8,8,8,2,555,
8,1,3,8,8,8,8,3,555,
8,1,3,8,8,8,8,4,555,
8,1,3,8,8,8,8,5,555,
8,1,3,8,8,8,8,6,555,
8,1,3,8,8,8,8,7,555,
8,1,3,8,8,8,8,8,555,
8,2,3,8,8,8,8,1,555,
8,2,3,8,8,8,8,2,540,
8,2,3,8,8,8,8,3,567,
8,2,3,8,8,8,8,4,567,
8,2,3,8,8,8,8,5,567,
8,2,3,8,8,8,8,6,567,
8,2,3,8,8,8,8,7,567,
8,2,3,8,8,8,8,8,567,
8,3,3,8,8,8,8,1,555,
8,3,3,8,8,8,8,2,567,
8,3,3,8,8,8,8,3,552,
8,3,3,8,8,8,8,4,579,
8,3,3,8,8,8,8,5,579,
8,3,3,8,8,8,8,6,579,
8,3,3,8,8,8,8,7,579,
8,3,3,8,8,8,8,8,579,
8,4,3,8,8,8,8,1,555,
8,4,3,8,8,8,8,2,567,
8,4,3,8,8,8,8,3,579,
8,4,3,8,8,8,8,4,564,
8,4,3,8,8,8,8,5,591,
8,4,3,8,8,8,8,6,591,
8,4,3,8,8,8,8,7,591,
8,4,3,8,8,8,8,8,591,
8,5,3,8,8,8,8,1,555,
8,5,3,8,8,8,8,2,567,
8,5,3,8,8,8,8,3,579,
8,5,3,8,8,8,8,4,591,
8,5,3,8,8,8,8,5,576,
8,5,3,8,8,8,8,6,603,
8,5,3,8,8,8,8,7,603,
8,5,3,8,8,8,8,8,603,
8,6,3,8,8,8,8,1,555,
8,6,3,8,8,8,8,2,567,
8,6,3,8,8,8,8,3,579,
8,6,3,8,8,8,8,4,591,
8,6,3,8,8,8,8,5,603,
8,6,3,8,8,8,8,6,588,
8,6,3,8,8,8,8,7,615,
8,6,3,8,8,8,8,8,615,
8,7,3,8,8,8,8,1,555,
8,7,3,8,8,8,8,2,567,
8,7,3,8,8,8,8,3,579,
8,7,3,8,8,8,8,4,591,
8,7,3,8,8,8,8,5,603,
8,7,3,8,8,8,8,6,615,
8,7,3,8,8,8,8,7,600,
8,7,3,8,8,8,8,8,627,
8,8,3,8,8,8,8,1,555,
8,8,3,8,8,8,8,2,567,
8,8,3,8,8,8,8,3,579,
8,8,3,8,8,8,8,4,591,
8,8,3,8,8,8,8,5,603,
8,8,3,8,8,8,8,6,615,
8,8,3,8,8,8,8,7,627,
8,8,3,8,8,8,8,8,612,
8,1,4,1,8,8,8,1,148,
8,1,4,1,8,8,8,2,155,
8,1,4,1,8,8,8,3,155,
8,1,4,1,8,8,8,4,155,
8,1,4,1,8,8,8,5,155,
8,1,4,1,8,8,8,6,155,
8,1,4,1,8,8,8,7,155,
8,1,4,1,8,8,8,8,155,
8,2,4,1,8,8,8,1,155,
8,2,4,1,8,8,8,2,160,
8,2,4,1,8,8,8,3,167,
8,2,4,1,8,8,8,4,167,
8,2,4,1,8,8,8,5,167,
8,2,4,1,8,8,8,6,167,
8,2,4,1,8,8,8,7,167,
8,2,4,1,8,8,8,8,167,
8,3,4,1,8,8,8,1,155,
8,3,4,1,8,8,8,2,167,
8,3,4,1,8,8,8,3,172,
8,3,4,1,8,8,8,4,179,
8,3,4,1,8,8,8,5,179,
8,3,4,1,8,8,8,6,179,
8,3,4,1,8,8,8,7,179,
8,3,4,1,8,8,8,8,179,
8,4,4,1,8,8,8,1,155,
8,4,4,1,8,8,8,2,167,
8,4,4,1,8,8,8,3,179,
8,4,4,1,8,8,8,4,184,
8,4,4,1,8,8,8,5,191,
8,4,4,1,8,8,8,6,191,
8,4,4,1,8,8,8,7,191,
8,4,4,1,8,8,8,8,191,
8,5,4,1,8,8,8,1,155,
8,5,4,1,8,8,8,2,167,
8,5,4,1,8,8,8,3,179,
8,5,4,1,8,8,8,4,191,
8,5,4,1,8,8,8,5,196,
8,5,4,1,8,8,8,6,203,
8,5,4,1,8,8,8,7,203,
8,5,4,1,8,8,8,8,203,
8,6,4,1,8,8,8,1,155,
8,6,4,1,8,8,8,2,167,
8,6,4,1,8,8,8,3,179,
8,6,4,1,8,8,8,4,191,
8,6,4,1,8,8,8,5,203,
8,6,4,1,8,8,8,6,208,
8,6,4,1,8,8,8,7,215,
8,6,4,1,8,8,8,8,215,
8,7,4,1,8,8,8,1,155,
8,7,4,1,8,8,8,2,167,
8,7,4,1,8,8,8,3,179,
8,7,4,1,8,8,8,4,191,
8,7,4,1,8,8,8,5,203,
8,7,4,1,8,8,8,6,215,
8,7,4,1,8,8,8,7,220,
8,7,4,1,8,8,8,8,227,
8,8,4,1,8,8,8,1,155,
8,8,4,1,8,8,8,2,167,
8,8,4,1,8,8,8,3,179,
8,8,4,1,8,8,8,4,191,
8,8,4,1,8,8,8,5,203,
8,8,4,1,8,8,8,6,215,
8,8,4,1,8,8,8,7,227,
8,8,4,1,8,8,8,8,232,
8,1,4,2,8,8,8,1,224,
8,1,4,2,8,8,8,2,235,
8,1,4,2,8,8,8,3,235,
8,1,4,2,8,8,8,4,235,
8,1,4,2,8,8,8,5,235,
8,1,4,2,8,8,8,6,235,
8,1,4,2,8,8,8,7,235,
8,1,4,2,8,8,8,8,235,
8,2,4,2,8,8,8,1,235,
8,2,4,2,8,8,8,2,236,
8,2,4,2,8,8,8,3,247,
8,2,4,2,8,8,8,4,247,
8,2,4,2,8,8,8,5,247,
8,2,4,2,8,8,8,6,247,
8,2,4,2,8,8,8,7,247,
8,2,4,2,8,8,8,8,247,
8,3,4,2,8,8,8,1,235,
8,3,4,2,8,8,8,2,247,
8,3,4,2,8,8,8,3,248,
8,3,4,2,8,8,8,4,259,
8,3,4,2,8,8,8,5,259,
8,3,4,2,8,8,8,6,259,
8,3,4,2,8,8,8,7,259,
8,3,4,2,8,8,8,8,259,
8,4,4,2,8,8,8,1,235,
8,4,4,2,8,8,8,2,247,
8,4,4,2,8,8,8,3,259,
8,4,4,2,8,8,8,4,260,
8,4,4,2,8,8,8,5,271,
8,4,4,2,8,8,8,6,271,
8,4,4,2,8,8,8,7,271,
8,4,4,2,8,8,8,8,271,
8,5,4,2,8,8,8,1,235,
8,5,4,2,8,8,8,2,247,
8,5,4,2,8,8,8,3,259,
8,5,4,2,8,8,8,4,271,
8,5,4,2,8,8,8,5,272,
8,5,4,2,8,8,8,6,283,
8,5,4,2,8,8,8,7,283,
8,5,4,2,8,8,8,8,283,
8,6,4,2,8,8,8,1,235,
8,6,4,2,8,8,8,2,247,
8,6,4,2,8,8,8,3,259,
8,6,4,2,8,8,8,4,271,
8,6,4,2,8,8,8,5,283,
8,6,4,2,8,8,8,6,284,
8,6,4,2,8,8,8,7,295,
8,6,4,2,8,8,8,8,295,
8,7,4,2,8,8,8,1,235,
8,7,4,2,8,8,8,2,247,
8,7,4,2,8,8,8,3,259,
8,7,4,2,8,8,8,4,271,
8,7,4,2,8,8,8,5,283,
8,7,4,2,8,8,8,6,295,
8,7,4,2,8,8,8,7,296,
8,7,4,2,8,8,8,8,307,
8,8,4,2,8,8,8,1,235,
8,8,4,2,8,8,8,2,247,
8,8,4,2,8,8,8,3,259,
8,8,4,2,8,8,8,4,271,
8,8,4,2,8,8,8,5,283,
8,8,4,2,8,8,8,6,295,
8,8,4,2,8,8,8,7,307,
8,8,4,2,8,8,8,8,308,
8,1,4,3,8,8,8,1,300,
8,1,4,3,8,8,8,2,315,
8,1,4,3,8,8,8,3,315,
8,1,4,3,8,8,8,4,315,
8,1,4,3,8,8,8,5,315,
8,1,4,3,8,8,8,6,315,
8,1,4,3,8,8,8,7,315,
8,1,4,3,8,8,8,8,315,
8,2,4,3,8,8,8,1,315,
8,2,4,3,8,8,8,2,312,
8,2,4,3,8,8,8,3,327,
8,2,4,3,8,8,8,4,327,
8,2,4,3,8,8,8,5,327,
8,2,4,3,8,8,8,6,327,
8,2,4,3,8,8,8,7,327,
8,2,4,3,8,8,8,8,327,
8,3,4,3,8,8,8,1,315,
8,3,4,3,8,8,8,2,327,
8,3,4,3,8,8,8,3,324,
8,3,4,3,8,8,8,4,339,
8,3,4,3,8,8,8,5,339,
8,3,4,3,8,8,8,6,339,
8,3,4,3,8,8,8,7,339,
8,3,4,3,8,8,8,8,339,
8,4,4,3,8,8,8,1,315,
8,4,4,3,8,8,8,2,327,
8,4,4,3,8,8,8,3,339,
8,4,4,3,8,8,8,4,336,
8,4,4,3,8,8,8,5,351,
8,4,4,3,8,8,8,6,351,
8,4,4,3,8,8,8,7,351,
8,4,4,3,8,8,8,8,351,
8,5,4,3,8,8,8,1,315,
8,5,4,3,8,8,8,2,327,
8,5,4,3,8,8,8,3,339,
8,5,4,3,8,8,8,4,351,
8,5,4,3,8,8,8,5,348,
8,5,4,3,8,8,8,6,363,
8,5,4,3,8,8,8,7,363,
8,5,4,3,8,8,8,8,363,
8,6,4,3,8,8,8,1,315,
8,6,4,3,8,8,8,2,327,
8,6,4,3,8,8,8,3,339,
8,6,4,3,8,8,8,4,351,
8,6,4,3,8,8,8,5,363,
8,6,4,3,8,8,8,6,360,
8,6,4,3,8,8,8,7,375,
8,6,4,3,8,8,8,8,375,
8,7,4,3,8,8,8,1,315,
8,7,4,3,8,8,8,2,327,
8,7,4,3,8,8,8,3,339,
8,7,4,3,8,8,8,4,351,
8,7,4,3,8,8,8,5,363,
8,7,4,3,8,8,8,6,375,
8,7,4,3,8,8,8,7,372,
8,7,4,3,8,8,8,8,387,
8,8,4,3,8,8,8,1,315,
8,8,4,3,8,8,8,2,327,
8,8,4,3,8,8,8,3,339,
8,8,4,3,8,8,8,4,351,
8,8,4,3,8,8,8,5,363,
8,8,4,3,8,8,8,6,375,
8,8,4,3,8,8,8,7,387,
8,8,4,3,8,8,8,8,384,
8,1,4,4,8,8,8,1,376,
8,1,4,4,8,8,8,2,395,
8,1,4,4,8,8,8,3,395,
8,1,4,4,8,8,8,4,395,
8,1,4,4,8,8,8,5,395,
8,1,4,4,8,8,8,6,395,
8,1,4,4,8,8,8,7,395,
8,1,4,4,8,8,8,8,395,
8,2,4,4,8,8,8,1,395,
8,2,4,4,8,8,8,2,388,
8,2,4,4,8,8,8,3,407,
8,2,4,4,8,8,8,4,407,
8,2,4,4,8,8,8,5,407,
8,2,4,4,8,8,8,6,407,
8,2,4,4,8,8,8,7,407,
8,2,4,4,8,8,8,8,407,
8,3,4,4,8,8,8,1,395,
8,3,4,4,8,8,8,2,407,
8,3,4,4,8,8,8,3,400,
8,3,4,4,8,8,8,4,419,
8,3,4,4,8,8,8,5,419,
8,3,4,4,8,8,8,6,419,
8,3,4,4,8,8,8,7,419,
8,3,4,4,8,8,8,8,419,
8,4,4,4,8,8,8,1,395,
8,4,4,4,8,8,8,2,407,
8,4,4,4,8,8,8,3,419,
8,4,4,4,8,8,8,4,412,
8,4,4,4,8,8,8,5,431,
8,4,4,4,8,8,8,6,431,
8,4,4,4,8,8,8,7,431,
8,4,4,4,8,8,8,8,431,
8,5,4,4,8,8,8,1,395,
8,5,4,4,8,8,8,2,407,
8,5,4,4,8,8,8,3,419,
8,5,4,4,8,8,8,4,431,
8,5,4,4,8,8,8,5,424,
8,5,4,4,8,8,8,6,443,
8,5,4,4,8,8,8,7,443,
8,5,4,4,8,8,8,8,443,
8,6,4,4,8,8,8,1,395,
8,6,4,4,8,8,8,2,407,
8,6,4,4,8,8,8,3,419,
8,6,4,4,8,8,8,4,431,
8,6,4,4,8,8,8,5,443,
8,6,4,4,8,8,8,6,436,
8,6,4,4,8,8,8,7,455,
8,6,4,4,8,8,8,8,455,
8,7,4,4,8,8,8,1,395,
8,7,4,4,8,8,8,2,407,
8,7,4,4,8,8,8,3,419,
8,7,4,4,8,8,8,4,431,
8,7,4,4,8,8,8,5,443,
8,7,4,4,8,8,8,6,455,
8,7,4,4,8,8,8,7,448,
8,7,4,4,8,8,8,8,467,
8,8,4,4,8,8,8,1,395,
8,8,4,4,8,8,8,2,407,
8,8,4,4,8,8,8,3,419,
8,8,4,4,8,8,8,4,431,
8,8,4,4,8,8,8,5,443,
8,8,4,4,8,8,8,6,455,
8,8,4,4,8,8,8,7,467,
8,8,4,4,8,8,8,8,460,
8,1,4,5,8,8,8,1,452,
8,1,4,5,8,8,8,2,475,
8,1,4,5,8,8,8,3,475,
8,1,4,5,8,8,8,4,475,
8,1,4,5,8,8,8,5,475,
8,1,4,5,8,8,8,6,475,
8,1,4,5,8,8,8,7,475,
8,1,4,5,8,8,8,8,475,
8,2,4,5,8,8,8,1,475,
8,2,4,5,8,8,8,2,464,
8,2,4,5,8,8,8,3,487,
8,2,4,5,8,8,8,4,487,
8,2,4,5,8,8,8,5,487,
8,2,4,5,8,8,8,6,487,
8,2,4,5,8,8,8,7,487,
8,2,4,5,8,8,8,8,487,
8,3,4,5,8,8,8,1,475,
8,3,4,5,8,8,8,2,487,
8,3,4,5,8,8,8,3,476,
8,3,4,5,8,8,8,4,499,
8,3,4,5,8,8,8,5,499,
8,3,4,5,8,8,8,6,499,
8,3,4,5,8,8,8,7,499,
8,3,4,5,8,8,8,8,499,
8,4,4,5,8,8,8,1,475,
8,4,4,5,8,8,8,2,487,
8,4,4,5,8,8,8,3,499,
8,4,4,5,8,8,8,4,488,
8,4,4,5,8,8,8,5,511,
8,4,4,5,8,8,8,6,511,
8,4,4,5,8,8,8,7,511,
8,4,4,5,8,8,8,8,511,
8,5,4,5,8,8,8,1,475,
8,5,4,5,8,8,8,2,487,
8,5,4,5,8,8,8,3,499,
8,5,4,5,8,8,8,4,511,
8,5,4,5,8,8,8,5,500,
8,5,4,5,8,8,8,6,523,
8,5,4,5,8,8,8,7,523,
8,5,4,5,8,8,8,8,523,
8,6,4,5,8,8,8,1,475,
8,6,4,5,8,8,8,2,487,
8,6,4,5,8,8,8,3,499,
8,6,4,5,8,8,8,4,511,
8,6,4,5,8,8,8,5,523,
8,6,4,5,8,8,8,6,512,
8,6,4,5,8,8,8,7,535,
8,6,4,5,8,8,8,8,535,
8,7,4,5,8,8,8,1,475,
8,7,4,5,8,8,8,2,487,
8,7,4,5,8,8,8,3,499,
8,7,4,5,8,8,8,4,511,
8,7,4,5,8,8,8,5,523,
8,7,4,5,8,8,8,6,535,
8,7,4,5,8,8,8,7,524,
8,7,4,5,8,8,8,8,547,
8,8,4,5,8,8,8,1,475,
8,8,4,5,8,8,8,2,487,
8,8,4,5,8,8,8,3,499,
8,8,4,5,8,8,8,4,511,
8,8,4,5,8,8,8,5,523,
8,8,4,5,8,8,8,6,535,
8,8,4,5,8,8,8,7,547,
8,8,4,5,8,8,8,8,536,
8,1,4,6,8,8,8,1,528,
8,1,4,6,8,8,8,2,555,
8,1,4,6,8,8,8,3,555,
8,1,4,6,8,8,8,4,555,
8,1,4,6,8,8,8,5,555,
8,1,4,6,8,8,8,6,555,
8,1,4,6,8,8,8,7,555,
8,1,4,6,8,8,8,8,555,
8,2,4,6,8,8,8,1,555,
8,2,4,6,8,8,8,2,540,
8,2,4,6,8,8,8,3,567,
8,2,4,6,8,8,8,4,567,
8,2,4,6,8,8,8,5,567,
8,2,4,6,8,8,8,6,567,
8,2,4,6,8,8,8,7,567,
8,2,4,6,8,8,8,8,567,
8,3,4,6,8,8,8,1,555,
8,3,4,6,8,8,8,2,567,
8,3,4,6,8,8,8,3,552,
8,3,4,6,8,8,8,4,579,
8,3,4,6,8,8,8,5,579,
8,3,4,6,8,8,8,6,579,
8,3,4,6,8,8,8,7,579,
8,3,4,6,8,8,8,8,579,
8,4,4,6,8,8,8,1,555,
8,4,4,6,8,8,8,2,567,
8,4,4,6,8,8,8,3,579,
8,4,4,6,8,8,8,4,564,
8,4,4,6,8,8,8,5,591,
8,4,4,6,8,8,8,6,591,
8,4,4,6,8,8,8,7,591,
8,4,4,6,8,8,8,8,591,
8,5,4,6,8,8,8,1,555,
8,5,4,6,8,8,8,2,567,
8,5,4,6,8,8,8,3,579,
8,5,4,6,8,8,8,4,591,
8,5,4,6,8,8,8,5,576,
8,5,4,6,8,8,8,6,603,
8,5,4,6,8,8,8,7,603,
8,5,4,6,8,8,8,8,603,
8,6,4,6,8,8,8,1,555,
8,6,4,6,8,8,8,2,567,
8,6,4,6,8,8,8,3,579,
8,6,4,6,8,8,8,4,591,
8,6,4,6,8,8,8,5,603,
8,6,4,6,8,8,8,6,588,
8,6,4,6,8,8,8,7,615,
8,6,4,6,8,8,8,8,615,
8,7,4,6,8,8,8,1,555,
8,7,4,6,8,8,8,2,567,
8,7,4,6,8,8,8,3,579,
8,7,4,6,8,8,8,4,591,
8,7,4,6,8,8,8,5,603,
8,7,4,6,8,8,8,6,615,
8,7,4,6,8,8,8,7,600,
8,7,4,6,8,8,8,8,627,
8,8,4,6,8,8,8,1,555,
8,8,4,6,8,8,8,2,567,
8,8,4,6,8,8,8,3,579,
8,8,4,6,8,8,8,4,591,
8,8,4,6,8,8,8,5,603,
8,8,4,6,8,8,8,6,615,
8,8,4,6,8,8,8,7,627,
8,8,4,6,8,8,8,8,612,
8,1,4,7,8,8,8,1,604,
8,1,4,7,8,8,8,2,635,
8,1,4,7,8,8,8,3,635,
8,1,4,7,8,8,8,4,635,
8,1,4,7,8,8,8,5,635,
8,1,4,7,8,8,8,6,635,
8,1,4,7,8,8,8,7,635,
8,1,4,7,8,8,8,8,635,
8,2,4,7,8,8,8,1,635,
8,2,4,7,8,8,8,2,616,
8,2,4,7,8,8,8,3,647,
8,2,4,7,8,8,8,4,647,
8,2,4,7,8,8,8,5,647,
8,2,4,7,8,8,8,6,647,
8,2,4,7,8,8,8,7,647,
8,2,4,7,8,8,8,8,647,
8,3,4,7,8,8,8,1,635,
8,3,4,7,8,8,8,2,647,
8,3,4,7,8,8,8,3,628,
8,3,4,7,8,8,8,4,659,
8,3,4,7,8,8,8,5,659,
8,3,4,7,8,8,8,6,659,
8,3,4,7,8,8,8,7,659,
8,3,4,7,8,8,8,8,659,
8,4,4,7,8,8,8,1,635,
8,4,4,7,8,8,8,2,647,
8,4,4,7,8,8,8,3,659,
8,4,4,7,8,8,8,4,640,
8,4,4,7,8,8,8,5,671,
8,4,4,7,8,8,8,6,671,
8,4,4,7,8,8,8,7,671,
8,4,4,7,8,8,8,8,671,
8,5,4,7,8,8,8,1,635,
8,5,4,7,8,8,8,2,647,
8,5,4,7,8,8,8,3,659,
8,5,4,7,8,8,8,4,671,
8,5,4,7,8,8,8,5,652,
8,5,4,7,8,8,8,6,683,
8,5,4,7,8,8,8,7,683,
8,5,4,7,8,8,8,8,683,
8,6,4,7,8,8,8,1,635,
8,6,4,7,8,8,8,2,647,
8,6,4,7,8,8,8,3,659,
8,6,4,7,8,8,8,4,671,
8,6,4,7,8,8,8,5,683,
8,6,4,7,8,8,8,6,664,
8,6,4,7,8,8,8,7,695,
8,6,4,7,8,8,8,8,695,
8,7,4,7,8,8,8,1,635,
8,7,4,7,8,8,8,2,647,
8,7,4,7,8,8,8,3,659,
8,7,4,7,8,8,8,4,671,
8,7,4,7,8,8,8,5,683,
8,7,4,7,8,8,8,6,695,
8,7,4,7,8,8,8,7,676,
8,7,4,7,8,8,8,8,707,
8,8,4,7,8,8,8,1,635,
8,8,4,7,8,8,8,2,647,
8,8,4,7,8,8,8,3,659,
8,8,4,7,8,8,8,4,671,
8,8,4,7,8,8,8,5,683,
8,8,4,7,8,8,8,6,695,
8,8,4,7,8,8,8,7,707,
8,8,4,7,8,8,8,8,688,
8,1,4,8,8,8,8,1,680,
8,1,4,8,8,8,8,2,715,
8,1,4,8,8,8,8,3,715,
8,1,4,8,8,8,8,4,715,
8,1,4,8,8,8,8,5,715,
8,1,4,8,8,8,8,6,715,
8,1,4,8,8,8,8,7,715,
8,1,4,8,8,8,8,8,715,
8,2,4,8,8,8,8,1,715,
8,2,4,8,8,8,8,2,692,
8,2,4,8,8,8,8,3,727,
8,2,4,8,8,8,8,4,727,
8,2,4,8,8,8,8,5,727,
8,2,4,8,8,8,8,6,727,
8,2,4,8,8,8,8,7,727,
8,2,4,8,8,8,8,8,727,
8,3,4,8,8,8,8,1,715,
8,3,4,8,8,8,8,2,727,
8,3,4,8,8,8,8,3,704,
8,3,4,8,8,8,8,4,739,
8,3,4,8,8,8,8,5,739,
8,3,4,8,8,8,8,6,739,
8,3,4,8,8,8,8,7,739,
8,3,4,8,8,8,8,8,739,
8,4,4,8,8,8,8,1,715,
8,4,4,8,8,8,8,2,727,
8,4,4,8,8,8,8,3,739,
8,4,4,8,8,8,8,4,716,
8,4,4,8,8,8,8,5,751,
8,4,4,8,8,8,8,6,751,
8,4,4,8,8,8,8,7,751,
8,4,4,8,8,8,8,8,751,
8,5,4,8,8,8,8,1,715,
8,5,4,8,8,8,8,2,727,
8,5,4,8,8,8,8,3,739,
8,5,4,8,8,8,8,4,751,
8,5,4,8,8,8,8,5,728,
8,5,4,8,8,8,8,6,763,
8,5,4,8,8,8,8,7,763,
8,5,4,8,8,8,8,8,763,
8,6,4,8,8,8,8,1,715,
8,6,4,8,8,8,8,2,727,
8,6,4,8,8,8,8,3,739,
8,6,4,8,8,8,8,4,751,
8,6,4,8,8,8,8,5,763,
8,6,4,8,8,8,8,6,740,
8,6,4,8,8,8,8,7,775,
8,6,4,8,8,8,8,8,775,
8,7,4,8,8,8,8,1,715,
8,7,4,8,8,8,8,2,727,
8,7,4,8,8,8,8,3,739,
8,7,4,8,8,8,8,4,751,
8,7,4,8,8,8,8,5,763,
8,7,4,8,8,8,8,6,775,
8,7,4,8,8,8,8,7,752,
8,7,4,8,8,8,8,8,787,
8,8,4,8,8,8,8,1,715,
8,8,4,8,8,8,8,2,727,
8,8,4,8,8,8,8,3,739,
8,8,4,8,8,8,8,4,751,
8,8,4,8,8,8,8,5,763,
8,8,4,8,8,8,8,6,775,
8,8,4,8,8,8,8,7,787,
8,8,4,8,8,8,8,8,764,
8,1,5,1,8,8,8,1,167,
8,1,5,1,8,8,8,2,175,
8,1,5,1,8,8,8,3,175,
8,1,5,1,8,8,8,4,175,
8,1,5,1,8,8,8,5,175,
8,1,5,1,8,8,8,6,175,
8,1,5,1,8,8,8,7,175,
8,1,5,1,8,8,8,8,175,
8,2,5,1,8,8,8,1,175,
8,2,5,1,8,8,8,2,179,
8,2,5,1,8,8,8,3,187,
8,2,5,1,8,8,8,4,187,
8,2,5,1,8,8,8,5,187,
8,2,5,1,8,8,8,6,187,
8,2,5,1,8,8,8,7,187,
8,2,5,1,8,8,8,8,187,
8,3,5,1,8,8,8,1,175,
8,3,5,1,8,8,8,2,187,
8,3,5,1,8,8,8,3,191,
8,3,5,1,8,8,8,4,199,
8,3,5,1,8,8,8,5,199,
8,3,5,1,8,8,8,6,199,
8,3,5,1,8,8,8,7,199,
8,3,5,1,8,8,8,8,199,
8,4,5,1,8,8,8,1,175,
8,4,5,1,8,8,8,2,187,
8,4,5,1,8,8,8,3,199,
8,4,5,1,8,8,8,4,203,
8,4,5,1,8,8,8,5,211,
8,4,5,1,8,8,8,6,211,
8,4,5,1,8,8,8,7,211,
8,4,5,1,8,8,8,8,211,
8,5,5,1,8,8,8,1,175,
8,5,5,1,8,8,8,2,187,
8,5,5,1,8,8,8,3,199,
8,5,5,1,8,8,8,4,211,
8,5,5,1,8,8,8,5,215,
8,5,5,1,8,8,8,6,223,
8,5,5,1,8,8,8,7,223,
8,5,5,1,8,8,8,8,223,
8,6,5,1,8,8,8,1,175,
8,6,5,1,8,8,8,2,187,
8,6,5,1,8,8,8,3,199,
8,6,5,1,8,8,8,4,211,
8,6,5,1,8,8,8,5,223,
8,6,5,1,8,8,8,6,227,
8,6,5,1,8,8,8,7,235,
8,6,5,1,8,8,8,8,235,
8,7,5,1,8,8,8,1,175,
8,7,5,1,8,8,8,2,187,
8,7,5,1,8,8,8,3,199,
8,7,5,1,8,8,8,4,211,
8,7,5,1,8,8,8,5,223,
8,7,5,1,8,8,8,6,235,
8,7,5,1,8,8,8,7,239,
8,7,5,1,8,8,8,8,247,
8,8,5,1,8,8,8,1,175,
8,8,5,1,8,8,8,2,187,
8,8,5,1,8,8,8,3,199,
8,8,5,1,8,8,8,4,211,
8,8,5,1,8,8,8,5,223,
8,8,5,1,8,8,8,6,235,
8,8,5,1,8,8,8,7,247,
8,8,5,1,8,8,8,8,251,
8,1,5,2,8,8,8,1,262,
8,1,5,2,8,8,8,2,275,
8,1,5,2,8,8,8,3,275,
8,1,5,2,8,8,8,4,275,
8,1,5,2,8,8,8,5,275,
8,1,5,2,8,8,8,6,275,
8,1,5,2,8,8,8,7,275,
8,1,5,2,8,8,8,8,275,
8,2,5,2,8,8,8,1,275,
8,2,5,2,8,8,8,2,274,
8,2,5,2,8,8,8,3,287,
8,2,5,2,8,8,8,4,287,
8,2,5,2,8,8,8,5,287,
8,2,5,2,8,8,8,6,287,
8,2,5,2,8,8,8,7,287,
8,2,5,2,8,8,8,8,287,
8,3,5,2,8,8,8,1,275,
8,3,5,2,8,8,8,2,287,
8,3,5,2,8,8,8,3,286,
8,3,5,2,8,8,8,4,299,
8,3,5,2,8,8,8,5,299,
8,3,5,2,8,8,8,6,299,
8,3,5,2,8,8,8,7,299,
8,3,5,2,8,8,8,8,299,
8,4,5,2,8,8,8,1,275,
8,4,5,2,8,8,8,2,287,
8,4,5,2,8,8,8,3,299,
8,4,5,2,8,8,8,4,298,
8,4,5,2,8,8,8,5,311,
8,4,5,2,8,8,8,6,311,
8,4,5,2,8,8,8,7,311,
8,4,5,2,8,8,8,8,311,
8,5,5,2,8,8,8,1,275,
8,5,5,2,8,8,8,2,287,
8,5,5,2,8,8,8,3,299,
8,5,5,2,8,8,8,4,311,
8,5,5,2,8,8,8,5,310,
8,5,5,2,8,8,8,6,323,
8,5,5,2,8,8,8,7,323,
8,5,5,2,8,8,8,8,323,
8,6,5,2,8,8,8,1,275,
8,6,5,2,8,8,8,2,287,
8,6,5,2,8,8,8,3,299,
8,6,5,2,8,8,8,4,311,
8,6,5,2,8,8,8,5,323,
8,6,5,2,8,8,8,6,322,
8,6,5,2,8,8,8,7,335,
8,6,5,2,8,8,8,8,335,
8,7,5,2,8,8,8,1,275,
8,7,5,2,8,8,8,2,287,
8,7,5,2,8,8,8,3,299,
8,7,5,2,8,8,8,4,311,
8,7,5,2,8,8,8,5,323,
8,7,5,2,8,8,8,6,335,
8,7,5,2,8,8,8,7,334,
8,7,5,2,8,8,8,8,347,
8,8,5,2,8,8,8,1,275,
8,8,5,2,8,8,8,2,287,
8,8,5,2,8,8,8,3,299,
8,8,5,2,8,8,8,4,311,
8,8,5,2,8,8,8,5,323,
8,8,5,2,8,8,8,6,335,
8,8,5,2,8,8,8,7,347,
8,8,5,2,8,8,8,8,346,
8,1,5,3,8,8,8,1,357,
8,1,5,3,8,8,8,2,375,
8,1,5,3,8,8,8,3,375,
8,1,5,3,8,8,8,4,375,
8,1,5,3,8,8,8,5,375,
8,1,5,3,8,8,8,6,375,
8,1,5,3,8,8,8,7,375,
8,1,5,3,8,8,8,8,375,
8,2,5,3,8,8,8,1,375,
8,2,5,3,8,8,8,2,369,
8,2,5,3,8,8,8,3,387,
8,2,5,3,8,8,8,4,387,
8,2,5,3,8,8,8,5,387,
8,2,5,3,8,8,8,6,387,
8,2,5,3,8,8,8,7,387,
8,2,5,3,8,8,8,8,387,
8,3,5,3,8,8,8,1,375,
8,3,5,3,8,8,8,2,387,
8,3,5,3,8,8,8,3,381,
8,3,5,3,8,8,8,4,399,
8,3,5,3,8,8,8,5,399,
8,3,5,3,8,8,8,6,399,
8,3,5,3,8,8,8,7,399,
8,3,5,3,8,8,8,8,399,
8,4,5,3,8,8,8,1,375,
8,4,5,3,8,8,8,2,387,
8,4,5,3,8,8,8,3,399,
8,4,5,3,8,8,8,4,393,
8,4,5,3,8,8,8,5,411,
8,4,5,3,8,8,8,6,411,
8,4,5,3,8,8,8,7,411,
8,4,5,3,8,8,8,8,411,
8,5,5,3,8,8,8,1,375,
8,5,5,3,8,8,8,2,387,
8,5,5,3,8,8,8,3,399,
8,5,5,3,8,8,8,4,411,
8,5,5,3,8,8,8,5,405,
8,5,5,3,8,8,8,6,423,
8,5,5,3,8,8,8,7,423,
8,5,5,3,8,8,8,8,423,
8,6,5,3,8,8,8,1,375,
8,6,5,3,8,8,8,2,387,
8,6,5,3,8,8,8,3,399,
8,6,5,3,8,8,8,4,411,
8,6,5,3,8,8,8,5,423,
8,6,5,3,8,8,8,6,417,
8,6,5,3,8,8,8,7,435,
8,6,5,3,8,8,8,8,435,
8,7,5,3,8,8,8,1,375,
8,7,5,3,8,8,8,2,387,
8,7,5,3,8,8,8,3,399,
8,7,5,3,8,8,8,4,411,
8,7,5,3,8,8,8,5,423,
8,7,5,3,8,8,8,6,435,
8,7,5,3,8,8,8,7,429,
8,7,5,3,8,8,8,8,447,
8,8,5,3,8,8,8,1,375,
8,8,5,3,8,8,8,2,387,
8,8,5,3,8,8,8,3,399,
8,8,5,3,8,8,8,4,411,
8,8,5,3,8,8,8,5,423,
8,8,5,3,8,8,8,6,435,
8,8,5,3,8,8,8,7,447,
8,8,5,3,8,8,8,8,441,
8,1,5,4,8,8,8,1,452,
8,1,5,4,8,8,8,2,475,
8,1,5,4,8,8,8,3,475,
8,1,5,4,8,8,8,4,475,
8,1,5,4,8,8,8,5,475,
8,1,5,4,8,8,8,6,475,
8,1,5,4,8,8,8,7,475,
8,1,5,4,8,8,8,8,475,
8,2,5,4,8,8,8,1,475,
8,2,5,4,8,8,8,2,464,
8,2,5,4,8,8,8,3,487,
8,2,5,4,8,8,8,4,487,
8,2,5,4,8,8,8,5,487,
8,2,5,4,8,8,8,6,487,
8,2,5,4,8,8,8,7,487,
8,2,5,4,8,8,8,8,487,
8,3,5,4,8,8,8,1,475,
8,3,5,4,8,8,8,2,487,
8,3,5,4,8,8,8,3,476,
8,3,5,4,8,8,8,4,499,
8,3,5,4,8,8,8,5,499,
8,3,5,4,8,8,8,6,499,
8,3,5,4,8,8,8,7,499,
8,3,5,4,8,8,8,8,499,
8,4,5,4,8,8,8,1,475,
8,4,5,4,8,8,8,2,487,
8,4,5,4,8,8,8,3,499,
8,4,5,4,8,8,8,4,488,
8,4,5,4,8,8,8,5,511,
8,4,5,4,8,8,8,6,511,
8,4,5,4,8,8,8,7,511,
8,4,5,4,8,8,8,8,511,
8,5,5,4,8,8,8,1,475,
8,5,5,4,8,8,8,2,487,
8,5,5,4,8,8,8,3,499,
8,5,5,4,8,8,8,4,511,
8,5,5,4,8,8,8,5,500,
8,5,5,4,8,8,8,6,523,
8,5,5,4,8,8,8,7,523,
8,5,5,4,8,8,8,8,523,
8,6,5,4,8,8,8,1,475,
8,6,5,4,8,8,8,2,487,
8,6,5,4,8,8,8,3,499,
8,6,5,4,8,8,8,4,511,
8,6,5,4,8,8,8,5,523,
8,6,5,4,8,8,8,6,512,
8,6,5,4,8,8,8,7,535,
8,6,5,4,8,8,8,8,535,
8,7,5,4,8,8,8,1,475,
8,7,5,4,8,8,8,2,487,
8,7,5,4,8,8,8,3,499,
8,7,5,4,8,8,8,4,511,
8,7,5,4,8,8,8,5,523,
8,7,5,4,8,8,8,6,535,
8,7,5,4,8,8,8,7,524,
8,7,5,4,8,8,8,8,547,
8,8,5,4,8,8,8,1,475,
8,8,5,4,8,8,8,2,487,
8,8,5,4,8,8,8,3,499,
8,8,5,4,8,8,8,4,511,
8,8,5,4,8,8,8,5,523,
8,8,5,4,8,8,8,6,535,
8,8,5,4,8,8,8,7,547,
8,8,5,4,8,8,8,8,536,
8,1,5,5,8,8,8,1,547,
8,1,5,5,8,8,8,2,575,
8,1,5,5,8,8,8,3,575,
8,1,5,5,8,8,8,4,575,
8,1,5,5,8,8,8,5,575,
8,1,5,5,8,8,8,6,575,
8,1,5,5,8,8,8,7,575,
8,1,5,5,8,8,8,8,575,
8,2,5,5,8,8,8,1,575,
8,2,5,5,8,8,8,2,559,
8,2,5,5,8,8,8,3,587,
8,2,5,5,8,8,8,4,587,
8,2,5,5,8,8,8,5,587,
8,2,5,5,8,8,8,6,587,
8,2,5,5,8,8,8,7,587,
8,2,5,5,8,8,8,8,587,
8,3,5,5,8,8,8,1,575,
8,3,5,5,8,8,8,2,587,
8,3,5,5,8,8,8,3,571,
8,3,5,5,8,8,8,4,599,
8,3,5,5,8,8,8,5,599,
8,3,5,5,8,8,8,6,599,
8,3,5,5,8,8,8,7,599,
8,3,5,5,8,8,8,8,599,
8,4,5,5,8,8,8,1,575,
8,4,5,5,8,8,8,2,587,
8,4,5,5,8,8,8,3,599,
8,4,5,5,8,8,8,4,583,
8,4,5,5,8,8,8,5,611,
8,4,5,5,8,8,8,6,611,
8,4,5,5,8,8,8,7,611,
8,4,5,5,8,8,8,8,611,
8,5,5,5,8,8,8,1,575,
8,5,5,5,8,8,8,2,587,
8,5,5,5,8,8,8,3,599,
8,5,5,5,8,8,8,4,611,
8,5,5,5,8,8,8,5,595,
8,5,5,5,8,8,8,6,623,
8,5,5,5,8,8,8,7,623,
8,5,5,5,8,8,8,8,623,
8,6,5,5,8,8,8,1,575,
8,6,5,5,8,8,8,2,587,
8,6,5,5,8,8,8,3,599,
8,6,5,5,8,8,8,4,611,
8,6,5,5,8,8,8,5,623,
8,6,5,5,8,8,8,6,607,
8,6,5,5,8,8,8,7,635,
8,6,5,5,8,8,8,8,635,
8,7,5,5,8,8,8,1,575,
8,7,5,5,8,8,8,2,587,
8,7,5,5,8,8,8,3,599,
8,7,5,5,8,8,8,4,611,
8,7,5,5,8,8,8,5,623,
8,7,5,5,8,8,8,6,635,
8,7,5,5,8,8,8,7,619,
8,7,5,5,8,8,8,8,647,
8,8,5,5,8,8,8,1,575,
8,8,5,5,8,8,8,2,587,
8,8,5,5,8,8,8,3,599,
8,8,5,5,8,8,8,4,611,
8,8,5,5,8,8,8,5,623,
8,8,5,5,8,8,8,6,635,
8,8,5,5,8,8,8,7,647,
8,8,5,5,8,8,8,8,631,
8,1,5,6,8,8,8,1,642,
8,1,5,6,8,8,8,2,675,
8,1,5,6,8,8,8,3,675,
8,1,5,6,8,8,8,4,675,
8,1,5,6,8,8,8,5,675,
8,1,5,6,8,8,8,6,675,
8,1,5,6,8,8,8,7,675,
8,1,5,6,8,8,8,8,675,
8,2,5,6,8,8,8,1,675,
8,2,5,6,8,8,8,2,654,
8,2,5,6,8,8,8,3,687,
8,2,5,6,8,8,8,4,687,
8,2,5,6,8,8,8,5,687,
8,2,5,6,8,8,8,6,687,
8,2,5,6,8,8,8,7,687,
8,2,5,6,8,8,8,8,687,
8,3,5,6,8,8,8,1,675,
8,3,5,6,8,8,8,2,687,
8,3,5,6,8,8,8,3,666,
8,3,5,6,8,8,8,4,699,
8,3,5,6,8,8,8,5,699,
8,3,5,6,8,8,8,6,699,
8,3,5,6,8,8,8,7,699,
8,3,5,6,8,8,8,8,699,
8,4,5,6,8,8,8,1,675,
8,4,5,6,8,8,8,2,687,
8,4,5,6,8,8,8,3,699,
8,4,5,6,8,8,8,4,678,
8,4,5,6,8,8,8,5,711,
8,4,5,6,8,8,8,6,711,
8,4,5,6,8,8,8,7,711,
8,4,5,6,8,8,8,8,711,
8,5,5,6,8,8,8,1,675,
8,5,5,6,8,8,8,2,687,
8,5,5,6,8,8,8,3,699,
8,5,5,6,8,8,8,4,711,
8,5,5,6,8,8,8,5,690,
8,5,5,6,8,8,8,6,723,
8,5,5,6,8,8,8,7,723,
8,5,5,6,8,8,8,8,723,
8,6,5,6,8,8,8,1,675,
8,6,5,6,8,8,8,2,687,
8,6,5,6,8,8,8,3,699,
8,6,5,6,8,8,8,4,711,
8,6,5,6,8,8,8,5,723,
8,6,5,6,8,8,8,6,702,
8,6,5,6,8,8,8,7,735,
8,6,5,6,8,8,8,8,735,
8,7,5,6,8,8,8,1,675,
8,7,5,6,8,8,8,2,687,
8,7,5,6,8,8,8,3,699,
8,7,5,6,8,8,8,4,711,
8,7,5,6,8,8,8,5,723,
8,7,5,6,8,8,8,6,735,
8,7,5,6,8,8,8,7,714,
8,7,5,6,8,8,8,8,747,
8,8,5,6,8,8,8,1,675,
8,8,5,6,8,8,8,2,687,
8,8,5,6,8,8,8,3,699,
8,8,5,6,8,8,8,4,711,
8,8,5,6,8,8,8,5,723,
8,8,5,6,8,8,8,6,735,
8,8,5,6,8,8,8,7,747,
8,8,5,6,8,8,8,8,726,
8,1,5,7,8,8,8,1,737,
8,1,5,7,8,8,8,2,775,
8,1,5,7,8,8,8,3,775,
8,1,5,7,8,8,8,4,775,
8,1,5,7,8,8,8,5,775,
8,1,5,7,8,8,8,6,775,
8,1,5,7,8,8,8,7,775,
8,1,5,7,8,8,8,8,775,
8,2,5,7,8,8,8,1,775,
8,2,5,7,8,8,8,2,749,
8,2,5,7,8,8,8,3,787,
8,2,5,7,8,8,8,4,787,
8,2,5,7,8,8,8,5,787,
8,2,5,7,8,8,8,6,787,
8,2,5,7,8,8,8,7,787,
8,2,5,7,8,8,8,8,787,
8,3,5,7,8,8,8,1,775,
8,3,5,7,8,8,8,2,787,
8,3,5,7,8,8,8,3,761,
8,3,5,7,8,8,8,4,799,
8,3,5,7,8,8,8,5,799,
8,3,5,7,8,8,8,6,799,
8,3,5,7,8,8,8,7,799,
8,3,5,7,8,8,8,8,799,
8,4,5,7,8,8,8,1,775,
8,4,5,7,8,8,8,2,787,
8,4,5,7,8,8,8,3,799,
8,4,5,7,8,8,8,4,773,
8,4,5,7,8,8,8,5,811,
8,4,5,7,8,8,8,6,811,
8,4,5,7,8,8,8,7,811,
8,4,5,7,8,8,8,8,811,
8,5,5,7,8,8,8,1,775,
8,5,5,7,8,8,8,2,787,
8,5,5,7,8,8,8,3,799,
8,5,5,7,8,8,8,4,811,
8,5,5,7,8,8,8,5,785,
8,5,5,7,8,8,8,6,823,
8,5,5,7,8,8,8,7,823,
8,5,5,7,8,8,8,8,823,
8,6,5,7,8,8,8,1,775,
8,6,5,7,8,8,8,2,787,
8,6,5,7,8,8,8,3,799,
8,6,5,7,8,8,8,4,811,
8,6,5,7,8,8,8,5,823,
8,6,5,7,8,8,8,6,797,
8,6,5,7,8,8,8,7,835,
8,6,5,7,8,8,8,8,835,
8,7,5,7,8,8,8,1,775,
8,7,5,7,8,8,8,2,787,
8,7,5,7,8,8,8,3,799,
8,7,5,7,8,8,8,4,811,
8,7,5,7,8,8,8,5,823,
8,7,5,7,8,8,8,6,835,
8,7,5,7,8,8,8,7,809,
8,7,5,7,8,8,8,8,847,
8,8,5,7,8,8,8,1,775,
8,8,5,7,8,8,8,2,787,
8,8,5,7,8,8,8,3,799,
8,8,5,7,8,8,8,4,811,
8,8,5,7,8,8,8,5,823,
8,8,5,7,8,8,8,6,835,
8,8,5,7,8,8,8,7,847,
8,8,5,7,8,8,8,8,821,
8,1,5,8,8,8,8,1,832,
8,1,5,8,8,8,8,2,875,
8,1,5,8,8,8,8,3,875,
8,1,5,8,8,8,8,4,875,
8,1,5,8,8,8,8,5,875,
8,1,5,8,8,8,8,6,875,
8,1,5,8,8,8,8,7,875,
8,1,5,8,8,8,8,8,875,
8,2,5,8,8,8,8,1,875,
8,2,5,8,8,8,8,2,844,
8,2,5,8,8,8,8,3,887,
8,2,5,8,8,8,8,4,887,
8,2,5,8,8,8,8,5,887,
8,2,5,8,8,8,8,6,887,
8,2,5,8,8,8,8,7,887,
8,2,5,8,8,8,8,8,887,
8,3,5,8,8,8,8,1,875,
8,3,5,8,8,8,8,2,887,
8,3,5,8,8,8,8,3,856,
8,3,5,8,8,8,8,4,899,
8,3,5,8,8,8,8,5,899,
8,3,5,8,8,8,8,6,899,
8,3,5,8,8,8,8,7,899,
8,3,5,8,8,8,8,8,899,
8,4,5,8,8,8,8,1,875,
8,4,5,8,8,8,8,2,887,
8,4,5,8,8,8,8,3,899,
8,4,5,8,8,8,8,4,868,
8,4,5,8,8,8,8,5,911,
8,4,5,8,8,8,8,6,911,
8,4,5,8,8,8,8,7,911,
8,4,5,8,8,8,8,8,911,
8,5,5,8,8,8,8,1,875,
8,5,5,8,8,8,8,2,887,
8,5,5,8,8,8,8,3,899,
8,5,5,8,8,8,8,4,911,
8,5,5,8,8,8,8,5,880,
8,5,5,8,8,8,8,6,923,
8,5,5,8,8,8,8,7,923,
8,5,5,8,8,8,8,8,923,
8,6,5,8,8,8,8,1,875,
8,6,5,8,8,8,8,2,887,
8,6,5,8,8,8,8,3,899,
8,6,5,8,8,8,8,4,911,
8,6,5,8,8,8,8,5,923,
8,6,5,8,8,8,8,6,892,
8,6,5,8,8,8,8,7,935,
8,6,5,8,8,8,8,8,935,
8,7,5,8,8,8,8,1,875,
8,7,5,8,8,8,8,2,887,
8,7,5,8,8,8,8,3,899,
8,7,5,8,8,8,8,4,911,
8,7,5,8,8,8,8,5,923,
8,7,5,8,8,8,8,6,935,
8,7,5,8,8,8,8,7,904,
8,7,5,8,8,8,8,8,947,
8,8,5,8,8,8,8,1,875,
8,8,5,8,8,8,8,2,887,
8,8,5,8,8,8,8,3,899,
8,8,5,8,8,8,8,4,911,
8,8,5,8,8,8,8,5,923,
8,8,5,8,8,8,8,6,935,
8,8,5,8,8,8,8,7,947,
8,8,5,8,8,8,8,8,916,
8,1,6,1,8,8,8,1,186,
8,1,6,1,8,8,8,2,195,
8,1,6,1,8,8,8,3,195,
8,1,6,1,8,8,8,4,195,
8,1,6,1,8,8,8,5,195,
8,1,6,1,8,8,8,6,195,
8,1,6,1,8,8,8,7,195,
8,1,6,1,8,8,8,8,195,
8,2,6,1,8,8,8,1,195,
8,2,6,1,8,8,8,2,198,
8,2,6,1,8,8,8,3,207,
8,2,6,1,8,8,8,4,207,
8,2,6,1,8,8,8,5,207,
8,2,6,1,8,8,8,6,207,
8,2,6,1,8,8,8,7,207,
8,2,6,1,8,8,8,8,207,
8,3,6,1,8,8,8,1,195,
8,3,6,1,8,8,8,2,207,
8,3,6,1,8,8,8,3,210,
8,3,6,1,8,8,8,4,219,
8,3,6,1,8,8,8,5,219,
8,3,6,1,8,8,8,6,219,
8,3,6,1,8,8,8,7,219,
8,3,6,1,8,8,8,8,219,
8,4,6,1,8,8,8,1,195,
8,4,6,1,8,8,8,2,207,
8,4,6,1,8,8,8,3,219,
8,4,6,1,8,8,8,4,222,
8,4,6,1,8,8,8,5,231,
8,4,6,1,8,8,8,6,231,
8,4,6,1,8,8,8,7,231,
8,4,6,1,8,8,8,8,231,
8,5,6,1,8,8,8,1,195,
8,5,6,1,8,8,8,2,207,
8,5,6,1,8,8,8,3,219,
8,5,6,1,8,8,8,4,231,
8,5,6,1,8,8,8,5,234,
8,5,6,1,8,8,8,6,243,
8,5,6,1,8,8,8,7,243,
8,5,6,1,8,8,8,8,243,
8,6,6,1,8,8,8,1,195,
8,6,6,1,8,8,8,2,207,
8,6,6,1,8,8,8,3,219,
8,6,6,1,8,8,8,4,231,
8,6,6,1,8,8,8,5,243,
8,6,6,1,8,8,8,6,246,
8,6,6,1,8,8,8,7,255,
8,6,6,1,8,8,8,8,255,
8,7,6,1,8,8,8,1,195,
8,7,6,1,8,8,8,2,207,
8,7,6,1,8,8,8,3,219,
8,7,6,1,8,8,8,4,231,
8,7,6,1,8,8,8,5,243,
8,7,6,1,8,8,8,6,255,
8,7,6,1,8,8,8,7,258,
8,7,6,1,8,8,8,8,267,
8,8,6,1,8,8,8,1,195,
8,8,6,1,8,8,8,2,207,
8,8,6,1,8,8,8,3,219,
8,8,6,1,8,8,8,4,231,
8,8,6,1,8,8,8,5,243,
8,8,6,1,8,8,8,6,255,
8,8,6,1,8,8,8,7,267,
8,8,6,1,8,8,8,8,270,
8,1,6,2,8,8,8,1,300,
8,1,6,2,8,8,8,2,315,
8,1,6,2,8,8,8,3,315,
8,1,6,2,8,8,8,4,315,
8,1,6,2,8,8,8,5,315,
8,1,6,2,8,8,8,6,315,
8,1,6,2,8,8,8,7,315,
8,1,6,2,8,8,8,8,315,
8,2,6,2,8,8,8,1,315,
8,2,6,2,8,8,8,2,312,
8,2,6,2,8,8,8,3,327,
8,2,6,2,8,8,8,4,327,
8,2,6,2,8,8,8,5,327,
8,2,6,2,8,8,8,6,327,
8,2,6,2,8,8,8,7,327,
8,2,6,2,8,8,8,8,327,
8,3,6,2,8,8,8,1,315,
8,3,6,2,8,8,8,2,327,
8,3,6,2,8,8,8,3,324,
8,3,6,2,8,8,8,4,339,
8,3,6,2,8,8,8,5,339,
8,3,6,2,8,8,8,6,339,
8,3,6,2,8,8,8,7,339,
8,3,6,2,8,8,8,8,339,
8,4,6,2,8,8,8,1,315,
8,4,6,2,8,8,8,2,327,
8,4,6,2,8,8,8,3,339,
8,4,6,2,8,8,8,4,336,
8,4,6,2,8,8,8,5,351,
8,4,6,2,8,8,8,6,351,
8,4,6,2,8,8,8,7,351,
8,4,6,2,8,8,8,8,351,
8,5,6,2,8,8,8,1,315,
8,5,6,2,8,8,8,2,327,
8,5,6,2,8,8,8,3,339,
8,5,6,2,8,8,8,4,351,
8,5,6,2,8,8,8,5,348,
8,5,6,2,8,8,8,6,363,
8,5,6,2,8,8,8,7,363,
8,5,6,2,8,8,8,8,363,
8,6,6,2,8,8,8,1,315,
8,6,6,2,8,8,8,2,327,
8,6,6,2,8,8,8,3,339,
8,6,6,2,8,8,8,4,351,
8,6,6,2,8,8,8,5,363,
8,6,6,2,8,8,8,6,360,
8,6,6,2,8,8,8,7,375,
8,6,6,2,8,8,8,8,375,
8,7,6,2,8,8,8,1,315,
8,7,6,2,8,8,8,2,327,
8,7,6,2,8,8,8,3,339,
8,7,6,2,8,8,8,4,351,
8,7,6,2,8,8,8,5,363,
8,7,6,2,8,8,8,6,375,
8,7,6,2,8,8,8,7,372,
8,7,6,2,8,8,8,8,387,
8,8,6,2,8,8,8,1,315,
8,8,6,2,8,8,8,2,327,
8,8,6,2,8,8,8,3,339,
8,8,6,2,8,8,8,4,351,
8,8,6,2,8,8,8,5,363,
8,8,6,2,8,8,8,6,375,
8,8,6,2,8,8,8,7,387,
8,8,6,2,8,8,8,8,384,
8,1,6,3,8,8,8,1,414,
8,1,6,3,8,8,8,2,435,
8,1,6,3,8,8,8,3,435,
8,1,6,3,8,8,8,4,435,
8,1,6,3,8,8,8,5,435,
8,1,6,3,8,8,8,6,435,
8,1,6,3,8,8,8,7,435,
8,1,6,3,8,8,8,8,435,
8,2,6,3,8,8,8,1,435,
8,2,6,3,8,8,8,2,426,
8,2,6,3,8,8,8,3,447,
8,2,6,3,8,8,8,4,447,
8,2,6,3,8,8,8,5,447,
8,2,6,3,8,8,8,6,447,
8,2,6,3,8,8,8,7,447,
8,2,6,3,8,8,8,8,447,
8,3,6,3,8,8,8,1,435,
8,3,6,3,8,8,8,2,447,
8,3,6,3,8,8,8,3,438,
8,3,6,3,8,8,8,4,459,
8,3,6,3,8,8,8,5,459,
8,3,6,3,8,8,8,6,459,
8,3,6,3,8,8,8,7,459,
8,3,6,3,8,8,8,8,459,
8,4,6,3,8,8,8,1,435,
8,4,6,3,8,8,8,2,447,
8,4,6,3,8,8,8,3,459,
8,4,6,3,8,8,8,4,450,
8,4,6,3,8,8,8,5,471,
8,4,6,3,8,8,8,6,471,
8,4,6,3,8,8,8,7,471,
8,4,6,3,8,8,8,8,471,
8,5,6,3,8,8,8,1,435,
8,5,6,3,8,8,8,2,447,
8,5,6,3,8,8,8,3,459,
8,5,6,3,8,8,8,4,471,
8,5,6,3,8,8,8,5,462,
8,5,6,3,8,8,8,6,483,
8,5,6,3,8,8,8,7,483,
8,5,6,3,8,8,8,8,483,
8,6,6,3,8,8,8,1,435,
8,6,6,3,8,8,8,2,447,
8,6,6,3,8,8,8,3,459,
8,6,6,3,8,8,8,4,471,
8,6,6,3,8,8,8,5,483,
8,6,6,3,8,8,8,6,474,
8,6,6,3,8,8,8,7,495,
8,6,6,3,8,8,8,8,495,
8,7,6,3,8,8,8,1,435,
8,7,6,3,8,8,8,2,447,
8,7,6,3,8,8,8,3,459,
8,7,6,3,8,8,8,4,471,
8,7,6,3,8,8,8,5,483,
8,7,6,3,8,8,8,6,495,
8,7,6,3,8,8,8,7,486,
8,7,6,3,8,8,8,8,507,
8,8,6,3,8,8,8,1,435,
8,8,6,3,8,8,8,2,447,
8,8,6,3,8,8,8,3,459,
8,8,6,3,8,8,8,4,471,
8,8,6,3,8,8,8,5,483,
8,8,6,3,8,8,8,6,495,
8,8,6,3,8,8,8,7,507,
8,8,6,3,8,8,8,8,498,
8,1,6,4,8,8,8,1,528,
8,1,6,4,8,8,8,2,555,
8,1,6,4,8,8,8,3,555,
8,1,6,4,8,8,8,4,555,
8,1,6,4,8,8,8,5,555,
8,1,6,4,8,8,8,6,555,
8,1,6,4,8,8,8,7,555,
8,1,6,4,8,8,8,8,555,
8,2,6,4,8,8,8,1,555,
8,2,6,4,8,8,8,2,540,
8,2,6,4,8,8,8,3,567,
8,2,6,4,8,8,8,4,567,
8,2,6,4,8,8,8,5,567,
8,2,6,4,8,8,8,6,567,
8,2,6,4,8,8,8,7,567,
8,2,6,4,8,8,8,8,567,
8,3,6,4,8,8,8,1,555,
8,3,6,4,8,8,8,2,567,
8,3,6,4,8,8,8,3,552,
8,3,6,4,8,8,8,4,579,
8,3,6,4,8,8,8,5,579,
8,3,6,4,8,8,8,6,579,
8,3,6,4,8,8,8,7,579,
8,3,6,4,8,8,8,8,579,
8,4,6,4,8,8,8,1,555,
8,4,6,4,8,8,8,2,567,
8,4,6,4,8,8,8,3,579,
8,4,6,4,8,8,8,4,564,
8,4,6,4,8,8,8,5,591,
8,4,6,4,8,8,8,6,591,
8,4,6,4,8,8,8,7,591,
8,4,6,4,8,8,8,8,591,
8,5,6,4,8,8,8,1,555,
8,5,6,4,8,8,8,2,567,
8,5,6,4,8,8,8,3,579,
8,5,6,4,8,8,8,4,591,
8,5,6,4,8,8,8,5,576,
8,5,6,4,8,8,8,6,603,
8,5,6,4,8,8,8,7,603,
8,5,6,4,8,8,8,8,603,
8,6,6,4,8,8,8,1,555,
8,6,6,4,8,8,8,2,567,
8,6,6,4,8,8,8,3,579,
8,6,6,4,8,8,8,4,591,
8,6,6,4,8,8,8,5,603,
8,6,6,4,8,8,8,6,588,
8,6,6,4,8,8,8,7,615,
8,6,6,4,8,8,8,8,615,
8,7,6,4,8,8,8,1,555,
8,7,6,4,8,8,8,2,567,
8,7,6,4,8,8,8,3,579,
8,7,6,4,8,8,8,4,591,
8,7,6,4,8,8,8,5,603,
8,7,6,4,8,8,8,6,615,
8,7,6,4,8,8,8,7,600,
8,7,6,4,8,8,8,8,627,
8,8,6,4,8,8,8,1,555,
8,8,6,4,8,8,8,2,567,
8,8,6,4,8,8,8,3,579,
8,8,6,4,8,8,8,4,591,
8,8,6,4,8,8,8,5,603,
8,8,6,4,8,8,8,6,615,
8,8,6,4,8,8,8,7,627,
8,8,6,4,8,8,8,8,612,
8,1,6,5,8,8,8,1,642,
8,1,6,5,8,8,8,2,675,
8,1,6,5,8,8,8,3,675,
8,1,6,5,8,8,8,4,675,
8,1,6,5,8,8,8,5,675,
8,1,6,5,8,8,8,6,675,
8,1,6,5,8,8,8,7,675,
8,1,6,5,8,8,8,8,675,
8,2,6,5,8,8,8,1,675,
8,2,6,5,8,8,8,2,654,
8,2,6,5,8,8,8,3,687,
8,2,6,5,8,8,8,4,687,
8,2,6,5,8,8,8,5,687,
8,2,6,5,8,8,8,6,687,
8,2,6,5,8,8,8,7,687,
8,2,6,5,8,8,8,8,687,
8,3,6,5,8,8,8,1,675,
8,3,6,5,8,8,8,2,687,
8,3,6,5,8,8,8,3,666,
8,3,6,5,8,8,8,4,699,
8,3,6,5,8,8,8,5,699,
8,3,6,5,8,8,8,6,699,
8,3,6,5,8,8,8,7,699,
8,3,6,5,8,8,8,8,699,
8,4,6,5,8,8,8,1,675,
8,4,6,5,8,8,8,2,687,
8,4,6,5,8,8,8,3,699,
8,4,6,5,8,8,8,4,678,
8,4,6,5,8,8,8,5,711,
8,4,6,5,8,8,8,6,711,
8,4,6,5,8,8,8,7,711,
8,4,6,5,8,8,8,8,711,
8,5,6,5,8,8,8,1,675,
8,5,6,5,8,8,8,2,687,
8,5,6,5,8,8,8,3,699,
8,5,6,5,8,8,8,4,711,
8,5,6,5,8,8,8,5,690,
8,5,6,5,8,8,8,6,723,
8,5,6,5,8,8,8,7,723,
8,5,6,5,8,8,8,8,723,
8,6,6,5,8,8,8,1,675,
8,6,6,5,8,8,8,2,687,
8,6,6,5,8,8,8,3,699,
8,6,6,5,8,8,8,4,711,
8,6,6,5,8,8,8,5,723,
8,6,6,5,8,8,8,6,702,
8,6,6,5,8,8,8,7,735,
8,6,6,5,8,8,8,8,735,
8,7,6,5,8,8,8,1,675,
8,7,6,5,8,8,8,2,687,
8,7,6,5,8,8,8,3,699,
8,7,6,5,8,8,8,4,711,
8,7,6,5,8,8,8,5,723,
8,7,6,5,8,8,8,6,735,
8,7,6,5,8,8,8,7,714,
8,7,6,5,8,8,8,8,747,
8,8,6,5,8,8,8,1,675,
8,8,6,5,8,8,8,2,687,
8,8,6,5,8,8,8,3,699,
8,8,6,5,8,8,8,4,711,
8,8,6,5,8,8,8,5,723,
8,8,6,5,8,8,8,6,735,
8,8,6,5,8,8,8,7,747,
8,8,6,5,8,8,8,8,726,
8,1,6,6,8,8,8,1,756,
8,1,6,6,8,8,8,2,795,
8,1,6,6,8,8,8,3,795,
8,1,6,6,8,8,8,4,795,
8,1,6,6,8,8,8,5,795,
8,1,6,6,8,8,8,6,795,
8,1,6,6,8,8,8,7,795,
8,1,6,6,8,8,8,8,795,
8,2,6,6,8,8,8,1,795,
8,2,6,6,8,8,8,2,768,
8,2,6,6,8,8,8,3,807,
8,2,6,6,8,8,8,4,807,
8,2,6,6,8,8,8,5,807,
8,2,6,6,8,8,8,6,807,
8,2,6,6,8,8,8,7,807,
8,2,6,6,8,8,8,8,807,
8,3,6,6,8,8,8,1,795,
8,3,6,6,8,8,8,2,807,
8,3,6,6,8,8,8,3,780,
8,3,6,6,8,8,8,4,819,
8,3,6,6,8,8,8,5,819,
8,3,6,6,8,8,8,6,819,
8,3,6,6,8,8,8,7,819,
8,3,6,6,8,8,8,8,819,
8,4,6,6,8,8,8,1,795,
8,4,6,6,8,8,8,2,807,
8,4,6,6,8,8,8,3,819,
8,4,6,6,8,8,8,4,792,
8,4,6,6,8,8,8,5,831,
8,4,6,6,8,8,8,6,831,
8,4,6,6,8,8,8,7,831,
8,4,6,6,8,8,8,8,831,
8,5,6,6,8,8,8,1,795,
8,5,6,6,8,8,8,2,807,
8,5,6,6,8,8,8,3,819,
8,5,6,6,8,8,8,4,831,
8,5,6,6,8,8,8,5,804,
8,5,6,6,8,8,8,6,843,
8,5,6,6,8,8,8,7,843,
8,5,6,6,8,8,8,8,843,
8,6,6,6,8,8,8,1,795,
8,6,6,6,8,8,8,2,807,
8,6,6,6,8,8,8,3,819,
8,6,6,6,8,8,8,4,831,
8,6,6,6,8,8,8,5,843,
8,6,6,6,8,8,8,6,816,
8,6,6,6,8,8,8,7,855,
8,6,6,6,8,8,8,8,855,
8,7,6,6,8,8,8,1,795,
8,7,6,6,8,8,8,2,807,
8,7,6,6,8,8,8,3,819,
8,7,6,6,8,8,8,4,831,
8,7,6,6,8,8,8,5,843,
8,7,6,6,8,8,8,6,855,
8,7,6,6,8,8,8,7,828,
8,7,6,6,8,8,8,8,867,
8,8,6,6,8,8,8,1,795,
8,8,6,6,8,8,8,2,807,
8,8,6,6,8,8,8,3,819,
8,8,6,6,8,8,8,4,831,
8,8,6,6,8,8,8,5,843,
8,8,6,6,8,8,8,6,855,
8,8,6,6,8,8,8,7,867,
8,8,6,6,8,8,8,8,840,
8,1,6,7,8,8,8,1,870,
8,1,6,7,8,8,8,2,915,
8,1,6,7,8,8,8,3,915,
8,1,6,7,8,8,8,4,915,
8,1,6,7,8,8,8,5,915,
8,1,6,7,8,8,8,6,915,
8,1,6,7,8,8,8,7,915,
8,1,6,7,8,8,8,8,915,
8,2,6,7,8,8,8,1,915,
8,2,6,7,8,8,8,2,882,
8,2,6,7,8,8,8,3,927,
8,2,6,7,8,8,8,4,927,
8,2,6,7,8,8,8,5,927,
8,2,6,7,8,8,8,6,927,
8,2,6,7,8,8,8,7,927,
8,2,6,7,8,8,8,8,927,
8,3,6,7,8,8,8,1,915,
8,3,6,7,8,8,8,2,927,
8,3,6,7,8,8,8,3,894,
8,3,6,7,8,8,8,4,939,
8,3,6,7,8,8,8,5,939,
8,3,6,7,8,8,8,6,939,
8,3,6,7,8,8,8,7,939,
8,3,6,7,8,8,8,8,939,
8,4,6,7,8,8,8,1,915,
8,4,6,7,8,8,8,2,927,
8,4,6,7,8,8,8,3,939,
8,4,6,7,8,8,8,4,906,
8,4,6,7,8,8,8,5,951,
8,4,6,7,8,8,8,6,951,
8,4,6,7,8,8,8,7,951,
8,4,6,7,8,8,8,8,951,
8,5,6,7,8,8,8,1,915,
8,5,6,7,8,8,8,2,927,
8,5,6,7,8,8,8,3,939,
8,5,6,7,8,8,8,4,951,
8,5,6,7,8,8,8,5,918,
8,5,6,7,8,8,8,6,963,
8,5,6,7,8,8,8,7,963,
8,5,6,7,8,8,8,8,963,
8,6,6,7,8,8,8,1,915,
8,6,6,7,8,8,8,2,927,
8,6,6,7,8,8,8,3,939,
8,6,6,7,8,8,8,4,951,
8,6,6,7,8,8,8,5,963,
8,6,6,7,8,8,8,6,930,
8,6,6,7,8,8,8,7,975,
8,6,6,7,8,8,8,8,975,
8,7,6,7,8,8,8,1,915,
8,7,6,7,8,8,8,2,927,
8,7,6,7,8,8,8,3,939,
8,7,6,7,8,8,8,4,951,
8,7,6,7,8,8,8,5,963,
8,7,6,7,8,8,8,6,975,
8,7,6,7,8,8,8,7,942,
8,7,6,7,8,8,8,8,987,
8,8,6,7,8,8,8,1,915,
8,8,6,7,8,8,8,2,927,
8,8,6,7,8,8,8,3,939,
8,8,6,7,8,8,8,4,951,
8,8,6,7,8,8,8,5,963,
8,8,6,7,8,8,8,6,975,
8,8,6,7,8,8,8,7,987,
8,8,6,7,8,8,8,8,954,
8,1,6,8,8,8,8,1,984,
8,1,6,8,8,8,8,2,1035,
8,1,6,8,8,8,8,3,1035,
8,1,6,8,8,8,8,4,1035,
8,1,6,8,8,8,8,5,1035,
8,1,6,8,8,8,8,6,1035,
8,1,6,8,8,8,8,7,1035,
8,1,6,8,8,8,8,8,1035,
8,2,6,8,8,8,8,1,1035,
8,2,6,8,8,8,8,2,996,
8,2,6,8,8,8,8,3,1047,
8,2,6,8,8,8,8,4,1047,
8,2,6,8,8,8,8,5,1047,
8,2,6,8,8,8,8,6,1047,
8,2,6,8,8,8,8,7,1047,
8,2,6,8,8,8,8,8,1047,
8,3,6,8,8,8,8,1,1035,
8,3,6,8,8,8,8,2,1047,
8,3,6,8,8,8,8,3,1008,
8,3,6,8,8,8,8,4,1059,
8,3,6,8,8,8,8,5,1059,
8,3,6,8,8,8,8,6,1059,
8,3,6,8,8,8,8,7,1059,
8,3,6,8,8,8,8,8,1059,
8,4,6,8,8,8,8,1,1035,
8,4,6,8,8,8,8,2,1047,
8,4,6,8,8,8,8,3,1059,
8,4,6,8,8,8,8,4,1020,
8,4,6,8,8,8,8,5,1071,
8,4,6,8,8,8,8,6,1071,
8,4,6,8,8,8,8,7,1071,
8,4,6,8,8,8,8,8,1071,
8,5,6,8,8,8,8,1,1035,
8,5,6,8,8,8,8,2,1047,
8,5,6,8,8,8,8,3,1059,
8,5,6,8,8,8,8,4,1071,
8,5,6,8,8,8,8,5,1032,
8,5,6,8,8,8,8,6,1083,
8,5,6,8,8,8,8,7,1083,
8,5,6,8,8,8,8,8,1083,
8,6,6,8,8,8,8,1,1035,
8,6,6,8,8,8,8,2,1047,
8,6,6,8,8,8,8,3,1059,
8,6,6,8,8,8,8,4,1071,
8,6,6,8,8,8,8,5,1083,
8,6,6,8,8,8,8,6,1044,
8,6,6,8,8,8,8,7,1095,
8,6,6,8,8,8,8,8,1095,
8,7,6,8,8,8,8,1,1035,
8,7,6,8,8,8,8,2,1047,
8,7,6,8,8,8,8,3,1059,
8,7,6,8,8,8,8,4,1071,
8,7,6,8,8,8,8,5,1083,
8,7,6,8,8,8,8,6,1095,
8,7,6,8,8,8,8,7,1056,
8,7,6,8,8,8,8,8,1107,
8,8,6,8,8,8,8,1,1035,
8,8,6,8,8,8,8,2,1047,
8,8,6,8,8,8,8,3,1059,
8,8,6,8,8,8,8,4,1071,
8,8,6,8,8,8,8,5,1083,
8,8,6,8,8,8,8,6,1095,
8,8,6,8,8,8,8,7,1107,
8,8,6,8,8,8,8,8,1068,
8,1,7,1,8,8,8,1,205,
8,1,7,1,8,8,8,2,215,
8,1,7,1,8,8,8,3,215,
8,1,7,1,8,8,8,4,215,
8,1,7,1,8,8,8,5,215,
8,1,7,1,8,8,8,6,215,
8,1,7,1,8,8,8,7,215,
8,1,7,1,8,8,8,8,215,
8,2,7,1,8,8,8,1,215,
8,2,7,1,8,8,8,2,217,
8,2,7,1,8,8,8,3,227,
8,2,7,1,8,8,8,4,227,
8,2,7,1,8,8,8,5,227,
8,2,7,1,8,8,8,6,227,
8,2,7,1,8,8,8,7,227,
8,2,7,1,8,8,8,8,227,
8,3,7,1,8,8,8,1,215,
8,3,7,1,8,8,8,2,227,
8,3,7,1,8,8,8,3,229,
8,3,7,1,8,8,8,4,239,
8,3,7,1,8,8,8,5,239,
8,3,7,1,8,8,8,6,239,
8,3,7,1,8,8,8,7,239,
8,3,7,1,8,8,8,8,239,
8,4,7,1,8,8,8,1,215,
8,4,7,1,8,8,8,2,227,
8,4,7,1,8,8,8,3,239,
8,4,7,1,8,8,8,4,241,
8,4,7,1,8,8,8,5,251,
8,4,7,1,8,8,8,6,251,
8,4,7,1,8,8,8,7,251,
8,4,7,1,8,8,8,8,251,
8,5,7,1,8,8,8,1,215,
8,5,7,1,8,8,8,2,227,
8,5,7,1,8,8,8,3,239,
8,5,7,1,8,8,8,4,251,
8,5,7,1,8,8,8,5,253,
8,5,7,1,8,8,8,6,263,
8,5,7,1,8,8,8,7,263,
8,5,7,1,8,8,8,8,263,
8,6,7,1,8,8,8,1,215,
8,6,7,1,8,8,8,2,227,
8,6,7,1,8,8,8,3,239,
8,6,7,1,8,8,8,4,251,
8,6,7,1,8,8,8,5,263,
8,6,7,1,8,8,8,6,265,
8,6,7,1,8,8,8,7,275,
8,6,7,1,8,8,8,8,275,
8,7,7,1,8,8,8,1,215,
8,7,7,1,8,8,8,2,227,
8,7,7,1,8,8,8,3,239,
8,7,7,1,8,8,8,4,251,
8,7,7,1,8,8,8,5,263,
8,7,7,1,8,8,8,6,275,
8,7,7,1,8,8,8,7,277,
8,7,7,1,8,8,8,8,287,
8,8,7,1,8,8,8,1,215,
8,8,7,1,8,8,8,2,227,
8,8,7,1,8,8,8,3,239,
8,8,7,1,8,8,8,4,251,
8,8,7,1,8,8,8,5,263,
8,8,7,1,8,8,8,6,275,
8,8,7,1,8,8,8,7,287,
8,8,7,1,8,8,8,8,289,
8,1,7,2,8,8,8,1,338,
8,1,7,2,8,8,8,2,355,
8,1,7,2,8,8,8,3,355,
8,1,7,2,8,8,8,4,355,
8,1,7,2,8,8,8,5,355,
8,1,7,2,8,8,8,6,355,
8,1,7,2,8,8,8,7,355,
8,1,7,2,8,8,8,8,355,
8,2,7,2,8,8,8,1,355,
8,2,7,2,8,8,8,2,350,
8,2,7,2,8,8,8,3,367,
8,2,7,2,8,8,8,4,367,
8,2,7,2,8,8,8,5,367,
8,2,7,2,8,8,8,6,367,
8,2,7,2,8,8,8,7,367,
8,2,7,2,8,8,8,8,367,
8,3,7,2,8,8,8,1,355,
8,3,7,2,8,8,8,2,367,
8,3,7,2,8,8,8,3,362,
8,3,7,2,8,8,8,4,379,
8,3,7,2,8,8,8,5,379,
8,3,7,2,8,8,8,6,379,
8,3,7,2,8,8,8,7,379,
8,3,7,2,8,8,8,8,379,
8,4,7,2,8,8,8,1,355,
8,4,7,2,8,8,8,2,367,
8,4,7,2,8,8,8,3,379,
8,4,7,2,8,8,8,4,374,
8,4,7,2,8,8,8,5,391,
8,4,7,2,8,8,8,6,391,
8,4,7,2,8,8,8,7,391,
8,4,7,2,8,8,8,8,391,
8,5,7,2,8,8,8,1,355,
8,5,7,2,8,8,8,2,367,
8,5,7,2,8,8,8,3,379,
8,5,7,2,8,8,8,4,391,
8,5,7,2,8,8,8,5,386,
8,5,7,2,8,8,8,6,403,
8,5,7,2,8,8,8,7,403,
8,5,7,2,8,8,8,8,403,
8,6,7,2,8,8,8,1,355,
8,6,7,2,8,8,8,2,367,
8,6,7,2,8,8,8,3,379,
8,6,7,2,8,8,8,4,391,
8,6,7,2,8,8,8,5,403,
8,6,7,2,8,8,8,6,398,
8,6,7,2,8,8,8,7,415,
8,6,7,2,8,8,8,8,415,
8,7,7,2,8,8,8,1,355,
8,7,7,2,8,8,8,2,367,
8,7,7,2,8,8,8,3,379,
8,7,7,2,8,8,8,4,391,
8,7,7,2,8,8,8,5,403,
8,7,7,2,8,8,8,6,415,
8,7,7,2,8,8,8,7,410,
8,7,7,2,8,8,8,8,427,
8,8,7,2,8,8,8,1,355,
8,8,7,2,8,8,8,2,367,
8,8,7,2,8,8,8,3,379,
8,8,7,2,8,8,8,4,391,
8,8,7,2,8,8,8,5,403,
8,8,7,2,8,8,8,6,415,
8,8,7,2,8,8,8,7,427,
8,8,7,2,8,8,8,8,422,
8,1,7,3,8,8,8,1,471,
8,1,7,3,8,8,8,2,495,
8,1,7,3,8,8,8,3,495,
8,1,7,3,8,8,8,4,495,
8,1,7,3,8,8,8,5,495,
8,1,7,3,8,8,8,6,495,
8,1,7,3,8,8,8,7,495,
8,1,7,3,8,8,8,8,495,
8,2,7,3,8,8,8,1,495,
8,2,7,3,8,8,8,2,483,
8,2,7,3,8,8,8,3,507,
8,2,7,3,8,8,8,4,507,
8,2,7,3,8,8,8,5,507,
8,2,7,3,8,8,8,6,507,
8,2,7,3,8,8,8,7,507,
8,2,7,3,8,8,8,8,507,
8,3,7,3,8,8,8,1,495,
8,3,7,3,8,8,8,2,507,
8,3,7,3,8,8,8,3,495,
8,3,7,3,8,8,8,4,519,
8,3,7,3,8,8,8,5,519,
8,3,7,3,8,8,8,6,519,
8,3,7,3,8,8,8,7,519,
8,3,7,3,8,8,8,8,519,
8,4,7,3,8,8,8,1,495,
8,4,7,3,8,8,8,2,507,
8,4,7,3,8,8,8,3,519,
8,4,7,3,8,8,8,4,507,
8,4,7,3,8,8,8,5,531,
8,4,7,3,8,8,8,6,531,
8,4,7,3,8,8,8,7,531,
8,4,7,3,8,8,8,8,531,
8,5,7,3,8,8,8,1,495,
8,5,7,3,8,8,8,2,507,
8,5,7,3,8,8,8,3,519,
8,5,7,3,8,8,8,4,531,
8,5,7,3,8,8,8,5,519,
8,5,7,3,8,8,8,6,543,
8,5,7,3,8,8,8,7,543,
8,5,7,3,8,8,8,8,543,
8,6,7,3,8,8,8,1,495,
8,6,7,3,8,8,8,2,507,
8,6,7,3,8,8,8,3,519,
8,6,7,3,8,8,8,4,531,
8,6,7,3,8,8,8,5,543,
8,6,7,3,8,8,8,6,531,
8,6,7,3,8,8,8,7,555,
8,6,7,3,8,8,8,8,555,
8,7,7,3,8,8,8,1,495,
8,7,7,3,8,8,8,2,507,
8,7,7,3,8,8,8,3,519,
8,7,7,3,8,8,8,4,531,
8,7,7,3,8,8,8,5,543,
8,7,7,3,8,8,8,6,555,
8,7,7,3,8,8,8,7,543,
8,7,7,3,8,8,8,8,567,
8,8,7,3,8,8,8,1,495,
8,8,7,3,8,8,8,2,507,
8,8,7,3,8,8,8,3,519,
8,8,7,3,8,8,8,4,531,
8,8,7,3,8,8,8,5,543,
8,8,7,3,8,8,8,6,555,
8,8,7,3,8,8,8,7,567,
8,8,7,3,8,8,8,8,555,
8,1,7,4,8,8,8,1,604,
8,1,7,4,8,8,8,2,635,
8,1,7,4,8,8,8,3,635,
8,1,7,4,8,8,8,4,635,
8,1,7,4,8,8,8,5,635,
8,1,7,4,8,8,8,6,635,
8,1,7,4,8,8,8,7,635,
8,1,7,4,8,8,8,8,635,
8,2,7,4,8,8,8,1,635,
8,2,7,4,8,8,8,2,616,
8,2,7,4,8,8,8,3,647,
8,2,7,4,8,8,8,4,647,
8,2,7,4,8,8,8,5,647,
8,2,7,4,8,8,8,6,647,
8,2,7,4,8,8,8,7,647,
8,2,7,4,8,8,8,8,647,
8,3,7,4,8,8,8,1,635,
8,3,7,4,8,8,8,2,647,
8,3,7,4,8,8,8,3,628,
8,3,7,4,8,8,8,4,659,
8,3,7,4,8,8,8,5,659,
8,3,7,4,8,8,8,6,659,
8,3,7,4,8,8,8,7,659,
8,3,7,4,8,8,8,8,659,
8,4,7,4,8,8,8,1,635,
8,4,7,4,8,8,8,2,647,
8,4,7,4,8,8,8,3,659,
8,4,7,4,8,8,8,4,640,
8,4,7,4,8,8,8,5,671,
8,4,7,4,8,8,8,6,671,
8,4,7,4,8,8,8,7,671,
8,4,7,4,8,8,8,8,671,
8,5,7,4,8,8,8,1,635,
8,5,7,4,8,8,8,2,647,
8,5,7,4,8,8,8,3,659,
8,5,7,4,8,8,8,4,671,
8,5,7,4,8,8,8,5,652,
8,5,7,4,8,8,8,6,683,
8,5,7,4,8,8,8,7,683,
8,5,7,4,8,8,8,8,683,
8,6,7,4,8,8,8,1,635,
8,6,7,4,8,8,8,2,647,
8,6,7,4,8,8,8,3,659,
8,6,7,4,8,8,8,4,671,
8,6,7,4,8,8,8,5,683,
8,6,7,4,8,8,8,6,664,
8,6,7,4,8,8,8,7,695,
8,6,7,4,8,8,8,8,695,
8,7,7,4,8,8,8,1,635,
8,7,7,4,8,8,8,2,647,
8,7,7,4,8,8,8,3,659,
8,7,7,4,8,8,8,4,671,
8,7,7,4,8,8,8,5,683,
8,7,7,4,8,8,8,6,695,
8,7,7,4,8,8,8,7,676,
8,7,7,4,8,8,8,8,707,
8,8,7,4,8,8,8,1,635,
8,8,7,4,8,8,8,2,647,
8,8,7,4,8,8,8,3,659,
8,8,7,4,8,8,8,4,671,
8,8,7,4,8,8,8,5,683,
8,8,7,4,8,8,8,6,695,
8,8,7,4,8,8,8,7,707,
8,8,7,4,8,8,8,8,688,
8,1,7,5,8,8,8,1,737,
8,1,7,5,8,8,8,2,775,
8,1,7,5,8,8,8,3,775,
8,1,7,5,8,8,8,4,775,
8,1,7,5,8,8,8,5,775,
8,1,7,5,8,8,8,6,775,
8,1,7,5,8,8,8,7,775,
8,1,7,5,8,8,8,8,775,
8,2,7,5,8,8,8,1,775,
8,2,7,5,8,8,8,2,749,
8,2,7,5,8,8,8,3,787,
8,2,7,5,8,8,8,4,787,
8,2,7,5,8,8,8,5,787,
8,2,7,5,8,8,8,6,787,
8,2,7,5,8,8,8,7,787,
8,2,7,5,8,8,8,8,787,
8,3,7,5,8,8,8,1,775,
8,3,7,5,8,8,8,2,787,
8,3,7,5,8,8,8,3,761,
8,3,7,5,8,8,8,4,799,
8,3,7,5,8,8,8,5,799,
8,3,7,5,8,8,8,6,799,
8,3,7,5,8,8,8,7,799,
8,3,7,5,8,8,8,8,799,
8,4,7,5,8,8,8,1,775,
8,4,7,5,8,8,8,2,787,
8,4,7,5,8,8,8,3,799,
8,4,7,5,8,8,8,4,773,
8,4,7,5,8,8,8,5,811,
8,4,7,5,8,8,8,6,811,
8,4,7,5,8,8,8,7,811,
8,4,7,5,8,8,8,8,811,
8,5,7,5,8,8,8,1,775,
8,5,7,5,8,8,8,2,787,
8,5,7,5,8,8,8,3,799,
8,5,7,5,8,8,8,4,811,
8,5,7,5,8,8,8,5,785,
8,5,7,5,8,8,8,6,823,
8,5,7,5,8,8,8,7,823,
8,5,7,5,8,8,8,8,823,
8,6,7,5,8,8,8,1,775,
8,6,7,5,8,8,8,2,787,
8,6,7,5,8,8,8,3,799,
8,6,7,5,8,8,8,4,811,
8,6,7,5,8,8,8,5,823,
8,6,7,5,8,8,8,6,797,
8,6,7,5,8,8,8,7,835,
8,6,7,5,8,8,8,8,835,
8,7,7,5,8,8,8,1,775,
8,7,7,5,8,8,8,2,787,
8,7,7,5,8,8,8,3,799,
8,7,7,5,8,8,8,4,811,
8,7,7,5,8,8,8,5,823,
8,7,7,5,8,8,8,6,835,
8,7,7,5,8,8,8,7,809,
8,7,7,5,8,8,8,8,847,
8,8,7,5,8,8,8,1,775,
8,8,7,5,8,8,8,2,787,
8,8,7,5,8,8,8,3,799,
8,8,7,5,8,8,8,4,811,
8,8,7,5,8,8,8,5,823,
8,8,7,5,8,8,8,6,835,
8,8,7,5,8,8,8,7,847,
8,8,7,5,8,8,8,8,821,
8,1,7,6,8,8,8,1,870,
8,1,7,6,8,8,8,2,915,
8,1,7,6,8,8,8,3,915,
8,1,7,6,8,8,8,4,915,
8,1,7,6,8,8,8,5,915,
8,1,7,6,8,8,8,6,915,
8,1,7,6,8,8,8,7,915,
8,1,7,6,8,8,8,8,915,
8,2,7,6,8,8,8,1,915,
8,2,7,6,8,8,8,2,882,
8,2,7,6,8,8,8,3,927,
8,2,7,6,8,8,8,4,927,
8,2,7,6,8,8,8,5,927,
8,2,7,6,8,8,8,6,927,
8,2,7,6,8,8,8,7,927,
8,2,7,6,8,8,8,8,927,
8,3,7,6,8,8,8,1,915,
8,3,7,6,8,8,8,2,927,
8,3,7,6,8,8,8,3,894,
8,3,7,6,8,8,8,4,939,
8,3,7,6,8,8,8,5,939,
8,3,7,6,8,8,8,6,939,
8,3,7,6,8,8,8,7,939,
8,3,7,6,8,8,8,8,939,
8,4,7,6,8,8,8,1,915,
8,4,7,6,8,8,8,2,927,
8,4,7,6,8,8,8,3,939,
8,4,7,6,8,8,8,4,906,
8,4,7,6,8,8,8,5,951,
8,4,7,6,8,8,8,6,951,
8,4,7,6,8,8,8,7,951,
8,4,7,6,8,8,8,8,951,
8,5,7,6,8,8,8,1,915,
8,5,7,6,8,8,8,2,927,
8,5,7,6,8,8,8,3,939,
8,5,7,6,8,8,8,4,951,
8,5,7,6,8,8,8,5,918,
8,5,7,6,8,8,8,6,963,
8,5,7,6,8,8,8,7,963,
8,5,7,6,8,8,8,8,963,
8,6,7,6,8,8,8,1,915,
8,6,7,6,8,8,8,2,927,
8,6,7,6,8,8,8,3,939,
8,6,7,6,8,8,8,4,951,
8,6,7,6,8,8,8,5,963,
8,6,7,6,8,8,8,6,930,
8,6,7,6,8,8,8,7,975,
8,6,7,6,8,8,8,8,975,
8,7,7,6,8,8,8,1,915,
8,7,7,6,8,8,8,2,927,
8,7,7,6,8,8,8,3,939,
8,7,7,6,8,8,8,4,951,
8,7,7,6,8,8,8,5,963,
8,7,7,6,8,8,8,6,975,
8,7,7,6,8,8,8,7,942,
8,7,7,6,8,8,8,8,987,
8,8,7,6,8,8,8,1,915,
8,8,7,6,8,8,8,2,927,
8,8,7,6,8,8,8,3,939,
8,8,7,6,8,8,8,4,951,
8,8,7,6,8,8,8,5,963,
8,8,7,6,8,8,8,6,975,
8,8,7,6,8,8,8,7,987,
8,8,7,6,8,8,8,8,954,
8,1,7,7,8,8,8,1,1003,
8,1,7,7,8,8,8,2,1055,
8,1,7,7,8,8,8,3,1055,
8,1,7,7,8,8,8,4,1055,
8,1,7,7,8,8,8,5,1055,
8,1,7,7,8,8,8,6,1055,
8,1,7,7,8,8,8,7,1055,
8,1,7,7,8,8,8,8,1055,
8,2,7,7,8,8,8,1,1055,
8,2,7,7,8,8,8,2,1015,
8,2,7,7,8,8,8,3,1067,
8,2,7,7,8,8,8,4,1067,
8,2,7,7,8,8,8,5,1067,
8,2,7,7,8,8,8,6,1067,
8,2,7,7,8,8,8,7,1067,
8,2,7,7,8,8,8,8,1067,
8,3,7,7,8,8,8,1,1055,
8,3,7,7,8,8,8,2,1067,
8,3,7,7,8,8,8,3,1027,
8,3,7,7,8,8,8,4,1079,
8,3,7,7,8,8,8,5,1079,
8,3,7,7,8,8,8,6,1079,
8,3,7,7,8,8,8,7,1079,
8,3,7,7,8,8,8,8,1079,
8,4,7,7,8,8,8,1,1055,
8,4,7,7,8,8,8,2,1067,
8,4,7,7,8,8,8,3,1079,
8,4,7,7,8,8,8,4,1039,
8,4,7,7,8,8,8,5,1091,
8,4,7,7,8,8,8,6,1091,
8,4,7,7,8,8,8,7,1091,
8,4,7,7,8,8,8,8,1091,
8,5,7,7,8,8,8,1,1055,
8,5,7,7,8,8,8,2,1067,
8,5,7,7,8,8,8,3,1079,
8,5,7,7,8,8,8,4,1091,
8,5,7,7,8,8,8,5,1051,
8,5,7,7,8,8,8,6,1103,
8,5,7,7,8,8,8,7,1103,
8,5,7,7,8,8,8,8,1103,
8,6,7,7,8,8,8,1,1055,
8,6,7,7,8,8,8,2,1067,
8,6,7,7,8,8,8,3,1079,
8,6,7,7,8,8,8,4,1091,
8,6,7,7,8,8,8,5,1103,
8,6,7,7,8,8,8,6,1063,
8,6,7,7,8,8,8,7,1115,
8,6,7,7,8,8,8,8,1115,
8,7,7,7,8,8,8,1,1055,
8,7,7,7,8,8,8,2,1067,
8,7,7,7,8,8,8,3,1079,
8,7,7,7,8,8,8,4,1091,
8,7,7,7,8,8,8,5,1103,
8,7,7,7,8,8,8,6,1115,
8,7,7,7,8,8,8,7,1075,
8,7,7,7,8,8,8,8,1127,
8,8,7,7,8,8,8,1,1055,
8,8,7,7,8,8,8,2,1067,
8,8,7,7,8,8,8,3,1079,
8,8,7,7,8,8,8,4,1091,
8,8,7,7,8,8,8,5,1103,
8,8,7,7,8,8,8,6,1115,
8,8,7,7,8,8,8,7,1127,
8,8,7,7,8,8,8,8,1087,
8,1,7,8,8,8,8,1,1136,
8,1,7,8,8,8,8,2,1195,
8,1,7,8,8,8,8,3,1195,
8,1,7,8,8,8,8,4,1195,
8,1,7,8,8,8,8,5,1195,
8,1,7,8,8,8,8,6,1195,
8,1,7,8,8,8,8,7,1195,
8,1,7,8,8,8,8,8,1195,
8,2,7,8,8,8,8,1,1195,
8,2,7,8,8,8,8,2,1148,
8,2,7,8,8,8,8,3,1207,
8,2,7,8,8,8,8,4,1207,
8,2,7,8,8,8,8,5,1207,
8,2,7,8,8,8,8,6,1207,
8,2,7,8,8,8,8,7,1207,
8,2,7,8,8,8,8,8,1207,
8,3,7,8,8,8,8,1,1195,
8,3,7,8,8,8,8,2,1207,
8,3,7,8,8,8,8,3,1160,
8,3,7,8,8,8,8,4,1219,
8,3,7,8,8,8,8,5,1219,
8,3,7,8,8,8,8,6,1219,
8,3,7,8,8,8,8,7,1219,
8,3,7,8,8,8,8,8,1219,
8,4,7,8,8,8,8,1,1195,
8,4,7,8,8,8,8,2,1207,
8,4,7,8,8,8,8,3,1219,
8,4,7,8,8,8,8,4,1172,
8,4,7,8,8,8,8,5,1231,
8,4,7,8,8,8,8,6,1231,
8,4,7,8,8,8,8,7,1231,
8,4,7,8,8,8,8,8,1231,
8,5,7,8,8,8,8,1,1195,
8,5,7,8,8,8,8,2,1207,
8,5,7,8,8,8,8,3,1219,
8,5,7,8,8,8,8,4,1231,
8,5,7,8,8,8,8,5,1184,
8,5,7,8,8,8,8,6,1243,
8,5,7,8,8,8,8,7,1243,
8,5,7,8,8,8,8,8,1243,
8,6,7,8,8,8,8,1,1195,
8,6,7,8,8,8,8,2,1207,
8,6,7,8,8,8,8,3,1219,
8,6,7,8,8,8,8,4,1231,
8,6,7,8,8,8,8,5,1243,
8,6,7,8,8,8,8,6,1196,
8,6,7,8,8,8,8,7,1255,
8,6,7,8,8,8,8,8,1255,
8,7,7,8,8,8,8,1,1195,
8,7,7,8,8,8,8,2,1207,
8,7,7,8,8,8,8,3,1219,
8,7,7,8,8,8,8,4,1231,
8,7,7,8,8,8,8,5,1243,
8,7,7,8,8,8,8,6,1255,
8,7,7,8,8,8,8,7,1208,
8,7,7,8,8,8,8,8,1267,
8,8,7,8,8,8,8,1,1195,
8,8,7,8,8,8,8,2,1207,
8,8,7,8,8,8,8,3,1219,
8,8,7,8,8,8,8,4,1231,
8,8,7,8,8,8,8,5,1243,
8,8,7,8,8,8,8,6,1255,
8,8,7,8,8,8,8,7,1267,
8,8,7,8,8,8,8,8,1220,
8,1,8,1,8,8,8,1,224,
8,1,8,1,8,8,8,2,235,
8,1,8,1,8,8,8,3,235,
8,1,8,1,8,8,8,4,235,
8,1,8,1,8,8,8,5,235,
8,1,8,1,8,8,8,6,235,
8,1,8,1,8,8,8,7,235,
8,1,8,1,8,8,8,8,235,
8,2,8,1,8,8,8,1,235,
8,2,8,1,8,8,8,2,236,
8,2,8,1,8,8,8,3,247,
8,2,8,1,8,8,8,4,247,
8,2,8,1,8,8,8,5,247,
8,2,8,1,8,8,8,6,247,
8,2,8,1,8,8,8,7,247,
8,2,8,1,8,8,8,8,247,
8,3,8,1,8,8,8,1,235,
8,3,8,1,8,8,8,2,247,
8,3,8,1,8,8,8,3,248,
8,3,8,1,8,8,8,4,259,
8,3,8,1,8,8,8,5,259,
8,3,8,1,8,8,8,6,259,
8,3,8,1,8,8,8,7,259,
8,3,8,1,8,8,8,8,259,
8,4,8,1,8,8,8,1,235,
8,4,8,1,8,8,8,2,247,
8,4,8,1,8,8,8,3,259,
8,4,8,1,8,8,8,4,260,
8,4,8,1,8,8,8,5,271,
8,4,8,1,8,8,8,6,271,
8,4,8,1,8,8,8,7,271,
8,4,8,1,8,8,8,8,271,
8,5,8,1,8,8,8,1,235,
8,5,8,1,8,8,8,2,247,
8,5,8,1,8,8,8,3,259,
8,5,8,1,8,8,8,4,271,
8,5,8,1,8,8,8,5,272,
8,5,8,1,8,8,8,6,283,
8,5,8,1,8,8,8,7,283,
8,5,8,1,8,8,8,8,283,
8,6,8,1,8,8,8,1,235,
8,6,8,1,8,8,8,2,247,
8,6,8,1,8,8,8,3,259,
8,6,8,1,8,8,8,4,271,
8,6,8,1,8,8,8,5,283,
8,6,8,1,8,8,8,6,284,
8,6,8,1,8,8,8,7,295,
8,6,8,1,8,8,8,8,295,
8,7,8,1,8,8,8,1,235,
8,7,8,1,8,8,8,2,247,
8,7,8,1,8,8,8,3,259,
8,7,8,1,8,8,8,4,271,
8,7,8,1,8,8,8,5,283,
8,7,8,1,8,8,8,6,295,
8,7,8,1,8,8,8,7,296,
8,7,8,1,8,8,8,8,307,
8,8,8,1,8,8,8,1,235,
8,8,8,1,8,8,8,2,247,
8,8,8,1,8,8,8,3,259,
8,8,8,1,8,8,8,4,271,
8,8,8,1,8,8,8,5,283,
8,8,8,1,8,8,8,6,295,
8,8,8,1,8,8,8,7,307,
8,8,8,1,8,8,8,8,308,
8,1,8,2,8,8,8,1,376,
8,1,8,2,8,8,8,2,395,
8,1,8,2,8,8,8,3,395,
8,1,8,2,8,8,8,4,395,
8,1,8,2,8,8,8,5,395,
8,1,8,2,8,8,8,6,395,
8,1,8,2,8,8,8,7,395,
8,1,8,2,8,8,8,8,395,
8,2,8,2,8,8,8,1,395,
8,2,8,2,8,8,8,2,388,
8,2,8,2,8,8,8,3,407,
8,2,8,2,8,8,8,4,407,
8,2,8,2,8,8,8,5,407,
8,2,8,2,8,8,8,6,407,
8,2,8,2,8,8,8,7,407,
8,2,8,2,8,8,8,8,407,
8,3,8,2,8,8,8,1,395,
8,3,8,2,8,8,8,2,407,
8,3,8,2,8,8,8,3,400,
8,3,8,2,8,8,8,4,419,
8,3,8,2,8,8,8,5,419,
8,3,8,2,8,8,8,6,419,
8,3,8,2,8,8,8,7,419,
8,3,8,2,8,8,8,8,419,
8,4,8,2,8,8,8,1,395,
8,4,8,2,8,8,8,2,407,
8,4,8,2,8,8,8,3,419,
8,4,8,2,8,8,8,4,412,
8,4,8,2,8,8,8,5,431,
8,4,8,2,8,8,8,6,431,
8,4,8,2,8,8,8,7,431,
8,4,8,2,8,8,8,8,431,
8,5,8,2,8,8,8,1,395,
8,5,8,2,8,8,8,2,407,
8,5,8,2,8,8,8,3,419,
8,5,8,2,8,8,8,4,431,
8,5,8,2,8,8,8,5,424,
8,5,8,2,8,8,8,6,443,
8,5,8,2,8,8,8,7,443,
8,5,8,2,8,8,8,8,443,
8,6,8,2,8,8,8,1,395,
8,6,8,2,8,8,8,2,407,
8,6,8,2,8,8,8,3,419,
8,6,8,2,8,8,8,4,431,
8,6,8,2,8,8,8,5,443,
8,6,8,2,8,8,8,6,436,
8,6,8,2,8,8,8,7,455,
8,6,8,2,8,8,8,8,455,
8,7,8,2,8,8,8,1,395,
8,7,8,2,8,8,8,2,407,
8,7,8,2,8,8,8,3,419,
8,7,8,2,8,8,8,4,431,
8,7,8,2,8,8,8,5,443,
8,7,8,2,8,8,8,6,455,
8,7,8,2,8,8,8,7,448,
8,7,8,2,8,8,8,8,467,
8,8,8,2,8,8,8,1,395,
8,8,8,2,8,8,8,2,407,
8,8,8,2,8,8,8,3,419,
8,8,8,2,8,8,8,4,431,
8,8,8,2,8,8,8,5,443,
8,8,8,2,8,8,8,6,455,
8,8,8,2,8,8,8,7,467,
8,8,8,2,8,8,8,8,460,
8,1,8,3,8,8,8,1,528,
8,1,8,3,8,8,8,2,555,
8,1,8,3,8,8,8,3,555,
8,1,8,3,8,8,8,4,555,
8,1,8,3,8,8,8,5,555,
8,1,8,3,8,8,8,6,555,
8,1,8,3,8,8,8,7,555,
8,1,8,3,8,8,8,8,555,
8,2,8,3,8,8,8,1,555,
8,2,8,3,8,8,8,2,540,
8,2,8,3,8,8,8,3,567,
8,2,8,3,8,8,8,4,567,
8,2,8,3,8,8,8,5,567,
8,2,8,3,8,8,8,6,567,
8,2,8,3,8,8,8,7,567,
8,2,8,3,8,8,8,8,567,
8,3,8,3,8,8,8,1,555,
8,3,8,3,8,8,8,2,567,
8,3,8,3,8,8,8,3,552,
8,3,8,3,8,8,8,4,579,
8,3,8,3,8,8,8,5,579,
8,3,8,3,8,8,8,6,579,
8,3,8,3,8,8,8,7,579,
8,3,8,3,8,8,8,8,579,
8,4,8,3,8,8,8,1,555,
8,4,8,3,8,8,8,2,567,
8,4,8,3,8,8,8,3,579,
8,4,8,3,8,8,8,4,564,
8,4,8,3,8,8,8,5,591,
8,4,8,3,8,8,8,6,591,
8,4,8,3,8,8,8,7,591,
8,4,8,3,8,8,8,8,591,
8,5,8,3,8,8,8,1,555,
8,5,8,3,8,8,8,2,567,
8,5,8,3,8,8,8,3,579,
8,5,8,3,8,8,8,4,591,
8,5,8,3,8,8,8,5,576,
8,5,8,3,8,8,8,6,603,
8,5,8,3,8,8,8,7,603,
8,5,8,3,8,8,8,8,603,
8,6,8,3,8,8,8,1,555,
8,6,8,3,8,8,8,2,567,
8,6,8,3,8,8,8,3,579,
8,6,8,3,8,8,8,4,591,
8,6,8,3,8,8,8,5,603,
8,6,8,3,8,8,8,6,588,
8,6,8,3,8,8,8,7,615,
8,6,8,3,8,8,8,8,615,
8,7,8,3,8,8,8,1,555,
8,7,8,3,8,8,8,2,567,
8,7,8,3,8,8,8,3,579,
8,7,8,3,8,8,8,4,591,
8,7,8,3,8,8,8,5,603,
8,7,8,3,8,8,8,6,615,
8,7,8,3,8,8,8,7,600,
8,7,8,3,8,8,8,8,627,
8,8,8,3,8,8,8,1,555,
8,8,8,3,8,8,8,2,567,
8,8,8,3,8,8,8,3,579,
8,8,8,3,8,8,8,4,591,
8,8,8,3,8,8,8,5,603,
8,8,8,3,8,8,8,6,615,
8,8,8,3,8,8,8,7,627,
8,8,8,3,8,8,8,8,612,
8,1,8,4,8,8,8,1,680,
8,1,8,4,8,8,8,2,715,
8,1,8,4,8,8,8,3,715,
8,1,8,4,8,8,8,4,715,
8,1,8,4,8,8,8,5,715,
8,1,8,4,8,8,8,6,715,
8,1,8,4,8,8,8,7,715,
8,1,8,4,8,8,8,8,715,
8,2,8,4,8,8,8,1,715,
8,2,8,4,8,8,8,2,692,
8,2,8,4,8,8,8,3,727,
8,2,8,4,8,8,8,4,727,
8,2,8,4,8,8,8,5,727,
8,2,8,4,8,8,8,6,727,
8,2,8,4,8,8,8,7,727,
8,2,8,4,8,8,8,8,727,
8,3,8,4,8,8,8,1,715,
8,3,8,4,8,8,8,2,727,
8,3,8,4,8,8,8,3,704,
8,3,8,4,8,8,8,4,739,
8,3,8,4,8,8,8,5,739,
8,3,8,4,8,8,8,6,739,
8,3,8,4,8,8,8,7,739,
8,3,8,4,8,8,8,8,739,
8,4,8,4,8,8,8,1,715,
8,4,8,4,8,8,8,2,727,
8,4,8,4,8,8,8,3,739,
8,4,8,4,8,8,8,4,716,
8,4,8,4,8,8,8,5,751,
8,4,8,4,8,8,8,6,751,
8,4,8,4,8,8,8,7,751,
8,4,8,4,8,8,8,8,751,
8,5,8,4,8,8,8,1,715,
8,5,8,4,8,8,8,2,727,
8,5,8,4,8,8,8,3,739,
8,5,8,4,8,8,8,4,751,
8,5,8,4,8,8,8,5,728,
8,5,8,4,8,8,8,6,763,
8,5,8,4,8,8,8,7,763,
8,5,8,4,8,8,8,8,763,
8,6,8,4,8,8,8,1,715,
8,6,8,4,8,8,8,2,727,
8,6,8,4,8,8,8,3,739,
8,6,8,4,8,8,8,4,751,
8,6,8,4,8,8,8,5,763,
8,6,8,4,8,8,8,6,740,
8,6,8,4,8,8,8,7,775,
8,6,8,4,8,8,8,8,775,
8,7,8,4,8,8,8,1,715,
8,7,8,4,8,8,8,2,727,
8,7,8,4,8,8,8,3,739,
8,7,8,4,8,8,8,4,751,
8,7,8,4,8,8,8,5,763,
8,7,8,4,8,8,8,6,775,
8,7,8,4,8,8,8,7,752,
8,7,8,4,8,8,8,8,787,
8,8,8,4,8,8,8,1,715,
8,8,8,4,8,8,8,2,727,
8,8,8,4,8,8,8,3,739,
8,8,8,4,8,8,8,4,751,
8,8,8,4,8,8,8,5,763,
8,8,8,4,8,8,8,6,775,
8,8,8,4,8,8,8,7,787,
8,8,8,4,8,8,8,8,764,
8,1,8,5,8,8,8,1,832,
8,1,8,5,8,8,8,2,875,
8,1,8,5,8,8,8,3,875,
8,1,8,5,8,8,8,4,875,
8,1,8,5,8,8,8,5,875,
8,1,8,5,8,8,8,6,875,
8,1,8,5,8,8,8,7,875,
8,1,8,5,8,8,8,8,875,
8,2,8,5,8,8,8,1,875,
8,2,8,5,8,8,8,2,844,
8,2,8,5,8,8,8,3,887,
8,2,8,5,8,8,8,4,887,
8,2,8,5,8,8,8,5,887,
8,2,8,5,8,8,8,6,887,
8,2,8,5,8,8,8,7,887,
8,2,8,5,8,8,8,8,887,
8,3,8,5,8,8,8,1,875,
8,3,8,5,8,8,8,2,887,
8,3,8,5,8,8,8,3,856,
8,3,8,5,8,8,8,4,899,
8,3,8,5,8,8,8,5,899,
8,3,8,5,8,8,8,6,899,
8,3,8,5,8,8,8,7,899,
8,3,8,5,8,8,8,8,899,
8,4,8,5,8,8,8,1,875,
8,4,8,5,8,8,8,2,887,
8,4,8,5,8,8,8,3,899,
8,4,8,5,8,8,8,4,868,
8,4,8,5,8,8,8,5,911,
8,4,8,5,8,8,8,6,911,
8,4,8,5,8,8,8,7,911,
8,4,8,5,8,8,8,8,911,
8,5,8,5,8,8,8,1,875,
8,5,8,5,8,8,8,2,887,
8,5,8,5,8,8,8,3,899,
8,5,8,5,8,8,8,4,911,
8,5,8,5,8,8,8,5,880,
8,5,8,5,8,8,8,6,923,
8,5,8,5,8,8,8,7,923,
8,5,8,5,8,8,8,8,923,
8,6,8,5,8,8,8,1,875,
8,6,8,5,8,8,8,2,887,
8,6,8,5,8,8,8,3,899,
8,6,8,5,8,8,8,4,911,
8,6,8,5,8,8,8,5,923,
8,6,8,5,8,8,8,6,892,
8,6,8,5,8,8,8,7,935,
8,6,8,5,8,8,8,8,935,
8,7,8,5,8,8,8,1,875,
8,7,8,5,8,8,8,2,887,
8,7,8,5,8,8,8,3,899,
8,7,8,5,8,8,8,4,911,
8,7,8,5,8,8,8,5,923,
8,7,8,5,8,8,8,6,935,
8,7,8,5,8,8,8,7,904,
8,7,8,5,8,8,8,8,947,
8,8,8,5,8,8,8,1,875,
8,8,8,5,8,8,8,2,887,
8,8,8,5,8,8,8,3,899,
8,8,8,5,8,8,8,4,911,
8,8,8,5,8,8,8,5,923,
8,8,8,5,8,8,8,6,935,
8,8,8,5,8,8,8,7,947,
8,8,8,5,8,8,8,8,916,
8,1,8,6,8,8,8,1,984,
8,1,8,6,8,8,8,2,1035,
8,1,8,6,8,8,8,3,1035,
8,1,8,6,8,8,8,4,1035,
8,1,8,6,8,8,8,5,1035,
8,1,8,6,8,8,8,6,1035,
8,1,8,6,8,8,8,7,1035,
8,1,8,6,8,8,8,8,1035,
8,2,8,6,8,8,8,1,1035,
8,2,8,6,8,8,8,2,996,
8,2,8,6,8,8,8,3,1047,
8,2,8,6,8,8,8,4,1047,
8,2,8,6,8,8,8,5,1047,
8,2,8,6,8,8,8,6,1047,
8,2,8,6,8,8,8,7,1047,
8,2,8,6,8,8,8,8,1047,
8,3,8,6,8,8,8,1,1035,
8,3,8,6,8,8,8,2,1047,
8,3,8,6,8,8,8,3,1008,
8,3,8,6,8,8,8,4,1059,
8,3,8,6,8,8,8,5,1059,
8,3,8,6,8,8,8,6,1059,
8,3,8,6,8,8,8,7,1059,
8,3,8,6,8,8,8,8,1059,
8,4,8,6,8,8,8,1,1035,
8,4,8,6,8,8,8,2,1047,
8,4,8,6,8,8,8,3,1059,
8,4,8,6,8,8,8,4,1020,
8,4,8,6,8,8,8,5,1071,
8,4,8,6,8,8,8,6,1071,
8,4,8,6,8,8,8,7,1071,
8,4,8,6,8,8,8,8,1071,
8,5,8,6,8,8,8,1,1035,
8,5,8,6,8,8,8,2,1047,
8,5,8,6,8,8,8,3,1059,
8,5,8,6,8,8,8,4,1071,
8,5,8,6,8,8,8,5,1032,
8,5,8,6,8,8,8,6,1083,
8,5,8,6,8,8,8,7,1083,
8,5,8,6,8,8,8,8,1083,
8,6,8,6,8,8,8,1,1035,
8,6,8,6,8,8,8,2,1047,
8,6,8,6,8,8,8,3,1059,
8,6,8,6,8,8,8,4,1071,
8,6,8,6,8,8,8,5,1083,
8,6,8,6,8,8,8,6,1044,
8,6,8,6,8,8,8,7,1095,
8,6,8,6,8,8,8,8,1095,
8,7,8,6,8,8,8,1,1035,
8,7,8,6,8,8,8,2,1047,
8,7,8,6,8,8,8,3,1059,
8,7,8,6,8,8,8,4,1071,
8,7,8,6,8,8,8,5,1083,
8,7,8,6,8,8,8,6,1095,
8,7,8,6,8,8,8,7,1056,
8,7,8,6,8,8,8,8,1107,
8,8,8,6,8,8,8,1,1035,
8,8,8,6,8,8,8,2,1047,
8,8,8,6,8,8,8,3,1059,
8,8,8,6,8,8,8,4,1071,
8,8,8,6,8,8,8,5,1083,
8,8,8,6,8,8,8,6,1095,
8,8,8,6,8,8,8,7,1107,
8,8,8,6,8,8,8,8,1068,
8,1,8,7,8,8,8,1,1136,
8,1,8,7,8,8,8,2,1195,
8,1,8,7,8,8,8,3,1195,
8,1,8,7,8,8,8,4,1195,
8,1,8,7,8,8,8,5,1195,
8,1,8,7,8,8,8,6,1195,
8,1,8,7,8,8,8,7,1195,
8,1,8,7,8,8,8,8,1195,
8,2,8,7,8,8,8,1,1195,
8,2,8,7,8,8,8,2,1148,
8,2,8,7,8,8,8,3,1207,
8,2,8,7,8,8,8,4,1207,
8,2,8,7,8,8,8,5,1207,
8,2,8,7,8,8,8,6,1207,
8,2,8,7,8,8,8,7,1207,
8,2,8,7,8,8,8,8,1207,
8,3,8,7,8,8,8,1,1195,
8,3,8,7,8,8,8,2,1207,
8,3,8,7,8,8,8,3,1160,
8,3,8,7,8,8,8,4,1219,
8,3,8,7,8,8,8,5,1219,
8,3,8,7,8,8,8,6,1219,
8,3,8,7,8,8,8,7,1219,
8,3,8,7,8,8,8,8,1219,
8,4,8,7,8,8,8,1,1195,
8,4,8,7,8,8,8,2,1207,
8,4,8,7,8,8,8,3,1219,
8,4,8,7,8,8,8,4,1172,
8,4,8,7,8,8,8,5,1231,
8,4,8,7,8,8,8,6,1231,
8,4,8,7,8,8,8,7,1231,
8,4,8,7,8,8,8,8,1231,
8,5,8,7,8,8,8,1,1195,
8,5,8,7,8,8,8,2,1207,
8,5,8,7,8,8,8,3,1219,
8,5,8,7,8,8,8,4,1231,
8,5,8,7,8,8,8,5,1184,
8,5,8,7,8,8,8,6,1243,
8,5,8,7,8,8,8,7,1243,
8,5,8,7,8,8,8,8,1243,
8,6,8,7,8,8,8,1,1195,
8,6,8,7,8,8,8,2,1207,
8,6,8,7,8,8,8,3,1219,
8,6,8,7,8,8,8,4,1231,
8,6,8,7,8,8,8,5,1243,
8,6,8,7,8,8,8,6,1196,
8,6,8,7,8,8,8,7,1255,
8,6,8,7,8,8,8,8,1255,
8,7,8,7,8,8,8,1,1195,
8,7,8,7,8,8,8,2,1207,
8,7,8,7,8,8,8,3,1219,
8,7,8,7,8,8,8,4,1231,
8,7,8,7,8,8,8,5,1243,
8,7,8,7,8,8,8,6,1255,
8,7,8,7,8,8,8,7,1208,
8,7,8,7,8,8,8,8,1267,
8,8,8,7,8,8,8,1,1195,
8,8,8,7,8,8,8,2,1207,
8,8,8,7,8,8,8,3,1219,
8,8,8,7,8,8,8,4,1231,
8,8,8,7,8,8,8,5,1243,
8,8,8,7,8,8,8,6,1255,
8,8,8,7,8,8,8,7,1267,
8,8,8,7,8,8,8,8,1220,
8,1,8,8,8,8,8,1,1288,
8,1,8,8,8,8,8,2,1355,
8,1,8,8,8,8,8,3,1355,
8,1,8,8,8,8,8,4,1355,
8,1,8,8,8,8,8,5,1355,
8,1,8,8,8,8,8,6,1355,
8,1,8,8,8,8,8,7,1355,
8,1,8,8,8,8,8,8,1355,
8,2,8,8,8,8,8,1,1355,
8,2,8,8,8,8,8,2,1300,
8,2,8,8,8,8,8,3,1367,
8,2,8,8,8,8,8,4,1367,
8,2,8,8,8,8,8,5,1367,
8,2,8,8,8,8,8,6,1367,
8,2,8,8,8,8,8,7,1367,
8,2,8,8,8,8,8,8,1367,
8,3,8,8,8,8,8,1,1355,
8,3,8,8,8,8,8,2,1367,
8,3,8,8,8,8,8,3,1312,
8,3,8,8,8,8,8,4,1379,
8,3,8,8,8,8,8,5,1379,
8,3,8,8,8,8,8,6,1379,
8,3,8,8,8,8,8,7,1379,
8,3,8,8,8,8,8,8,1379,
8,4,8,8,8,8,8,1,1355,
8,4,8,8,8,8,8,2,1367,
8,4,8,8,8,8,8,3,1379,
8,4,8,8,8,8,8,4,1324,
8,4,8,8,8,8,8,5,1391,
8,4,8,8,8,8,8,6,1391,
8,4,8,8,8,8,8,7,1391,
8,4,8,8,8,8,8,8,1391,
8,5,8,8,8,8,8,1,1355,
8,5,8,8,8,8,8,2,1367,
8,5,8,8,8,8,8,3,1379,
8,5,8,8,8,8,8,4,1391,
8,5,8,8,8,8,8,5,1336,
8,5,8,8,8,8,8,6,1403,
8,5,8,8,8,8,8,7,1403,
8,5,8,8,8,8,8,8,1403,
8,6,8,8,8,8,8,1,1355,
8,6,8,8,8,8,8,2,1367,
8,6,8,8,8,8,8,3,1379,
8,6,8,8,8,8,8,4,1391,
8,6,8,8,8,8,8,5,1403,
8,6,8,8,8,8,8,6,1348,
8,6,8,8,8,8,8,7,1415,
8,6,8,8,8,8,8,8,1415,
8,7,8,8,8,8,8,1,1355,
8,7,8,8,8,8,8,2,1367,
8,7,8,8,8,8,8,3,1379,
8,7,8,8,8,8,8,4,1391,
8,7,8,8,8,8,8,5,1403,
8,7,8,8,8,8,8,6,1415,
8,7,8,8,8,8,8,7,1360,
8,7,8,8,8,8,8,8,1427,
8,8,8,8,8,8,8,1,1355,
8,8,8,8,8,8,8,2,1367,
8,8,8,8,8,8,8,3,1379,
8,8,8,8,8,8,8,4,1391,
8,8,8,8,8,8,8,5,1403,
8,8,8,8,8,8,8,6,1415,
8,8,8,8,8,8,8,7,1427,
8,8,8,8,8,8,8,8,1372,
