x_width,x_frac_width,x_row,x_col,x_row_depth,x_col_depth,fork_num,loc,
1,1,1,1,8,8,1,30,
1,1,1,1,8,8,2,32,
1,1,1,1,8,8,3,34,
1,1,1,1,8,8,4,36,
1,1,1,1,8,8,5,38,
1,1,1,1,8,8,8,44,
1,1,1,1,8,8,12,52,
1,1,1,1,8,8,16,60,
1,1,1,1,8,8,24,76,
1,1,1,1,8,8,32,92,
2,1,1,1,8,8,1,30,
2,1,1,1,8,8,2,32,
2,1,1,1,8,8,3,34,
2,1,1,1,8,8,4,36,
2,1,1,1,8,8,5,38,
2,1,1,1,8,8,8,44,
2,1,1,1,8,8,12,52,
2,1,1,1,8,8,16,60,
2,1,1,1,8,8,24,76,
2,1,1,1,8,8,32,92,
3,1,1,1,8,8,1,30,
3,1,1,1,8,8,2,32,
3,1,1,1,8,8,3,34,
3,1,1,1,8,8,4,36,
3,1,1,1,8,8,5,38,
3,1,1,1,8,8,8,44,
3,1,1,1,8,8,12,52,
3,1,1,1,8,8,16,60,
3,1,1,1,8,8,24,76,
3,1,1,1,8,8,32,92,
4,1,1,1,8,8,1,30,
4,1,1,1,8,8,2,32,
4,1,1,1,8,8,3,34,
4,1,1,1,8,8,4,36,
4,1,1,1,8,8,5,38,
4,1,1,1,8,8,8,44,
4,1,1,1,8,8,12,52,
4,1,1,1,8,8,16,60,
4,1,1,1,8,8,24,76,
4,1,1,1,8,8,32,92,
5,1,1,1,8,8,1,30,
5,1,1,1,8,8,2,32,
5,1,1,1,8,8,3,34,
5,1,1,1,8,8,4,36,
5,1,1,1,8,8,5,38,
5,1,1,1,8,8,8,44,
5,1,1,1,8,8,12,52,
5,1,1,1,8,8,16,60,
5,1,1,1,8,8,24,76,
5,1,1,1,8,8,32,92,
6,1,1,1,8,8,1,30,
6,1,1,1,8,8,2,32,
6,1,1,1,8,8,3,34,
6,1,1,1,8,8,4,36,
6,1,1,1,8,8,5,38,
6,1,1,1,8,8,8,44,
6,1,1,1,8,8,12,52,
6,1,1,1,8,8,16,60,
6,1,1,1,8,8,24,76,
6,1,1,1,8,8,32,92,
7,1,1,1,8,8,1,30,
7,1,1,1,8,8,2,32,
7,1,1,1,8,8,3,34,
7,1,1,1,8,8,4,36,
7,1,1,1,8,8,5,38,
7,1,1,1,8,8,8,44,
7,1,1,1,8,8,12,52,
7,1,1,1,8,8,16,60,
7,1,1,1,8,8,24,76,
7,1,1,1,8,8,32,92,
8,1,1,1,8,8,1,30,
8,1,1,1,8,8,2,32,
8,1,1,1,8,8,3,34,
8,1,1,1,8,8,4,36,
8,1,1,1,8,8,5,38,
8,1,1,1,8,8,8,44,
8,1,1,1,8,8,12,52,
8,1,1,1,8,8,16,60,
8,1,1,1,8,8,24,76,
8,1,1,1,8,8,32,92,
1,1,1,2,8,8,1,31,
1,1,1,2,8,8,2,33,
1,1,1,2,8,8,3,35,
1,1,1,2,8,8,4,37,
1,1,1,2,8,8,5,39,
1,1,1,2,8,8,8,45,
1,1,1,2,8,8,12,53,
1,1,1,2,8,8,16,61,
1,1,1,2,8,8,24,77,
1,1,1,2,8,8,32,93,
2,1,1,2,8,8,1,31,
2,1,1,2,8,8,2,33,
2,1,1,2,8,8,3,35,
2,1,1,2,8,8,4,37,
2,1,1,2,8,8,5,39,
2,1,1,2,8,8,8,45,
2,1,1,2,8,8,12,53,
2,1,1,2,8,8,16,61,
2,1,1,2,8,8,24,77,
2,1,1,2,8,8,32,93,
3,1,1,2,8,8,1,31,
3,1,1,2,8,8,2,33,
3,1,1,2,8,8,3,35,
3,1,1,2,8,8,4,37,
3,1,1,2,8,8,5,39,
3,1,1,2,8,8,8,45,
3,1,1,2,8,8,12,53,
3,1,1,2,8,8,16,61,
3,1,1,2,8,8,24,77,
3,1,1,2,8,8,32,93,
4,1,1,2,8,8,1,31,
4,1,1,2,8,8,2,33,
4,1,1,2,8,8,3,35,
4,1,1,2,8,8,4,37,
4,1,1,2,8,8,5,39,
4,1,1,2,8,8,8,45,
4,1,1,2,8,8,12,53,
4,1,1,2,8,8,16,61,
4,1,1,2,8,8,24,77,
4,1,1,2,8,8,32,93,
5,1,1,2,8,8,1,31,
5,1,1,2,8,8,2,33,
5,1,1,2,8,8,3,35,
5,1,1,2,8,8,4,37,
5,1,1,2,8,8,5,39,
5,1,1,2,8,8,8,45,
5,1,1,2,8,8,12,53,
5,1,1,2,8,8,16,61,
5,1,1,2,8,8,24,77,
5,1,1,2,8,8,32,93,
6,1,1,2,8,8,1,31,
6,1,1,2,8,8,2,33,
6,1,1,2,8,8,3,35,
6,1,1,2,8,8,4,37,
6,1,1,2,8,8,5,39,
6,1,1,2,8,8,8,45,
6,1,1,2,8,8,12,53,
6,1,1,2,8,8,16,61,
6,1,1,2,8,8,24,77,
6,1,1,2,8,8,32,93,
7,1,1,2,8,8,1,31,
7,1,1,2,8,8,2,33,
7,1,1,2,8,8,3,35,
7,1,1,2,8,8,4,37,
7,1,1,2,8,8,5,39,
7,1,1,2,8,8,8,45,
7,1,1,2,8,8,12,53,
7,1,1,2,8,8,16,61,
7,1,1,2,8,8,24,77,
7,1,1,2,8,8,32,93,
8,1,1,2,8,8,1,31,
8,1,1,2,8,8,2,33,
8,1,1,2,8,8,3,35,
8,1,1,2,8,8,4,37,
8,1,1,2,8,8,5,39,
8,1,1,2,8,8,8,45,
8,1,1,2,8,8,12,53,
8,1,1,2,8,8,16,61,
8,1,1,2,8,8,24,77,
8,1,1,2,8,8,32,93,
1,1,1,3,8,8,1,32,
1,1,1,3,8,8,2,34,
1,1,1,3,8,8,3,36,
1,1,1,3,8,8,4,38,
1,1,1,3,8,8,5,40,
1,1,1,3,8,8,8,46,
1,1,1,3,8,8,12,54,
1,1,1,3,8,8,16,62,
1,1,1,3,8,8,24,78,
1,1,1,3,8,8,32,94,
2,1,1,3,8,8,1,32,
2,1,1,3,8,8,2,34,
2,1,1,3,8,8,3,36,
2,1,1,3,8,8,4,38,
2,1,1,3,8,8,5,40,
2,1,1,3,8,8,8,46,
2,1,1,3,8,8,12,54,
2,1,1,3,8,8,16,62,
2,1,1,3,8,8,24,78,
2,1,1,3,8,8,32,94,
3,1,1,3,8,8,1,32,
3,1,1,3,8,8,2,34,
3,1,1,3,8,8,3,36,
3,1,1,3,8,8,4,38,
3,1,1,3,8,8,5,40,
3,1,1,3,8,8,8,46,
3,1,1,3,8,8,12,54,
3,1,1,3,8,8,16,62,
3,1,1,3,8,8,24,78,
3,1,1,3,8,8,32,94,
4,1,1,3,8,8,1,32,
4,1,1,3,8,8,2,34,
4,1,1,3,8,8,3,36,
4,1,1,3,8,8,4,38,
4,1,1,3,8,8,5,40,
4,1,1,3,8,8,8,46,
4,1,1,3,8,8,12,54,
4,1,1,3,8,8,16,62,
4,1,1,3,8,8,24,78,
4,1,1,3,8,8,32,94,
5,1,1,3,8,8,1,32,
5,1,1,3,8,8,2,34,
5,1,1,3,8,8,3,36,
5,1,1,3,8,8,4,38,
5,1,1,3,8,8,5,40,
5,1,1,3,8,8,8,46,
5,1,1,3,8,8,12,54,
5,1,1,3,8,8,16,62,
5,1,1,3,8,8,24,78,
5,1,1,3,8,8,32,94,
6,1,1,3,8,8,1,32,
6,1,1,3,8,8,2,34,
6,1,1,3,8,8,3,36,
6,1,1,3,8,8,4,38,
6,1,1,3,8,8,5,40,
6,1,1,3,8,8,8,46,
6,1,1,3,8,8,12,54,
6,1,1,3,8,8,16,62,
6,1,1,3,8,8,24,78,
6,1,1,3,8,8,32,94,
7,1,1,3,8,8,1,32,
7,1,1,3,8,8,2,34,
7,1,1,3,8,8,3,36,
7,1,1,3,8,8,4,38,
7,1,1,3,8,8,5,40,
7,1,1,3,8,8,8,46,
7,1,1,3,8,8,12,54,
7,1,1,3,8,8,16,62,
7,1,1,3,8,8,24,78,
7,1,1,3,8,8,32,94,
8,1,1,3,8,8,1,32,
8,1,1,3,8,8,2,34,
8,1,1,3,8,8,3,36,
8,1,1,3,8,8,4,38,
8,1,1,3,8,8,5,40,
8,1,1,3,8,8,8,46,
8,1,1,3,8,8,12,54,
8,1,1,3,8,8,16,62,
8,1,1,3,8,8,24,78,
8,1,1,3,8,8,32,94,
1,1,1,4,8,8,1,33,
1,1,1,4,8,8,2,35,
1,1,1,4,8,8,3,37,
1,1,1,4,8,8,4,39,
1,1,1,4,8,8,5,41,
1,1,1,4,8,8,8,47,
1,1,1,4,8,8,12,55,
1,1,1,4,8,8,16,63,
1,1,1,4,8,8,24,79,
1,1,1,4,8,8,32,95,
2,1,1,4,8,8,1,33,
2,1,1,4,8,8,2,35,
2,1,1,4,8,8,3,37,
2,1,1,4,8,8,4,39,
2,1,1,4,8,8,5,41,
2,1,1,4,8,8,8,47,
2,1,1,4,8,8,12,55,
2,1,1,4,8,8,16,63,
2,1,1,4,8,8,24,79,
2,1,1,4,8,8,32,95,
3,1,1,4,8,8,1,33,
3,1,1,4,8,8,2,35,
3,1,1,4,8,8,3,37,
3,1,1,4,8,8,4,39,
3,1,1,4,8,8,5,41,
3,1,1,4,8,8,8,47,
3,1,1,4,8,8,12,55,
3,1,1,4,8,8,16,63,
3,1,1,4,8,8,24,79,
3,1,1,4,8,8,32,95,
4,1,1,4,8,8,1,33,
4,1,1,4,8,8,2,35,
4,1,1,4,8,8,3,37,
4,1,1,4,8,8,4,39,
4,1,1,4,8,8,5,41,
4,1,1,4,8,8,8,47,
4,1,1,4,8,8,12,55,
4,1,1,4,8,8,16,63,
4,1,1,4,8,8,24,79,
4,1,1,4,8,8,32,95,
5,1,1,4,8,8,1,33,
5,1,1,4,8,8,2,35,
5,1,1,4,8,8,3,37,
5,1,1,4,8,8,4,39,
5,1,1,4,8,8,5,41,
5,1,1,4,8,8,8,47,
5,1,1,4,8,8,12,55,
5,1,1,4,8,8,16,63,
5,1,1,4,8,8,24,79,
5,1,1,4,8,8,32,95,
6,1,1,4,8,8,1,33,
6,1,1,4,8,8,2,35,
6,1,1,4,8,8,3,37,
6,1,1,4,8,8,4,39,
6,1,1,4,8,8,5,41,
6,1,1,4,8,8,8,47,
6,1,1,4,8,8,12,55,
6,1,1,4,8,8,16,63,
6,1,1,4,8,8,24,79,
6,1,1,4,8,8,32,95,
7,1,1,4,8,8,1,33,
7,1,1,4,8,8,2,35,
7,1,1,4,8,8,3,37,
7,1,1,4,8,8,4,39,
7,1,1,4,8,8,5,41,
7,1,1,4,8,8,8,47,
7,1,1,4,8,8,12,55,
7,1,1,4,8,8,16,63,
7,1,1,4,8,8,24,79,
7,1,1,4,8,8,32,95,
8,1,1,4,8,8,1,33,
8,1,1,4,8,8,2,35,
8,1,1,4,8,8,3,37,
8,1,1,4,8,8,4,39,
8,1,1,4,8,8,5,41,
8,1,1,4,8,8,8,47,
8,1,1,4,8,8,12,55,
8,1,1,4,8,8,16,63,
8,1,1,4,8,8,24,79,
8,1,1,4,8,8,32,95,
1,1,1,5,8,8,1,34,
1,1,1,5,8,8,2,36,
1,1,1,5,8,8,3,38,
1,1,1,5,8,8,4,40,
1,1,1,5,8,8,5,42,
1,1,1,5,8,8,8,48,
1,1,1,5,8,8,12,56,
1,1,1,5,8,8,16,64,
1,1,1,5,8,8,24,80,
1,1,1,5,8,8,32,96,
2,1,1,5,8,8,1,34,
2,1,1,5,8,8,2,36,
2,1,1,5,8,8,3,38,
2,1,1,5,8,8,4,40,
2,1,1,5,8,8,5,42,
2,1,1,5,8,8,8,48,
2,1,1,5,8,8,12,56,
2,1,1,5,8,8,16,64,
2,1,1,5,8,8,24,80,
2,1,1,5,8,8,32,96,
3,1,1,5,8,8,1,34,
3,1,1,5,8,8,2,36,
3,1,1,5,8,8,3,38,
3,1,1,5,8,8,4,40,
3,1,1,5,8,8,5,42,
3,1,1,5,8,8,8,48,
3,1,1,5,8,8,12,56,
3,1,1,5,8,8,16,64,
3,1,1,5,8,8,24,80,
3,1,1,5,8,8,32,96,
4,1,1,5,8,8,1,34,
4,1,1,5,8,8,2,36,
4,1,1,5,8,8,3,38,
4,1,1,5,8,8,4,40,
4,1,1,5,8,8,5,42,
4,1,1,5,8,8,8,48,
4,1,1,5,8,8,12,56,
4,1,1,5,8,8,16,64,
4,1,1,5,8,8,24,80,
4,1,1,5,8,8,32,96,
5,1,1,5,8,8,1,34,
5,1,1,5,8,8,2,36,
5,1,1,5,8,8,3,38,
5,1,1,5,8,8,4,40,
5,1,1,5,8,8,5,42,
5,1,1,5,8,8,8,48,
5,1,1,5,8,8,12,56,
5,1,1,5,8,8,16,64,
5,1,1,5,8,8,24,80,
5,1,1,5,8,8,32,96,
6,1,1,5,8,8,1,34,
6,1,1,5,8,8,2,36,
6,1,1,5,8,8,3,38,
6,1,1,5,8,8,4,40,
6,1,1,5,8,8,5,42,
6,1,1,5,8,8,8,48,
6,1,1,5,8,8,12,56,
6,1,1,5,8,8,16,64,
6,1,1,5,8,8,24,80,
6,1,1,5,8,8,32,96,
7,1,1,5,8,8,1,34,
7,1,1,5,8,8,2,36,
7,1,1,5,8,8,3,38,
7,1,1,5,8,8,4,40,
7,1,1,5,8,8,5,42,
7,1,1,5,8,8,8,48,
7,1,1,5,8,8,12,56,
7,1,1,5,8,8,16,64,
7,1,1,5,8,8,24,80,
7,1,1,5,8,8,32,96,
8,1,1,5,8,8,1,34,
8,1,1,5,8,8,2,36,
8,1,1,5,8,8,3,38,
8,1,1,5,8,8,4,40,
8,1,1,5,8,8,5,42,
8,1,1,5,8,8,8,48,
8,1,1,5,8,8,12,56,
8,1,1,5,8,8,16,64,
8,1,1,5,8,8,24,80,
8,1,1,5,8,8,32,96,
1,1,1,6,8,8,1,35,
1,1,1,6,8,8,2,37,
1,1,1,6,8,8,3,39,
1,1,1,6,8,8,4,41,
1,1,1,6,8,8,5,43,
1,1,1,6,8,8,8,49,
1,1,1,6,8,8,12,57,
1,1,1,6,8,8,16,65,
1,1,1,6,8,8,24,81,
1,1,1,6,8,8,32,97,
2,1,1,6,8,8,1,35,
2,1,1,6,8,8,2,37,
2,1,1,6,8,8,3,39,
2,1,1,6,8,8,4,41,
2,1,1,6,8,8,5,43,
2,1,1,6,8,8,8,49,
2,1,1,6,8,8,12,57,
2,1,1,6,8,8,16,65,
2,1,1,6,8,8,24,81,
2,1,1,6,8,8,32,97,
3,1,1,6,8,8,1,35,
3,1,1,6,8,8,2,37,
3,1,1,6,8,8,3,39,
3,1,1,6,8,8,4,41,
3,1,1,6,8,8,5,43,
3,1,1,6,8,8,8,49,
3,1,1,6,8,8,12,57,
3,1,1,6,8,8,16,65,
3,1,1,6,8,8,24,81,
3,1,1,6,8,8,32,97,
4,1,1,6,8,8,1,35,
4,1,1,6,8,8,2,37,
4,1,1,6,8,8,3,39,
4,1,1,6,8,8,4,41,
4,1,1,6,8,8,5,43,
4,1,1,6,8,8,8,49,
4,1,1,6,8,8,12,57,
4,1,1,6,8,8,16,65,
4,1,1,6,8,8,24,81,
4,1,1,6,8,8,32,97,
5,1,1,6,8,8,1,35,
5,1,1,6,8,8,2,37,
5,1,1,6,8,8,3,39,
5,1,1,6,8,8,4,41,
5,1,1,6,8,8,5,43,
5,1,1,6,8,8,8,49,
5,1,1,6,8,8,12,57,
5,1,1,6,8,8,16,65,
5,1,1,6,8,8,24,81,
5,1,1,6,8,8,32,97,
6,1,1,6,8,8,1,35,
6,1,1,6,8,8,2,37,
6,1,1,6,8,8,3,39,
6,1,1,6,8,8,4,41,
6,1,1,6,8,8,5,43,
6,1,1,6,8,8,8,49,
6,1,1,6,8,8,12,57,
6,1,1,6,8,8,16,65,
6,1,1,6,8,8,24,81,
6,1,1,6,8,8,32,97,
7,1,1,6,8,8,1,35,
7,1,1,6,8,8,2,37,
7,1,1,6,8,8,3,39,
7,1,1,6,8,8,4,41,
7,1,1,6,8,8,5,43,
7,1,1,6,8,8,8,49,
7,1,1,6,8,8,12,57,
7,1,1,6,8,8,16,65,
7,1,1,6,8,8,24,81,
7,1,1,6,8,8,32,97,
8,1,1,6,8,8,1,35,
8,1,1,6,8,8,2,37,
8,1,1,6,8,8,3,39,
8,1,1,6,8,8,4,41,
8,1,1,6,8,8,5,43,
8,1,1,6,8,8,8,49,
8,1,1,6,8,8,12,57,
8,1,1,6,8,8,16,65,
8,1,1,6,8,8,24,81,
8,1,1,6,8,8,32,97,
1,1,1,7,8,8,1,36,
1,1,1,7,8,8,2,38,
1,1,1,7,8,8,3,40,
1,1,1,7,8,8,4,42,
1,1,1,7,8,8,5,44,
1,1,1,7,8,8,8,50,
1,1,1,7,8,8,12,58,
1,1,1,7,8,8,16,66,
1,1,1,7,8,8,24,82,
1,1,1,7,8,8,32,98,
2,1,1,7,8,8,1,36,
2,1,1,7,8,8,2,38,
2,1,1,7,8,8,3,40,
2,1,1,7,8,8,4,42,
2,1,1,7,8,8,5,44,
2,1,1,7,8,8,8,50,
2,1,1,7,8,8,12,58,
2,1,1,7,8,8,16,66,
2,1,1,7,8,8,24,82,
2,1,1,7,8,8,32,98,
3,1,1,7,8,8,1,36,
3,1,1,7,8,8,2,38,
3,1,1,7,8,8,3,40,
3,1,1,7,8,8,4,42,
3,1,1,7,8,8,5,44,
3,1,1,7,8,8,8,50,
3,1,1,7,8,8,12,58,
3,1,1,7,8,8,16,66,
3,1,1,7,8,8,24,82,
3,1,1,7,8,8,32,98,
4,1,1,7,8,8,1,36,
4,1,1,7,8,8,2,38,
4,1,1,7,8,8,3,40,
4,1,1,7,8,8,4,42,
4,1,1,7,8,8,5,44,
4,1,1,7,8,8,8,50,
4,1,1,7,8,8,12,58,
4,1,1,7,8,8,16,66,
4,1,1,7,8,8,24,82,
4,1,1,7,8,8,32,98,
5,1,1,7,8,8,1,36,
5,1,1,7,8,8,2,38,
5,1,1,7,8,8,3,40,
5,1,1,7,8,8,4,42,
5,1,1,7,8,8,5,44,
5,1,1,7,8,8,8,50,
5,1,1,7,8,8,12,58,
5,1,1,7,8,8,16,66,
5,1,1,7,8,8,24,82,
5,1,1,7,8,8,32,98,
6,1,1,7,8,8,1,36,
6,1,1,7,8,8,2,38,
6,1,1,7,8,8,3,40,
6,1,1,7,8,8,4,42,
6,1,1,7,8,8,5,44,
6,1,1,7,8,8,8,50,
6,1,1,7,8,8,12,58,
6,1,1,7,8,8,16,66,
6,1,1,7,8,8,24,82,
6,1,1,7,8,8,32,98,
7,1,1,7,8,8,1,36,
7,1,1,7,8,8,2,38,
7,1,1,7,8,8,3,40,
7,1,1,7,8,8,4,42,
7,1,1,7,8,8,5,44,
7,1,1,7,8,8,8,50,
7,1,1,7,8,8,12,58,
7,1,1,7,8,8,16,66,
7,1,1,7,8,8,24,82,
7,1,1,7,8,8,32,98,
8,1,1,7,8,8,1,36,
8,1,1,7,8,8,2,38,
8,1,1,7,8,8,3,40,
8,1,1,7,8,8,4,42,
8,1,1,7,8,8,5,44,
8,1,1,7,8,8,8,50,
8,1,1,7,8,8,12,58,
8,1,1,7,8,8,16,66,
8,1,1,7,8,8,24,82,
8,1,1,7,8,8,32,98,
1,1,1,8,8,8,1,37,
1,1,1,8,8,8,2,39,
1,1,1,8,8,8,3,41,
1,1,1,8,8,8,4,43,
1,1,1,8,8,8,5,45,
1,1,1,8,8,8,8,51,
1,1,1,8,8,8,12,59,
1,1,1,8,8,8,16,67,
1,1,1,8,8,8,24,83,
1,1,1,8,8,8,32,99,
2,1,1,8,8,8,1,37,
2,1,1,8,8,8,2,39,
2,1,1,8,8,8,3,41,
2,1,1,8,8,8,4,43,
2,1,1,8,8,8,5,45,
2,1,1,8,8,8,8,51,
2,1,1,8,8,8,12,59,
2,1,1,8,8,8,16,67,
2,1,1,8,8,8,24,83,
2,1,1,8,8,8,32,99,
3,1,1,8,8,8,1,37,
3,1,1,8,8,8,2,39,
3,1,1,8,8,8,3,41,
3,1,1,8,8,8,4,43,
3,1,1,8,8,8,5,45,
3,1,1,8,8,8,8,51,
3,1,1,8,8,8,12,59,
3,1,1,8,8,8,16,67,
3,1,1,8,8,8,24,83,
3,1,1,8,8,8,32,99,
4,1,1,8,8,8,1,37,
4,1,1,8,8,8,2,39,
4,1,1,8,8,8,3,41,
4,1,1,8,8,8,4,43,
4,1,1,8,8,8,5,45,
4,1,1,8,8,8,8,51,
4,1,1,8,8,8,12,59,
4,1,1,8,8,8,16,67,
4,1,1,8,8,8,24,83,
4,1,1,8,8,8,32,99,
5,1,1,8,8,8,1,37,
5,1,1,8,8,8,2,39,
5,1,1,8,8,8,3,41,
5,1,1,8,8,8,4,43,
5,1,1,8,8,8,5,45,
5,1,1,8,8,8,8,51,
5,1,1,8,8,8,12,59,
5,1,1,8,8,8,16,67,
5,1,1,8,8,8,24,83,
5,1,1,8,8,8,32,99,
6,1,1,8,8,8,1,37,
6,1,1,8,8,8,2,39,
6,1,1,8,8,8,3,41,
6,1,1,8,8,8,4,43,
6,1,1,8,8,8,5,45,
6,1,1,8,8,8,8,51,
6,1,1,8,8,8,12,59,
6,1,1,8,8,8,16,67,
6,1,1,8,8,8,24,83,
6,1,1,8,8,8,32,99,
7,1,1,8,8,8,1,37,
7,1,1,8,8,8,2,39,
7,1,1,8,8,8,3,41,
7,1,1,8,8,8,4,43,
7,1,1,8,8,8,5,45,
7,1,1,8,8,8,8,51,
7,1,1,8,8,8,12,59,
7,1,1,8,8,8,16,67,
7,1,1,8,8,8,24,83,
7,1,1,8,8,8,32,99,
8,1,1,8,8,8,1,37,
8,1,1,8,8,8,2,39,
8,1,1,8,8,8,3,41,
8,1,1,8,8,8,4,43,
8,1,1,8,8,8,5,45,
8,1,1,8,8,8,8,51,
8,1,1,8,8,8,12,59,
8,1,1,8,8,8,16,67,
8,1,1,8,8,8,24,83,
8,1,1,8,8,8,32,99,
1,1,2,1,8,8,1,31,
1,1,2,1,8,8,2,33,
1,1,2,1,8,8,3,35,
1,1,2,1,8,8,4,37,
1,1,2,1,8,8,5,39,
1,1,2,1,8,8,8,45,
1,1,2,1,8,8,12,53,
1,1,2,1,8,8,16,61,
1,1,2,1,8,8,24,77,
1,1,2,1,8,8,32,93,
2,1,2,1,8,8,1,31,
2,1,2,1,8,8,2,33,
2,1,2,1,8,8,3,35,
2,1,2,1,8,8,4,37,
2,1,2,1,8,8,5,39,
2,1,2,1,8,8,8,45,
2,1,2,1,8,8,12,53,
2,1,2,1,8,8,16,61,
2,1,2,1,8,8,24,77,
2,1,2,1,8,8,32,93,
3,1,2,1,8,8,1,31,
3,1,2,1,8,8,2,33,
3,1,2,1,8,8,3,35,
3,1,2,1,8,8,4,37,
3,1,2,1,8,8,5,39,
3,1,2,1,8,8,8,45,
3,1,2,1,8,8,12,53,
3,1,2,1,8,8,16,61,
3,1,2,1,8,8,24,77,
3,1,2,1,8,8,32,93,
4,1,2,1,8,8,1,31,
4,1,2,1,8,8,2,33,
4,1,2,1,8,8,3,35,
4,1,2,1,8,8,4,37,
4,1,2,1,8,8,5,39,
4,1,2,1,8,8,8,45,
4,1,2,1,8,8,12,53,
4,1,2,1,8,8,16,61,
4,1,2,1,8,8,24,77,
4,1,2,1,8,8,32,93,
5,1,2,1,8,8,1,31,
5,1,2,1,8,8,2,33,
5,1,2,1,8,8,3,35,
5,1,2,1,8,8,4,37,
5,1,2,1,8,8,5,39,
5,1,2,1,8,8,8,45,
5,1,2,1,8,8,12,53,
5,1,2,1,8,8,16,61,
5,1,2,1,8,8,24,77,
5,1,2,1,8,8,32,93,
6,1,2,1,8,8,1,31,
6,1,2,1,8,8,2,33,
6,1,2,1,8,8,3,35,
6,1,2,1,8,8,4,37,
6,1,2,1,8,8,5,39,
6,1,2,1,8,8,8,45,
6,1,2,1,8,8,12,53,
6,1,2,1,8,8,16,61,
6,1,2,1,8,8,24,77,
6,1,2,1,8,8,32,93,
7,1,2,1,8,8,1,31,
7,1,2,1,8,8,2,33,
7,1,2,1,8,8,3,35,
7,1,2,1,8,8,4,37,
7,1,2,1,8,8,5,39,
7,1,2,1,8,8,8,45,
7,1,2,1,8,8,12,53,
7,1,2,1,8,8,16,61,
7,1,2,1,8,8,24,77,
7,1,2,1,8,8,32,93,
8,1,2,1,8,8,1,31,
8,1,2,1,8,8,2,33,
8,1,2,1,8,8,3,35,
8,1,2,1,8,8,4,37,
8,1,2,1,8,8,5,39,
8,1,2,1,8,8,8,45,
8,1,2,1,8,8,12,53,
8,1,2,1,8,8,16,61,
8,1,2,1,8,8,24,77,
8,1,2,1,8,8,32,93,
1,1,2,2,8,8,1,33,
1,1,2,2,8,8,2,35,
1,1,2,2,8,8,3,37,
1,1,2,2,8,8,4,39,
1,1,2,2,8,8,5,41,
1,1,2,2,8,8,8,47,
1,1,2,2,8,8,12,55,
1,1,2,2,8,8,16,63,
1,1,2,2,8,8,24,79,
1,1,2,2,8,8,32,95,
2,1,2,2,8,8,1,33,
2,1,2,2,8,8,2,35,
2,1,2,2,8,8,3,37,
2,1,2,2,8,8,4,39,
2,1,2,2,8,8,5,41,
2,1,2,2,8,8,8,47,
2,1,2,2,8,8,12,55,
2,1,2,2,8,8,16,63,
2,1,2,2,8,8,24,79,
2,1,2,2,8,8,32,95,
3,1,2,2,8,8,1,33,
3,1,2,2,8,8,2,35,
3,1,2,2,8,8,3,37,
3,1,2,2,8,8,4,39,
3,1,2,2,8,8,5,41,
3,1,2,2,8,8,8,47,
3,1,2,2,8,8,12,55,
3,1,2,2,8,8,16,63,
3,1,2,2,8,8,24,79,
3,1,2,2,8,8,32,95,
4,1,2,2,8,8,1,33,
4,1,2,2,8,8,2,35,
4,1,2,2,8,8,3,37,
4,1,2,2,8,8,4,39,
4,1,2,2,8,8,5,41,
4,1,2,2,8,8,8,47,
4,1,2,2,8,8,12,55,
4,1,2,2,8,8,16,63,
4,1,2,2,8,8,24,79,
4,1,2,2,8,8,32,95,
5,1,2,2,8,8,1,33,
5,1,2,2,8,8,2,35,
5,1,2,2,8,8,3,37,
5,1,2,2,8,8,4,39,
5,1,2,2,8,8,5,41,
5,1,2,2,8,8,8,47,
5,1,2,2,8,8,12,55,
5,1,2,2,8,8,16,63,
5,1,2,2,8,8,24,79,
5,1,2,2,8,8,32,95,
6,1,2,2,8,8,1,33,
6,1,2,2,8,8,2,35,
6,1,2,2,8,8,3,37,
6,1,2,2,8,8,4,39,
6,1,2,2,8,8,5,41,
6,1,2,2,8,8,8,47,
6,1,2,2,8,8,12,55,
6,1,2,2,8,8,16,63,
6,1,2,2,8,8,24,79,
6,1,2,2,8,8,32,95,
7,1,2,2,8,8,1,33,
7,1,2,2,8,8,2,35,
7,1,2,2,8,8,3,37,
7,1,2,2,8,8,4,39,
7,1,2,2,8,8,5,41,
7,1,2,2,8,8,8,47,
7,1,2,2,8,8,12,55,
7,1,2,2,8,8,16,63,
7,1,2,2,8,8,24,79,
7,1,2,2,8,8,32,95,
8,1,2,2,8,8,1,33,
8,1,2,2,8,8,2,35,
8,1,2,2,8,8,3,37,
8,1,2,2,8,8,4,39,
8,1,2,2,8,8,5,41,
8,1,2,2,8,8,8,47,
8,1,2,2,8,8,12,55,
8,1,2,2,8,8,16,63,
8,1,2,2,8,8,24,79,
8,1,2,2,8,8,32,95,
1,1,2,3,8,8,1,35,
1,1,2,3,8,8,2,37,
1,1,2,3,8,8,3,39,
1,1,2,3,8,8,4,41,
1,1,2,3,8,8,5,43,
1,1,2,3,8,8,8,49,
1,1,2,3,8,8,12,57,
1,1,2,3,8,8,16,65,
1,1,2,3,8,8,24,81,
1,1,2,3,8,8,32,97,
2,1,2,3,8,8,1,35,
2,1,2,3,8,8,2,37,
2,1,2,3,8,8,3,39,
2,1,2,3,8,8,4,41,
2,1,2,3,8,8,5,43,
2,1,2,3,8,8,8,49,
2,1,2,3,8,8,12,57,
2,1,2,3,8,8,16,65,
2,1,2,3,8,8,24,81,
2,1,2,3,8,8,32,97,
3,1,2,3,8,8,1,35,
3,1,2,3,8,8,2,37,
3,1,2,3,8,8,3,39,
3,1,2,3,8,8,4,41,
3,1,2,3,8,8,5,43,
3,1,2,3,8,8,8,49,
3,1,2,3,8,8,12,57,
3,1,2,3,8,8,16,65,
3,1,2,3,8,8,24,81,
3,1,2,3,8,8,32,97,
4,1,2,3,8,8,1,35,
4,1,2,3,8,8,2,37,
4,1,2,3,8,8,3,39,
4,1,2,3,8,8,4,41,
4,1,2,3,8,8,5,43,
4,1,2,3,8,8,8,49,
4,1,2,3,8,8,12,57,
4,1,2,3,8,8,16,65,
4,1,2,3,8,8,24,81,
4,1,2,3,8,8,32,97,
5,1,2,3,8,8,1,35,
5,1,2,3,8,8,2,37,
5,1,2,3,8,8,3,39,
5,1,2,3,8,8,4,41,
5,1,2,3,8,8,5,43,
5,1,2,3,8,8,8,49,
5,1,2,3,8,8,12,57,
5,1,2,3,8,8,16,65,
5,1,2,3,8,8,24,81,
5,1,2,3,8,8,32,97,
6,1,2,3,8,8,1,35,
6,1,2,3,8,8,2,37,
6,1,2,3,8,8,3,39,
6,1,2,3,8,8,4,41,
6,1,2,3,8,8,5,43,
6,1,2,3,8,8,8,49,
6,1,2,3,8,8,12,57,
6,1,2,3,8,8,16,65,
6,1,2,3,8,8,24,81,
6,1,2,3,8,8,32,97,
7,1,2,3,8,8,1,35,
7,1,2,3,8,8,2,37,
7,1,2,3,8,8,3,39,
7,1,2,3,8,8,4,41,
7,1,2,3,8,8,5,43,
7,1,2,3,8,8,8,49,
7,1,2,3,8,8,12,57,
7,1,2,3,8,8,16,65,
7,1,2,3,8,8,24,81,
7,1,2,3,8,8,32,97,
8,1,2,3,8,8,1,35,
8,1,2,3,8,8,2,37,
8,1,2,3,8,8,3,39,
8,1,2,3,8,8,4,41,
8,1,2,3,8,8,5,43,
8,1,2,3,8,8,8,49,
8,1,2,3,8,8,12,57,
8,1,2,3,8,8,16,65,
8,1,2,3,8,8,24,81,
8,1,2,3,8,8,32,97,
1,1,2,4,8,8,1,37,
1,1,2,4,8,8,2,39,
1,1,2,4,8,8,3,41,
1,1,2,4,8,8,4,43,
1,1,2,4,8,8,5,45,
1,1,2,4,8,8,8,51,
1,1,2,4,8,8,12,59,
1,1,2,4,8,8,16,67,
1,1,2,4,8,8,24,83,
1,1,2,4,8,8,32,99,
2,1,2,4,8,8,1,37,
2,1,2,4,8,8,2,39,
2,1,2,4,8,8,3,41,
2,1,2,4,8,8,4,43,
2,1,2,4,8,8,5,45,
2,1,2,4,8,8,8,51,
2,1,2,4,8,8,12,59,
2,1,2,4,8,8,16,67,
2,1,2,4,8,8,24,83,
2,1,2,4,8,8,32,99,
3,1,2,4,8,8,1,37,
3,1,2,4,8,8,2,39,
3,1,2,4,8,8,3,41,
3,1,2,4,8,8,4,43,
3,1,2,4,8,8,5,45,
3,1,2,4,8,8,8,51,
3,1,2,4,8,8,12,59,
3,1,2,4,8,8,16,67,
3,1,2,4,8,8,24,83,
3,1,2,4,8,8,32,99,
4,1,2,4,8,8,1,37,
4,1,2,4,8,8,2,39,
4,1,2,4,8,8,3,41,
4,1,2,4,8,8,4,43,
4,1,2,4,8,8,5,45,
4,1,2,4,8,8,8,51,
4,1,2,4,8,8,12,59,
4,1,2,4,8,8,16,67,
4,1,2,4,8,8,24,83,
4,1,2,4,8,8,32,99,
5,1,2,4,8,8,1,37,
5,1,2,4,8,8,2,39,
5,1,2,4,8,8,3,41,
5,1,2,4,8,8,4,43,
5,1,2,4,8,8,5,45,
5,1,2,4,8,8,8,51,
5,1,2,4,8,8,12,59,
5,1,2,4,8,8,16,67,
5,1,2,4,8,8,24,83,
5,1,2,4,8,8,32,99,
6,1,2,4,8,8,1,37,
6,1,2,4,8,8,2,39,
6,1,2,4,8,8,3,41,
6,1,2,4,8,8,4,43,
6,1,2,4,8,8,5,45,
6,1,2,4,8,8,8,51,
6,1,2,4,8,8,12,59,
6,1,2,4,8,8,16,67,
6,1,2,4,8,8,24,83,
6,1,2,4,8,8,32,99,
7,1,2,4,8,8,1,37,
7,1,2,4,8,8,2,39,
7,1,2,4,8,8,3,41,
7,1,2,4,8,8,4,43,
7,1,2,4,8,8,5,45,
7,1,2,4,8,8,8,51,
7,1,2,4,8,8,12,59,
7,1,2,4,8,8,16,67,
7,1,2,4,8,8,24,83,
7,1,2,4,8,8,32,99,
8,1,2,4,8,8,1,37,
8,1,2,4,8,8,2,39,
8,1,2,4,8,8,3,41,
8,1,2,4,8,8,4,43,
8,1,2,4,8,8,5,45,
8,1,2,4,8,8,8,51,
8,1,2,4,8,8,12,59,
8,1,2,4,8,8,16,67,
8,1,2,4,8,8,24,83,
8,1,2,4,8,8,32,99,
1,1,2,5,8,8,1,39,
1,1,2,5,8,8,2,41,
1,1,2,5,8,8,3,43,
1,1,2,5,8,8,4,45,
1,1,2,5,8,8,5,47,
1,1,2,5,8,8,8,53,
1,1,2,5,8,8,12,61,
1,1,2,5,8,8,16,69,
1,1,2,5,8,8,24,85,
1,1,2,5,8,8,32,101,
2,1,2,5,8,8,1,39,
2,1,2,5,8,8,2,41,
2,1,2,5,8,8,3,43,
2,1,2,5,8,8,4,45,
2,1,2,5,8,8,5,47,
2,1,2,5,8,8,8,53,
2,1,2,5,8,8,12,61,
2,1,2,5,8,8,16,69,
2,1,2,5,8,8,24,85,
2,1,2,5,8,8,32,101,
3,1,2,5,8,8,1,39,
3,1,2,5,8,8,2,41,
3,1,2,5,8,8,3,43,
3,1,2,5,8,8,4,45,
3,1,2,5,8,8,5,47,
3,1,2,5,8,8,8,53,
3,1,2,5,8,8,12,61,
3,1,2,5,8,8,16,69,
3,1,2,5,8,8,24,85,
3,1,2,5,8,8,32,101,
4,1,2,5,8,8,1,39,
4,1,2,5,8,8,2,41,
4,1,2,5,8,8,3,43,
4,1,2,5,8,8,4,45,
4,1,2,5,8,8,5,47,
4,1,2,5,8,8,8,53,
4,1,2,5,8,8,12,61,
4,1,2,5,8,8,16,69,
4,1,2,5,8,8,24,85,
4,1,2,5,8,8,32,101,
5,1,2,5,8,8,1,39,
5,1,2,5,8,8,2,41,
5,1,2,5,8,8,3,43,
5,1,2,5,8,8,4,45,
5,1,2,5,8,8,5,47,
5,1,2,5,8,8,8,53,
5,1,2,5,8,8,12,61,
5,1,2,5,8,8,16,69,
5,1,2,5,8,8,24,85,
5,1,2,5,8,8,32,101,
6,1,2,5,8,8,1,39,
6,1,2,5,8,8,2,41,
6,1,2,5,8,8,3,43,
6,1,2,5,8,8,4,45,
6,1,2,5,8,8,5,47,
6,1,2,5,8,8,8,53,
6,1,2,5,8,8,12,61,
6,1,2,5,8,8,16,69,
6,1,2,5,8,8,24,85,
6,1,2,5,8,8,32,101,
7,1,2,5,8,8,1,39,
7,1,2,5,8,8,2,41,
7,1,2,5,8,8,3,43,
7,1,2,5,8,8,4,45,
7,1,2,5,8,8,5,47,
7,1,2,5,8,8,8,53,
7,1,2,5,8,8,12,61,
7,1,2,5,8,8,16,69,
7,1,2,5,8,8,24,85,
7,1,2,5,8,8,32,101,
8,1,2,5,8,8,1,39,
8,1,2,5,8,8,2,41,
8,1,2,5,8,8,3,43,
8,1,2,5,8,8,4,45,
8,1,2,5,8,8,5,47,
8,1,2,5,8,8,8,53,
8,1,2,5,8,8,12,61,
8,1,2,5,8,8,16,69,
8,1,2,5,8,8,24,85,
8,1,2,5,8,8,32,101,
1,1,2,6,8,8,1,41,
1,1,2,6,8,8,2,43,
1,1,2,6,8,8,3,45,
1,1,2,6,8,8,4,47,
1,1,2,6,8,8,5,49,
1,1,2,6,8,8,8,55,
1,1,2,6,8,8,12,63,
1,1,2,6,8,8,16,71,
1,1,2,6,8,8,24,87,
1,1,2,6,8,8,32,103,
2,1,2,6,8,8,1,41,
2,1,2,6,8,8,2,43,
2,1,2,6,8,8,3,45,
2,1,2,6,8,8,4,47,
2,1,2,6,8,8,5,49,
2,1,2,6,8,8,8,55,
2,1,2,6,8,8,12,63,
2,1,2,6,8,8,16,71,
2,1,2,6,8,8,24,87,
2,1,2,6,8,8,32,103,
3,1,2,6,8,8,1,41,
3,1,2,6,8,8,2,43,
3,1,2,6,8,8,3,45,
3,1,2,6,8,8,4,47,
3,1,2,6,8,8,5,49,
3,1,2,6,8,8,8,55,
3,1,2,6,8,8,12,63,
3,1,2,6,8,8,16,71,
3,1,2,6,8,8,24,87,
3,1,2,6,8,8,32,103,
4,1,2,6,8,8,1,41,
4,1,2,6,8,8,2,43,
4,1,2,6,8,8,3,45,
4,1,2,6,8,8,4,47,
4,1,2,6,8,8,5,49,
4,1,2,6,8,8,8,55,
4,1,2,6,8,8,12,63,
4,1,2,6,8,8,16,71,
4,1,2,6,8,8,24,87,
4,1,2,6,8,8,32,103,
5,1,2,6,8,8,1,41,
5,1,2,6,8,8,2,43,
5,1,2,6,8,8,3,45,
5,1,2,6,8,8,4,47,
5,1,2,6,8,8,5,49,
5,1,2,6,8,8,8,55,
5,1,2,6,8,8,12,63,
5,1,2,6,8,8,16,71,
5,1,2,6,8,8,24,87,
5,1,2,6,8,8,32,103,
6,1,2,6,8,8,1,41,
6,1,2,6,8,8,2,43,
6,1,2,6,8,8,3,45,
6,1,2,6,8,8,4,47,
6,1,2,6,8,8,5,49,
6,1,2,6,8,8,8,55,
6,1,2,6,8,8,12,63,
6,1,2,6,8,8,16,71,
6,1,2,6,8,8,24,87,
6,1,2,6,8,8,32,103,
7,1,2,6,8,8,1,41,
7,1,2,6,8,8,2,43,
7,1,2,6,8,8,3,45,
7,1,2,6,8,8,4,47,
7,1,2,6,8,8,5,49,
7,1,2,6,8,8,8,55,
7,1,2,6,8,8,12,63,
7,1,2,6,8,8,16,71,
7,1,2,6,8,8,24,87,
7,1,2,6,8,8,32,103,
8,1,2,6,8,8,1,41,
8,1,2,6,8,8,2,43,
8,1,2,6,8,8,3,45,
8,1,2,6,8,8,4,47,
8,1,2,6,8,8,5,49,
8,1,2,6,8,8,8,55,
8,1,2,6,8,8,12,63,
8,1,2,6,8,8,16,71,
8,1,2,6,8,8,24,87,
8,1,2,6,8,8,32,103,
1,1,2,7,8,8,1,43,
1,1,2,7,8,8,2,45,
1,1,2,7,8,8,3,47,
1,1,2,7,8,8,4,49,
1,1,2,7,8,8,5,51,
1,1,2,7,8,8,8,57,
1,1,2,7,8,8,12,65,
1,1,2,7,8,8,16,73,
1,1,2,7,8,8,24,89,
1,1,2,7,8,8,32,105,
2,1,2,7,8,8,1,43,
2,1,2,7,8,8,2,45,
2,1,2,7,8,8,3,47,
2,1,2,7,8,8,4,49,
2,1,2,7,8,8,5,51,
2,1,2,7,8,8,8,57,
2,1,2,7,8,8,12,65,
2,1,2,7,8,8,16,73,
2,1,2,7,8,8,24,89,
2,1,2,7,8,8,32,105,
3,1,2,7,8,8,1,43,
3,1,2,7,8,8,2,45,
3,1,2,7,8,8,3,47,
3,1,2,7,8,8,4,49,
3,1,2,7,8,8,5,51,
3,1,2,7,8,8,8,57,
3,1,2,7,8,8,12,65,
3,1,2,7,8,8,16,73,
3,1,2,7,8,8,24,89,
3,1,2,7,8,8,32,105,
4,1,2,7,8,8,1,43,
4,1,2,7,8,8,2,45,
4,1,2,7,8,8,3,47,
4,1,2,7,8,8,4,49,
4,1,2,7,8,8,5,51,
4,1,2,7,8,8,8,57,
4,1,2,7,8,8,12,65,
4,1,2,7,8,8,16,73,
4,1,2,7,8,8,24,89,
4,1,2,7,8,8,32,105,
5,1,2,7,8,8,1,43,
5,1,2,7,8,8,2,45,
5,1,2,7,8,8,3,47,
5,1,2,7,8,8,4,49,
5,1,2,7,8,8,5,51,
5,1,2,7,8,8,8,57,
5,1,2,7,8,8,12,65,
5,1,2,7,8,8,16,73,
5,1,2,7,8,8,24,89,
5,1,2,7,8,8,32,105,
6,1,2,7,8,8,1,43,
6,1,2,7,8,8,2,45,
6,1,2,7,8,8,3,47,
6,1,2,7,8,8,4,49,
6,1,2,7,8,8,5,51,
6,1,2,7,8,8,8,57,
6,1,2,7,8,8,12,65,
6,1,2,7,8,8,16,73,
6,1,2,7,8,8,24,89,
6,1,2,7,8,8,32,105,
7,1,2,7,8,8,1,43,
7,1,2,7,8,8,2,45,
7,1,2,7,8,8,3,47,
7,1,2,7,8,8,4,49,
7,1,2,7,8,8,5,51,
7,1,2,7,8,8,8,57,
7,1,2,7,8,8,12,65,
7,1,2,7,8,8,16,73,
7,1,2,7,8,8,24,89,
7,1,2,7,8,8,32,105,
8,1,2,7,8,8,1,43,
8,1,2,7,8,8,2,45,
8,1,2,7,8,8,3,47,
8,1,2,7,8,8,4,49,
8,1,2,7,8,8,5,51,
8,1,2,7,8,8,8,57,
8,1,2,7,8,8,12,65,
8,1,2,7,8,8,16,73,
8,1,2,7,8,8,24,89,
8,1,2,7,8,8,32,105,
1,1,2,8,8,8,1,45,
1,1,2,8,8,8,2,47,
1,1,2,8,8,8,3,49,
1,1,2,8,8,8,4,51,
1,1,2,8,8,8,5,53,
1,1,2,8,8,8,8,59,
1,1,2,8,8,8,12,67,
1,1,2,8,8,8,16,75,
1,1,2,8,8,8,24,91,
1,1,2,8,8,8,32,107,
2,1,2,8,8,8,1,45,
2,1,2,8,8,8,2,47,
2,1,2,8,8,8,3,49,
2,1,2,8,8,8,4,51,
2,1,2,8,8,8,5,53,
2,1,2,8,8,8,8,59,
2,1,2,8,8,8,12,67,
2,1,2,8,8,8,16,75,
2,1,2,8,8,8,24,91,
2,1,2,8,8,8,32,107,
3,1,2,8,8,8,1,45,
3,1,2,8,8,8,2,47,
3,1,2,8,8,8,3,49,
3,1,2,8,8,8,4,51,
3,1,2,8,8,8,5,53,
3,1,2,8,8,8,8,59,
3,1,2,8,8,8,12,67,
3,1,2,8,8,8,16,75,
3,1,2,8,8,8,24,91,
3,1,2,8,8,8,32,107,
4,1,2,8,8,8,1,45,
4,1,2,8,8,8,2,47,
4,1,2,8,8,8,3,49,
4,1,2,8,8,8,4,51,
4,1,2,8,8,8,5,53,
4,1,2,8,8,8,8,59,
4,1,2,8,8,8,12,67,
4,1,2,8,8,8,16,75,
4,1,2,8,8,8,24,91,
4,1,2,8,8,8,32,107,
5,1,2,8,8,8,1,45,
5,1,2,8,8,8,2,47,
5,1,2,8,8,8,3,49,
5,1,2,8,8,8,4,51,
5,1,2,8,8,8,5,53,
5,1,2,8,8,8,8,59,
5,1,2,8,8,8,12,67,
5,1,2,8,8,8,16,75,
5,1,2,8,8,8,24,91,
5,1,2,8,8,8,32,107,
6,1,2,8,8,8,1,45,
6,1,2,8,8,8,2,47,
6,1,2,8,8,8,3,49,
6,1,2,8,8,8,4,51,
6,1,2,8,8,8,5,53,
6,1,2,8,8,8,8,59,
6,1,2,8,8,8,12,67,
6,1,2,8,8,8,16,75,
6,1,2,8,8,8,24,91,
6,1,2,8,8,8,32,107,
7,1,2,8,8,8,1,45,
7,1,2,8,8,8,2,47,
7,1,2,8,8,8,3,49,
7,1,2,8,8,8,4,51,
7,1,2,8,8,8,5,53,
7,1,2,8,8,8,8,59,
7,1,2,8,8,8,12,67,
7,1,2,8,8,8,16,75,
7,1,2,8,8,8,24,91,
7,1,2,8,8,8,32,107,
8,1,2,8,8,8,1,45,
8,1,2,8,8,8,2,47,
8,1,2,8,8,8,3,49,
8,1,2,8,8,8,4,51,
8,1,2,8,8,8,5,53,
8,1,2,8,8,8,8,59,
8,1,2,8,8,8,12,67,
8,1,2,8,8,8,16,75,
8,1,2,8,8,8,24,91,
8,1,2,8,8,8,32,107,
1,1,3,1,8,8,1,32,
1,1,3,1,8,8,2,34,
1,1,3,1,8,8,3,36,
1,1,3,1,8,8,4,38,
1,1,3,1,8,8,5,40,
1,1,3,1,8,8,8,46,
1,1,3,1,8,8,12,54,
1,1,3,1,8,8,16,62,
1,1,3,1,8,8,24,78,
1,1,3,1,8,8,32,94,
2,1,3,1,8,8,1,32,
2,1,3,1,8,8,2,34,
2,1,3,1,8,8,3,36,
2,1,3,1,8,8,4,38,
2,1,3,1,8,8,5,40,
2,1,3,1,8,8,8,46,
2,1,3,1,8,8,12,54,
2,1,3,1,8,8,16,62,
2,1,3,1,8,8,24,78,
2,1,3,1,8,8,32,94,
3,1,3,1,8,8,1,32,
3,1,3,1,8,8,2,34,
3,1,3,1,8,8,3,36,
3,1,3,1,8,8,4,38,
3,1,3,1,8,8,5,40,
3,1,3,1,8,8,8,46,
3,1,3,1,8,8,12,54,
3,1,3,1,8,8,16,62,
3,1,3,1,8,8,24,78,
3,1,3,1,8,8,32,94,
4,1,3,1,8,8,1,32,
4,1,3,1,8,8,2,34,
4,1,3,1,8,8,3,36,
4,1,3,1,8,8,4,38,
4,1,3,1,8,8,5,40,
4,1,3,1,8,8,8,46,
4,1,3,1,8,8,12,54,
4,1,3,1,8,8,16,62,
4,1,3,1,8,8,24,78,
4,1,3,1,8,8,32,94,
5,1,3,1,8,8,1,32,
5,1,3,1,8,8,2,34,
5,1,3,1,8,8,3,36,
5,1,3,1,8,8,4,38,
5,1,3,1,8,8,5,40,
5,1,3,1,8,8,8,46,
5,1,3,1,8,8,12,54,
5,1,3,1,8,8,16,62,
5,1,3,1,8,8,24,78,
5,1,3,1,8,8,32,94,
6,1,3,1,8,8,1,32,
6,1,3,1,8,8,2,34,
6,1,3,1,8,8,3,36,
6,1,3,1,8,8,4,38,
6,1,3,1,8,8,5,40,
6,1,3,1,8,8,8,46,
6,1,3,1,8,8,12,54,
6,1,3,1,8,8,16,62,
6,1,3,1,8,8,24,78,
6,1,3,1,8,8,32,94,
7,1,3,1,8,8,1,32,
7,1,3,1,8,8,2,34,
7,1,3,1,8,8,3,36,
7,1,3,1,8,8,4,38,
7,1,3,1,8,8,5,40,
7,1,3,1,8,8,8,46,
7,1,3,1,8,8,12,54,
7,1,3,1,8,8,16,62,
7,1,3,1,8,8,24,78,
7,1,3,1,8,8,32,94,
8,1,3,1,8,8,1,32,
8,1,3,1,8,8,2,34,
8,1,3,1,8,8,3,36,
8,1,3,1,8,8,4,38,
8,1,3,1,8,8,5,40,
8,1,3,1,8,8,8,46,
8,1,3,1,8,8,12,54,
8,1,3,1,8,8,16,62,
8,1,3,1,8,8,24,78,
8,1,3,1,8,8,32,94,
1,1,3,2,8,8,1,35,
1,1,3,2,8,8,2,37,
1,1,3,2,8,8,3,39,
1,1,3,2,8,8,4,41,
1,1,3,2,8,8,5,43,
1,1,3,2,8,8,8,49,
1,1,3,2,8,8,12,57,
1,1,3,2,8,8,16,65,
1,1,3,2,8,8,24,81,
1,1,3,2,8,8,32,97,
2,1,3,2,8,8,1,35,
2,1,3,2,8,8,2,37,
2,1,3,2,8,8,3,39,
2,1,3,2,8,8,4,41,
2,1,3,2,8,8,5,43,
2,1,3,2,8,8,8,49,
2,1,3,2,8,8,12,57,
2,1,3,2,8,8,16,65,
2,1,3,2,8,8,24,81,
2,1,3,2,8,8,32,97,
3,1,3,2,8,8,1,35,
3,1,3,2,8,8,2,37,
3,1,3,2,8,8,3,39,
3,1,3,2,8,8,4,41,
3,1,3,2,8,8,5,43,
3,1,3,2,8,8,8,49,
3,1,3,2,8,8,12,57,
3,1,3,2,8,8,16,65,
3,1,3,2,8,8,24,81,
3,1,3,2,8,8,32,97,
4,1,3,2,8,8,1,35,
4,1,3,2,8,8,2,37,
4,1,3,2,8,8,3,39,
4,1,3,2,8,8,4,41,
4,1,3,2,8,8,5,43,
4,1,3,2,8,8,8,49,
4,1,3,2,8,8,12,57,
4,1,3,2,8,8,16,65,
4,1,3,2,8,8,24,81,
4,1,3,2,8,8,32,97,
5,1,3,2,8,8,1,35,
5,1,3,2,8,8,2,37,
5,1,3,2,8,8,3,39,
5,1,3,2,8,8,4,41,
5,1,3,2,8,8,5,43,
5,1,3,2,8,8,8,49,
5,1,3,2,8,8,12,57,
5,1,3,2,8,8,16,65,
5,1,3,2,8,8,24,81,
5,1,3,2,8,8,32,97,
6,1,3,2,8,8,1,35,
6,1,3,2,8,8,2,37,
6,1,3,2,8,8,3,39,
6,1,3,2,8,8,4,41,
6,1,3,2,8,8,5,43,
6,1,3,2,8,8,8,49,
6,1,3,2,8,8,12,57,
6,1,3,2,8,8,16,65,
6,1,3,2,8,8,24,81,
6,1,3,2,8,8,32,97,
7,1,3,2,8,8,1,35,
7,1,3,2,8,8,2,37,
7,1,3,2,8,8,3,39,
7,1,3,2,8,8,4,41,
7,1,3,2,8,8,5,43,
7,1,3,2,8,8,8,49,
7,1,3,2,8,8,12,57,
7,1,3,2,8,8,16,65,
7,1,3,2,8,8,24,81,
7,1,3,2,8,8,32,97,
8,1,3,2,8,8,1,35,
8,1,3,2,8,8,2,37,
8,1,3,2,8,8,3,39,
8,1,3,2,8,8,4,41,
8,1,3,2,8,8,5,43,
8,1,3,2,8,8,8,49,
8,1,3,2,8,8,12,57,
8,1,3,2,8,8,16,65,
8,1,3,2,8,8,24,81,
8,1,3,2,8,8,32,97,
1,1,3,3,8,8,1,38,
1,1,3,3,8,8,2,40,
1,1,3,3,8,8,3,42,
1,1,3,3,8,8,4,44,
1,1,3,3,8,8,5,46,
1,1,3,3,8,8,8,52,
1,1,3,3,8,8,12,60,
1,1,3,3,8,8,16,68,
1,1,3,3,8,8,24,84,
1,1,3,3,8,8,32,100,
2,1,3,3,8,8,1,38,
2,1,3,3,8,8,2,40,
2,1,3,3,8,8,3,42,
2,1,3,3,8,8,4,44,
2,1,3,3,8,8,5,46,
2,1,3,3,8,8,8,52,
2,1,3,3,8,8,12,60,
2,1,3,3,8,8,16,68,
2,1,3,3,8,8,24,84,
2,1,3,3,8,8,32,100,
3,1,3,3,8,8,1,38,
3,1,3,3,8,8,2,40,
3,1,3,3,8,8,3,42,
3,1,3,3,8,8,4,44,
3,1,3,3,8,8,5,46,
3,1,3,3,8,8,8,52,
3,1,3,3,8,8,12,60,
3,1,3,3,8,8,16,68,
3,1,3,3,8,8,24,84,
3,1,3,3,8,8,32,100,
4,1,3,3,8,8,1,38,
4,1,3,3,8,8,2,40,
4,1,3,3,8,8,3,42,
4,1,3,3,8,8,4,44,
4,1,3,3,8,8,5,46,
4,1,3,3,8,8,8,52,
4,1,3,3,8,8,12,60,
4,1,3,3,8,8,16,68,
4,1,3,3,8,8,24,84,
4,1,3,3,8,8,32,100,
5,1,3,3,8,8,1,38,
5,1,3,3,8,8,2,40,
5,1,3,3,8,8,3,42,
5,1,3,3,8,8,4,44,
5,1,3,3,8,8,5,46,
5,1,3,3,8,8,8,52,
5,1,3,3,8,8,12,60,
5,1,3,3,8,8,16,68,
5,1,3,3,8,8,24,84,
5,1,3,3,8,8,32,100,
6,1,3,3,8,8,1,38,
6,1,3,3,8,8,2,40,
6,1,3,3,8,8,3,42,
6,1,3,3,8,8,4,44,
6,1,3,3,8,8,5,46,
6,1,3,3,8,8,8,52,
6,1,3,3,8,8,12,60,
6,1,3,3,8,8,16,68,
6,1,3,3,8,8,24,84,
6,1,3,3,8,8,32,100,
7,1,3,3,8,8,1,38,
7,1,3,3,8,8,2,40,
7,1,3,3,8,8,3,42,
7,1,3,3,8,8,4,44,
7,1,3,3,8,8,5,46,
7,1,3,3,8,8,8,52,
7,1,3,3,8,8,12,60,
7,1,3,3,8,8,16,68,
7,1,3,3,8,8,24,84,
7,1,3,3,8,8,32,100,
8,1,3,3,8,8,1,38,
8,1,3,3,8,8,2,40,
8,1,3,3,8,8,3,42,
8,1,3,3,8,8,4,44,
8,1,3,3,8,8,5,46,
8,1,3,3,8,8,8,52,
8,1,3,3,8,8,12,60,
8,1,3,3,8,8,16,68,
8,1,3,3,8,8,24,84,
8,1,3,3,8,8,32,100,
1,1,3,4,8,8,1,41,
1,1,3,4,8,8,2,43,
1,1,3,4,8,8,3,45,
1,1,3,4,8,8,4,47,
1,1,3,4,8,8,5,49,
1,1,3,4,8,8,8,55,
1,1,3,4,8,8,12,63,
1,1,3,4,8,8,16,71,
1,1,3,4,8,8,24,87,
1,1,3,4,8,8,32,103,
2,1,3,4,8,8,1,41,
2,1,3,4,8,8,2,43,
2,1,3,4,8,8,3,45,
2,1,3,4,8,8,4,47,
2,1,3,4,8,8,5,49,
2,1,3,4,8,8,8,55,
2,1,3,4,8,8,12,63,
2,1,3,4,8,8,16,71,
2,1,3,4,8,8,24,87,
2,1,3,4,8,8,32,103,
3,1,3,4,8,8,1,41,
3,1,3,4,8,8,2,43,
3,1,3,4,8,8,3,45,
3,1,3,4,8,8,4,47,
3,1,3,4,8,8,5,49,
3,1,3,4,8,8,8,55,
3,1,3,4,8,8,12,63,
3,1,3,4,8,8,16,71,
3,1,3,4,8,8,24,87,
3,1,3,4,8,8,32,103,
4,1,3,4,8,8,1,41,
4,1,3,4,8,8,2,43,
4,1,3,4,8,8,3,45,
4,1,3,4,8,8,4,47,
4,1,3,4,8,8,5,49,
4,1,3,4,8,8,8,55,
4,1,3,4,8,8,12,63,
4,1,3,4,8,8,16,71,
4,1,3,4,8,8,24,87,
4,1,3,4,8,8,32,103,
5,1,3,4,8,8,1,41,
5,1,3,4,8,8,2,43,
5,1,3,4,8,8,3,45,
5,1,3,4,8,8,4,47,
5,1,3,4,8,8,5,49,
5,1,3,4,8,8,8,55,
5,1,3,4,8,8,12,63,
5,1,3,4,8,8,16,71,
5,1,3,4,8,8,24,87,
5,1,3,4,8,8,32,103,
6,1,3,4,8,8,1,41,
6,1,3,4,8,8,2,43,
6,1,3,4,8,8,3,45,
6,1,3,4,8,8,4,47,
6,1,3,4,8,8,5,49,
6,1,3,4,8,8,8,55,
6,1,3,4,8,8,12,63,
6,1,3,4,8,8,16,71,
6,1,3,4,8,8,24,87,
6,1,3,4,8,8,32,103,
7,1,3,4,8,8,1,41,
7,1,3,4,8,8,2,43,
7,1,3,4,8,8,3,45,
7,1,3,4,8,8,4,47,
7,1,3,4,8,8,5,49,
7,1,3,4,8,8,8,55,
7,1,3,4,8,8,12,63,
7,1,3,4,8,8,16,71,
7,1,3,4,8,8,24,87,
7,1,3,4,8,8,32,103,
8,1,3,4,8,8,1,41,
8,1,3,4,8,8,2,43,
8,1,3,4,8,8,3,45,
8,1,3,4,8,8,4,47,
8,1,3,4,8,8,5,49,
8,1,3,4,8,8,8,55,
8,1,3,4,8,8,12,63,
8,1,3,4,8,8,16,71,
8,1,3,4,8,8,24,87,
8,1,3,4,8,8,32,103,
1,1,3,5,8,8,1,44,
1,1,3,5,8,8,2,46,
1,1,3,5,8,8,3,48,
1,1,3,5,8,8,4,50,
1,1,3,5,8,8,5,52,
1,1,3,5,8,8,8,58,
1,1,3,5,8,8,12,66,
1,1,3,5,8,8,16,74,
1,1,3,5,8,8,24,90,
1,1,3,5,8,8,32,106,
2,1,3,5,8,8,1,44,
2,1,3,5,8,8,2,46,
2,1,3,5,8,8,3,48,
2,1,3,5,8,8,4,50,
2,1,3,5,8,8,5,52,
2,1,3,5,8,8,8,58,
2,1,3,5,8,8,12,66,
2,1,3,5,8,8,16,74,
2,1,3,5,8,8,24,90,
2,1,3,5,8,8,32,106,
3,1,3,5,8,8,1,44,
3,1,3,5,8,8,2,46,
3,1,3,5,8,8,3,48,
3,1,3,5,8,8,4,50,
3,1,3,5,8,8,5,52,
3,1,3,5,8,8,8,58,
3,1,3,5,8,8,12,66,
3,1,3,5,8,8,16,74,
3,1,3,5,8,8,24,90,
3,1,3,5,8,8,32,106,
4,1,3,5,8,8,1,44,
4,1,3,5,8,8,2,46,
4,1,3,5,8,8,3,48,
4,1,3,5,8,8,4,50,
4,1,3,5,8,8,5,52,
4,1,3,5,8,8,8,58,
4,1,3,5,8,8,12,66,
4,1,3,5,8,8,16,74,
4,1,3,5,8,8,24,90,
4,1,3,5,8,8,32,106,
5,1,3,5,8,8,1,44,
5,1,3,5,8,8,2,46,
5,1,3,5,8,8,3,48,
5,1,3,5,8,8,4,50,
5,1,3,5,8,8,5,52,
5,1,3,5,8,8,8,58,
5,1,3,5,8,8,12,66,
5,1,3,5,8,8,16,74,
5,1,3,5,8,8,24,90,
5,1,3,5,8,8,32,106,
6,1,3,5,8,8,1,44,
6,1,3,5,8,8,2,46,
6,1,3,5,8,8,3,48,
6,1,3,5,8,8,4,50,
6,1,3,5,8,8,5,52,
6,1,3,5,8,8,8,58,
6,1,3,5,8,8,12,66,
6,1,3,5,8,8,16,74,
6,1,3,5,8,8,24,90,
6,1,3,5,8,8,32,106,
7,1,3,5,8,8,1,44,
7,1,3,5,8,8,2,46,
7,1,3,5,8,8,3,48,
7,1,3,5,8,8,4,50,
7,1,3,5,8,8,5,52,
7,1,3,5,8,8,8,58,
7,1,3,5,8,8,12,66,
7,1,3,5,8,8,16,74,
7,1,3,5,8,8,24,90,
7,1,3,5,8,8,32,106,
8,1,3,5,8,8,1,44,
8,1,3,5,8,8,2,46,
8,1,3,5,8,8,3,48,
8,1,3,5,8,8,4,50,
8,1,3,5,8,8,5,52,
8,1,3,5,8,8,8,58,
8,1,3,5,8,8,12,66,
8,1,3,5,8,8,16,74,
8,1,3,5,8,8,24,90,
8,1,3,5,8,8,32,106,
1,1,3,6,8,8,1,47,
1,1,3,6,8,8,2,49,
1,1,3,6,8,8,3,51,
1,1,3,6,8,8,4,53,
1,1,3,6,8,8,5,55,
1,1,3,6,8,8,8,61,
1,1,3,6,8,8,12,69,
1,1,3,6,8,8,16,77,
1,1,3,6,8,8,24,93,
1,1,3,6,8,8,32,109,
2,1,3,6,8,8,1,47,
2,1,3,6,8,8,2,49,
2,1,3,6,8,8,3,51,
2,1,3,6,8,8,4,53,
2,1,3,6,8,8,5,55,
2,1,3,6,8,8,8,61,
2,1,3,6,8,8,12,69,
2,1,3,6,8,8,16,77,
2,1,3,6,8,8,24,93,
2,1,3,6,8,8,32,109,
3,1,3,6,8,8,1,47,
3,1,3,6,8,8,2,49,
3,1,3,6,8,8,3,51,
3,1,3,6,8,8,4,53,
3,1,3,6,8,8,5,55,
3,1,3,6,8,8,8,61,
3,1,3,6,8,8,12,69,
3,1,3,6,8,8,16,77,
3,1,3,6,8,8,24,93,
3,1,3,6,8,8,32,109,
4,1,3,6,8,8,1,47,
4,1,3,6,8,8,2,49,
4,1,3,6,8,8,3,51,
4,1,3,6,8,8,4,53,
4,1,3,6,8,8,5,55,
4,1,3,6,8,8,8,61,
4,1,3,6,8,8,12,69,
4,1,3,6,8,8,16,77,
4,1,3,6,8,8,24,93,
4,1,3,6,8,8,32,109,
5,1,3,6,8,8,1,47,
5,1,3,6,8,8,2,49,
5,1,3,6,8,8,3,51,
5,1,3,6,8,8,4,53,
5,1,3,6,8,8,5,55,
5,1,3,6,8,8,8,61,
5,1,3,6,8,8,12,69,
5,1,3,6,8,8,16,77,
5,1,3,6,8,8,24,93,
5,1,3,6,8,8,32,109,
6,1,3,6,8,8,1,47,
6,1,3,6,8,8,2,49,
6,1,3,6,8,8,3,51,
6,1,3,6,8,8,4,53,
6,1,3,6,8,8,5,55,
6,1,3,6,8,8,8,61,
6,1,3,6,8,8,12,69,
6,1,3,6,8,8,16,77,
6,1,3,6,8,8,24,93,
6,1,3,6,8,8,32,109,
7,1,3,6,8,8,1,47,
7,1,3,6,8,8,2,49,
7,1,3,6,8,8,3,51,
7,1,3,6,8,8,4,53,
7,1,3,6,8,8,5,55,
7,1,3,6,8,8,8,61,
7,1,3,6,8,8,12,69,
7,1,3,6,8,8,16,77,
7,1,3,6,8,8,24,93,
7,1,3,6,8,8,32,109,
8,1,3,6,8,8,1,47,
8,1,3,6,8,8,2,49,
8,1,3,6,8,8,3,51,
8,1,3,6,8,8,4,53,
8,1,3,6,8,8,5,55,
8,1,3,6,8,8,8,61,
8,1,3,6,8,8,12,69,
8,1,3,6,8,8,16,77,
8,1,3,6,8,8,24,93,
8,1,3,6,8,8,32,109,
1,1,3,7,8,8,1,50,
1,1,3,7,8,8,2,52,
1,1,3,7,8,8,3,54,
1,1,3,7,8,8,4,56,
1,1,3,7,8,8,5,58,
1,1,3,7,8,8,8,64,
1,1,3,7,8,8,12,72,
1,1,3,7,8,8,16,80,
1,1,3,7,8,8,24,96,
1,1,3,7,8,8,32,112,
2,1,3,7,8,8,1,50,
2,1,3,7,8,8,2,52,
2,1,3,7,8,8,3,54,
2,1,3,7,8,8,4,56,
2,1,3,7,8,8,5,58,
2,1,3,7,8,8,8,64,
2,1,3,7,8,8,12,72,
2,1,3,7,8,8,16,80,
2,1,3,7,8,8,24,96,
2,1,3,7,8,8,32,112,
3,1,3,7,8,8,1,50,
3,1,3,7,8,8,2,52,
3,1,3,7,8,8,3,54,
3,1,3,7,8,8,4,56,
3,1,3,7,8,8,5,58,
3,1,3,7,8,8,8,64,
3,1,3,7,8,8,12,72,
3,1,3,7,8,8,16,80,
3,1,3,7,8,8,24,96,
3,1,3,7,8,8,32,112,
4,1,3,7,8,8,1,50,
4,1,3,7,8,8,2,52,
4,1,3,7,8,8,3,54,
4,1,3,7,8,8,4,56,
4,1,3,7,8,8,5,58,
4,1,3,7,8,8,8,64,
4,1,3,7,8,8,12,72,
4,1,3,7,8,8,16,80,
4,1,3,7,8,8,24,96,
4,1,3,7,8,8,32,112,
5,1,3,7,8,8,1,50,
5,1,3,7,8,8,2,52,
5,1,3,7,8,8,3,54,
5,1,3,7,8,8,4,56,
5,1,3,7,8,8,5,58,
5,1,3,7,8,8,8,64,
5,1,3,7,8,8,12,72,
5,1,3,7,8,8,16,80,
5,1,3,7,8,8,24,96,
5,1,3,7,8,8,32,112,
6,1,3,7,8,8,1,50,
6,1,3,7,8,8,2,52,
6,1,3,7,8,8,3,54,
6,1,3,7,8,8,4,56,
6,1,3,7,8,8,5,58,
6,1,3,7,8,8,8,64,
6,1,3,7,8,8,12,72,
6,1,3,7,8,8,16,80,
6,1,3,7,8,8,24,96,
6,1,3,7,8,8,32,112,
7,1,3,7,8,8,1,50,
7,1,3,7,8,8,2,52,
7,1,3,7,8,8,3,54,
7,1,3,7,8,8,4,56,
7,1,3,7,8,8,5,58,
7,1,3,7,8,8,8,64,
7,1,3,7,8,8,12,72,
7,1,3,7,8,8,16,80,
7,1,3,7,8,8,24,96,
7,1,3,7,8,8,32,112,
8,1,3,7,8,8,1,50,
8,1,3,7,8,8,2,52,
8,1,3,7,8,8,3,54,
8,1,3,7,8,8,4,56,
8,1,3,7,8,8,5,58,
8,1,3,7,8,8,8,64,
8,1,3,7,8,8,12,72,
8,1,3,7,8,8,16,80,
8,1,3,7,8,8,24,96,
8,1,3,7,8,8,32,112,
1,1,3,8,8,8,1,53,
1,1,3,8,8,8,2,55,
1,1,3,8,8,8,3,57,
1,1,3,8,8,8,4,59,
1,1,3,8,8,8,5,61,
1,1,3,8,8,8,8,67,
1,1,3,8,8,8,12,75,
1,1,3,8,8,8,16,83,
1,1,3,8,8,8,24,99,
1,1,3,8,8,8,32,115,
2,1,3,8,8,8,1,53,
2,1,3,8,8,8,2,55,
2,1,3,8,8,8,3,57,
2,1,3,8,8,8,4,59,
2,1,3,8,8,8,5,61,
2,1,3,8,8,8,8,67,
2,1,3,8,8,8,12,75,
2,1,3,8,8,8,16,83,
2,1,3,8,8,8,24,99,
2,1,3,8,8,8,32,115,
3,1,3,8,8,8,1,53,
3,1,3,8,8,8,2,55,
3,1,3,8,8,8,3,57,
3,1,3,8,8,8,4,59,
3,1,3,8,8,8,5,61,
3,1,3,8,8,8,8,67,
3,1,3,8,8,8,12,75,
3,1,3,8,8,8,16,83,
3,1,3,8,8,8,24,99,
3,1,3,8,8,8,32,115,
4,1,3,8,8,8,1,53,
4,1,3,8,8,8,2,55,
4,1,3,8,8,8,3,57,
4,1,3,8,8,8,4,59,
4,1,3,8,8,8,5,61,
4,1,3,8,8,8,8,67,
4,1,3,8,8,8,12,75,
4,1,3,8,8,8,16,83,
4,1,3,8,8,8,24,99,
4,1,3,8,8,8,32,115,
5,1,3,8,8,8,1,53,
5,1,3,8,8,8,2,55,
5,1,3,8,8,8,3,57,
5,1,3,8,8,8,4,59,
5,1,3,8,8,8,5,61,
5,1,3,8,8,8,8,67,
5,1,3,8,8,8,12,75,
5,1,3,8,8,8,16,83,
5,1,3,8,8,8,24,99,
5,1,3,8,8,8,32,115,
6,1,3,8,8,8,1,53,
6,1,3,8,8,8,2,55,
6,1,3,8,8,8,3,57,
6,1,3,8,8,8,4,59,
6,1,3,8,8,8,5,61,
6,1,3,8,8,8,8,67,
6,1,3,8,8,8,12,75,
6,1,3,8,8,8,16,83,
6,1,3,8,8,8,24,99,
6,1,3,8,8,8,32,115,
7,1,3,8,8,8,1,53,
7,1,3,8,8,8,2,55,
7,1,3,8,8,8,3,57,
7,1,3,8,8,8,4,59,
7,1,3,8,8,8,5,61,
7,1,3,8,8,8,8,67,
7,1,3,8,8,8,12,75,
7,1,3,8,8,8,16,83,
7,1,3,8,8,8,24,99,
7,1,3,8,8,8,32,115,
8,1,3,8,8,8,1,53,
8,1,3,8,8,8,2,55,
8,1,3,8,8,8,3,57,
8,1,3,8,8,8,4,59,
8,1,3,8,8,8,5,61,
8,1,3,8,8,8,8,67,
8,1,3,8,8,8,12,75,
8,1,3,8,8,8,16,83,
8,1,3,8,8,8,24,99,
8,1,3,8,8,8,32,115,
1,1,4,1,8,8,1,33,
1,1,4,1,8,8,2,35,
1,1,4,1,8,8,3,37,
1,1,4,1,8,8,4,39,
1,1,4,1,8,8,5,41,
1,1,4,1,8,8,8,47,
1,1,4,1,8,8,12,55,
1,1,4,1,8,8,16,63,
1,1,4,1,8,8,24,79,
1,1,4,1,8,8,32,95,
2,1,4,1,8,8,1,33,
2,1,4,1,8,8,2,35,
2,1,4,1,8,8,3,37,
2,1,4,1,8,8,4,39,
2,1,4,1,8,8,5,41,
2,1,4,1,8,8,8,47,
2,1,4,1,8,8,12,55,
2,1,4,1,8,8,16,63,
2,1,4,1,8,8,24,79,
2,1,4,1,8,8,32,95,
3,1,4,1,8,8,1,33,
3,1,4,1,8,8,2,35,
3,1,4,1,8,8,3,37,
3,1,4,1,8,8,4,39,
3,1,4,1,8,8,5,41,
3,1,4,1,8,8,8,47,
3,1,4,1,8,8,12,55,
3,1,4,1,8,8,16,63,
3,1,4,1,8,8,24,79,
3,1,4,1,8,8,32,95,
4,1,4,1,8,8,1,33,
4,1,4,1,8,8,2,35,
4,1,4,1,8,8,3,37,
4,1,4,1,8,8,4,39,
4,1,4,1,8,8,5,41,
4,1,4,1,8,8,8,47,
4,1,4,1,8,8,12,55,
4,1,4,1,8,8,16,63,
4,1,4,1,8,8,24,79,
4,1,4,1,8,8,32,95,
5,1,4,1,8,8,1,33,
5,1,4,1,8,8,2,35,
5,1,4,1,8,8,3,37,
5,1,4,1,8,8,4,39,
5,1,4,1,8,8,5,41,
5,1,4,1,8,8,8,47,
5,1,4,1,8,8,12,55,
5,1,4,1,8,8,16,63,
5,1,4,1,8,8,24,79,
5,1,4,1,8,8,32,95,
6,1,4,1,8,8,1,33,
6,1,4,1,8,8,2,35,
6,1,4,1,8,8,3,37,
6,1,4,1,8,8,4,39,
6,1,4,1,8,8,5,41,
6,1,4,1,8,8,8,47,
6,1,4,1,8,8,12,55,
6,1,4,1,8,8,16,63,
6,1,4,1,8,8,24,79,
6,1,4,1,8,8,32,95,
7,1,4,1,8,8,1,33,
7,1,4,1,8,8,2,35,
7,1,4,1,8,8,3,37,
7,1,4,1,8,8,4,39,
7,1,4,1,8,8,5,41,
7,1,4,1,8,8,8,47,
7,1,4,1,8,8,12,55,
7,1,4,1,8,8,16,63,
7,1,4,1,8,8,24,79,
7,1,4,1,8,8,32,95,
8,1,4,1,8,8,1,33,
8,1,4,1,8,8,2,35,
8,1,4,1,8,8,3,37,
8,1,4,1,8,8,4,39,
8,1,4,1,8,8,5,41,
8,1,4,1,8,8,8,47,
8,1,4,1,8,8,12,55,
8,1,4,1,8,8,16,63,
8,1,4,1,8,8,24,79,
8,1,4,1,8,8,32,95,
1,1,4,2,8,8,1,37,
1,1,4,2,8,8,2,39,
1,1,4,2,8,8,3,41,
1,1,4,2,8,8,4,43,
1,1,4,2,8,8,5,45,
1,1,4,2,8,8,8,51,
1,1,4,2,8,8,12,59,
1,1,4,2,8,8,16,67,
1,1,4,2,8,8,24,83,
1,1,4,2,8,8,32,99,
2,1,4,2,8,8,1,37,
2,1,4,2,8,8,2,39,
2,1,4,2,8,8,3,41,
2,1,4,2,8,8,4,43,
2,1,4,2,8,8,5,45,
2,1,4,2,8,8,8,51,
2,1,4,2,8,8,12,59,
2,1,4,2,8,8,16,67,
2,1,4,2,8,8,24,83,
2,1,4,2,8,8,32,99,
3,1,4,2,8,8,1,37,
3,1,4,2,8,8,2,39,
3,1,4,2,8,8,3,41,
3,1,4,2,8,8,4,43,
3,1,4,2,8,8,5,45,
3,1,4,2,8,8,8,51,
3,1,4,2,8,8,12,59,
3,1,4,2,8,8,16,67,
3,1,4,2,8,8,24,83,
3,1,4,2,8,8,32,99,
4,1,4,2,8,8,1,37,
4,1,4,2,8,8,2,39,
4,1,4,2,8,8,3,41,
4,1,4,2,8,8,4,43,
4,1,4,2,8,8,5,45,
4,1,4,2,8,8,8,51,
4,1,4,2,8,8,12,59,
4,1,4,2,8,8,16,67,
4,1,4,2,8,8,24,83,
4,1,4,2,8,8,32,99,
5,1,4,2,8,8,1,37,
5,1,4,2,8,8,2,39,
5,1,4,2,8,8,3,41,
5,1,4,2,8,8,4,43,
5,1,4,2,8,8,5,45,
5,1,4,2,8,8,8,51,
5,1,4,2,8,8,12,59,
5,1,4,2,8,8,16,67,
5,1,4,2,8,8,24,83,
5,1,4,2,8,8,32,99,
6,1,4,2,8,8,1,37,
6,1,4,2,8,8,2,39,
6,1,4,2,8,8,3,41,
6,1,4,2,8,8,4,43,
6,1,4,2,8,8,5,45,
6,1,4,2,8,8,8,51,
6,1,4,2,8,8,12,59,
6,1,4,2,8,8,16,67,
6,1,4,2,8,8,24,83,
6,1,4,2,8,8,32,99,
7,1,4,2,8,8,1,37,
7,1,4,2,8,8,2,39,
7,1,4,2,8,8,3,41,
7,1,4,2,8,8,4,43,
7,1,4,2,8,8,5,45,
7,1,4,2,8,8,8,51,
7,1,4,2,8,8,12,59,
7,1,4,2,8,8,16,67,
7,1,4,2,8,8,24,83,
7,1,4,2,8,8,32,99,
8,1,4,2,8,8,1,37,
8,1,4,2,8,8,2,39,
8,1,4,2,8,8,3,41,
8,1,4,2,8,8,4,43,
8,1,4,2,8,8,5,45,
8,1,4,2,8,8,8,51,
8,1,4,2,8,8,12,59,
8,1,4,2,8,8,16,67,
8,1,4,2,8,8,24,83,
8,1,4,2,8,8,32,99,
1,1,4,3,8,8,1,41,
1,1,4,3,8,8,2,43,
1,1,4,3,8,8,3,45,
1,1,4,3,8,8,4,47,
1,1,4,3,8,8,5,49,
1,1,4,3,8,8,8,55,
1,1,4,3,8,8,12,63,
1,1,4,3,8,8,16,71,
1,1,4,3,8,8,24,87,
1,1,4,3,8,8,32,103,
2,1,4,3,8,8,1,41,
2,1,4,3,8,8,2,43,
2,1,4,3,8,8,3,45,
2,1,4,3,8,8,4,47,
2,1,4,3,8,8,5,49,
2,1,4,3,8,8,8,55,
2,1,4,3,8,8,12,63,
2,1,4,3,8,8,16,71,
2,1,4,3,8,8,24,87,
2,1,4,3,8,8,32,103,
3,1,4,3,8,8,1,41,
3,1,4,3,8,8,2,43,
3,1,4,3,8,8,3,45,
3,1,4,3,8,8,4,47,
3,1,4,3,8,8,5,49,
3,1,4,3,8,8,8,55,
3,1,4,3,8,8,12,63,
3,1,4,3,8,8,16,71,
3,1,4,3,8,8,24,87,
3,1,4,3,8,8,32,103,
4,1,4,3,8,8,1,41,
4,1,4,3,8,8,2,43,
4,1,4,3,8,8,3,45,
4,1,4,3,8,8,4,47,
4,1,4,3,8,8,5,49,
4,1,4,3,8,8,8,55,
4,1,4,3,8,8,12,63,
4,1,4,3,8,8,16,71,
4,1,4,3,8,8,24,87,
4,1,4,3,8,8,32,103,
5,1,4,3,8,8,1,41,
5,1,4,3,8,8,2,43,
5,1,4,3,8,8,3,45,
5,1,4,3,8,8,4,47,
5,1,4,3,8,8,5,49,
5,1,4,3,8,8,8,55,
5,1,4,3,8,8,12,63,
5,1,4,3,8,8,16,71,
5,1,4,3,8,8,24,87,
5,1,4,3,8,8,32,103,
6,1,4,3,8,8,1,41,
6,1,4,3,8,8,2,43,
6,1,4,3,8,8,3,45,
6,1,4,3,8,8,4,47,
6,1,4,3,8,8,5,49,
6,1,4,3,8,8,8,55,
6,1,4,3,8,8,12,63,
6,1,4,3,8,8,16,71,
6,1,4,3,8,8,24,87,
6,1,4,3,8,8,32,103,
7,1,4,3,8,8,1,41,
7,1,4,3,8,8,2,43,
7,1,4,3,8,8,3,45,
7,1,4,3,8,8,4,47,
7,1,4,3,8,8,5,49,
7,1,4,3,8,8,8,55,
7,1,4,3,8,8,12,63,
7,1,4,3,8,8,16,71,
7,1,4,3,8,8,24,87,
7,1,4,3,8,8,32,103,
8,1,4,3,8,8,1,41,
8,1,4,3,8,8,2,43,
8,1,4,3,8,8,3,45,
8,1,4,3,8,8,4,47,
8,1,4,3,8,8,5,49,
8,1,4,3,8,8,8,55,
8,1,4,3,8,8,12,63,
8,1,4,3,8,8,16,71,
8,1,4,3,8,8,24,87,
8,1,4,3,8,8,32,103,
1,1,4,4,8,8,1,45,
1,1,4,4,8,8,2,47,
1,1,4,4,8,8,3,49,
1,1,4,4,8,8,4,51,
1,1,4,4,8,8,5,53,
1,1,4,4,8,8,8,59,
1,1,4,4,8,8,12,67,
1,1,4,4,8,8,16,75,
1,1,4,4,8,8,24,91,
1,1,4,4,8,8,32,107,
2,1,4,4,8,8,1,45,
2,1,4,4,8,8,2,47,
2,1,4,4,8,8,3,49,
2,1,4,4,8,8,4,51,
2,1,4,4,8,8,5,53,
2,1,4,4,8,8,8,59,
2,1,4,4,8,8,12,67,
2,1,4,4,8,8,16,75,
2,1,4,4,8,8,24,91,
2,1,4,4,8,8,32,107,
3,1,4,4,8,8,1,45,
3,1,4,4,8,8,2,47,
3,1,4,4,8,8,3,49,
3,1,4,4,8,8,4,51,
3,1,4,4,8,8,5,53,
3,1,4,4,8,8,8,59,
3,1,4,4,8,8,12,67,
3,1,4,4,8,8,16,75,
3,1,4,4,8,8,24,91,
3,1,4,4,8,8,32,107,
4,1,4,4,8,8,1,45,
4,1,4,4,8,8,2,47,
4,1,4,4,8,8,3,49,
4,1,4,4,8,8,4,51,
4,1,4,4,8,8,5,53,
4,1,4,4,8,8,8,59,
4,1,4,4,8,8,12,67,
4,1,4,4,8,8,16,75,
4,1,4,4,8,8,24,91,
4,1,4,4,8,8,32,107,
5,1,4,4,8,8,1,45,
5,1,4,4,8,8,2,47,
5,1,4,4,8,8,3,49,
5,1,4,4,8,8,4,51,
5,1,4,4,8,8,5,53,
5,1,4,4,8,8,8,59,
5,1,4,4,8,8,12,67,
5,1,4,4,8,8,16,75,
5,1,4,4,8,8,24,91,
5,1,4,4,8,8,32,107,
6,1,4,4,8,8,1,45,
6,1,4,4,8,8,2,47,
6,1,4,4,8,8,3,49,
6,1,4,4,8,8,4,51,
6,1,4,4,8,8,5,53,
6,1,4,4,8,8,8,59,
6,1,4,4,8,8,12,67,
6,1,4,4,8,8,16,75,
6,1,4,4,8,8,24,91,
6,1,4,4,8,8,32,107,
7,1,4,4,8,8,1,45,
7,1,4,4,8,8,2,47,
7,1,4,4,8,8,3,49,
7,1,4,4,8,8,4,51,
7,1,4,4,8,8,5,53,
7,1,4,4,8,8,8,59,
7,1,4,4,8,8,12,67,
7,1,4,4,8,8,16,75,
7,1,4,4,8,8,24,91,
7,1,4,4,8,8,32,107,
8,1,4,4,8,8,1,45,
8,1,4,4,8,8,2,47,
8,1,4,4,8,8,3,49,
8,1,4,4,8,8,4,51,
8,1,4,4,8,8,5,53,
8,1,4,4,8,8,8,59,
8,1,4,4,8,8,12,67,
8,1,4,4,8,8,16,75,
8,1,4,4,8,8,24,91,
8,1,4,4,8,8,32,107,
1,1,4,5,8,8,1,49,
1,1,4,5,8,8,2,51,
1,1,4,5,8,8,3,53,
1,1,4,5,8,8,4,55,
1,1,4,5,8,8,5,57,
1,1,4,5,8,8,8,63,
1,1,4,5,8,8,12,71,
1,1,4,5,8,8,16,79,
1,1,4,5,8,8,24,95,
1,1,4,5,8,8,32,111,
2,1,4,5,8,8,1,49,
2,1,4,5,8,8,2,51,
2,1,4,5,8,8,3,53,
2,1,4,5,8,8,4,55,
2,1,4,5,8,8,5,57,
2,1,4,5,8,8,8,63,
2,1,4,5,8,8,12,71,
2,1,4,5,8,8,16,79,
2,1,4,5,8,8,24,95,
2,1,4,5,8,8,32,111,
3,1,4,5,8,8,1,49,
3,1,4,5,8,8,2,51,
3,1,4,5,8,8,3,53,
3,1,4,5,8,8,4,55,
3,1,4,5,8,8,5,57,
3,1,4,5,8,8,8,63,
3,1,4,5,8,8,12,71,
3,1,4,5,8,8,16,79,
3,1,4,5,8,8,24,95,
3,1,4,5,8,8,32,111,
4,1,4,5,8,8,1,49,
4,1,4,5,8,8,2,51,
4,1,4,5,8,8,3,53,
4,1,4,5,8,8,4,55,
4,1,4,5,8,8,5,57,
4,1,4,5,8,8,8,63,
4,1,4,5,8,8,12,71,
4,1,4,5,8,8,16,79,
4,1,4,5,8,8,24,95,
4,1,4,5,8,8,32,111,
5,1,4,5,8,8,1,49,
5,1,4,5,8,8,2,51,
5,1,4,5,8,8,3,53,
5,1,4,5,8,8,4,55,
5,1,4,5,8,8,5,57,
5,1,4,5,8,8,8,63,
5,1,4,5,8,8,12,71,
5,1,4,5,8,8,16,79,
5,1,4,5,8,8,24,95,
5,1,4,5,8,8,32,111,
6,1,4,5,8,8,1,49,
6,1,4,5,8,8,2,51,
6,1,4,5,8,8,3,53,
6,1,4,5,8,8,4,55,
6,1,4,5,8,8,5,57,
6,1,4,5,8,8,8,63,
6,1,4,5,8,8,12,71,
6,1,4,5,8,8,16,79,
6,1,4,5,8,8,24,95,
6,1,4,5,8,8,32,111,
7,1,4,5,8,8,1,49,
7,1,4,5,8,8,2,51,
7,1,4,5,8,8,3,53,
7,1,4,5,8,8,4,55,
7,1,4,5,8,8,5,57,
7,1,4,5,8,8,8,63,
7,1,4,5,8,8,12,71,
7,1,4,5,8,8,16,79,
7,1,4,5,8,8,24,95,
7,1,4,5,8,8,32,111,
8,1,4,5,8,8,1,49,
8,1,4,5,8,8,2,51,
8,1,4,5,8,8,3,53,
8,1,4,5,8,8,4,55,
8,1,4,5,8,8,5,57,
8,1,4,5,8,8,8,63,
8,1,4,5,8,8,12,71,
8,1,4,5,8,8,16,79,
8,1,4,5,8,8,24,95,
8,1,4,5,8,8,32,111,
1,1,4,6,8,8,1,53,
1,1,4,6,8,8,2,55,
1,1,4,6,8,8,3,57,
1,1,4,6,8,8,4,59,
1,1,4,6,8,8,5,61,
1,1,4,6,8,8,8,67,
1,1,4,6,8,8,12,75,
1,1,4,6,8,8,16,83,
1,1,4,6,8,8,24,99,
1,1,4,6,8,8,32,115,
2,1,4,6,8,8,1,53,
2,1,4,6,8,8,2,55,
2,1,4,6,8,8,3,57,
2,1,4,6,8,8,4,59,
2,1,4,6,8,8,5,61,
2,1,4,6,8,8,8,67,
2,1,4,6,8,8,12,75,
2,1,4,6,8,8,16,83,
2,1,4,6,8,8,24,99,
2,1,4,6,8,8,32,115,
3,1,4,6,8,8,1,53,
3,1,4,6,8,8,2,55,
3,1,4,6,8,8,3,57,
3,1,4,6,8,8,4,59,
3,1,4,6,8,8,5,61,
3,1,4,6,8,8,8,67,
3,1,4,6,8,8,12,75,
3,1,4,6,8,8,16,83,
3,1,4,6,8,8,24,99,
3,1,4,6,8,8,32,115,
4,1,4,6,8,8,1,53,
4,1,4,6,8,8,2,55,
4,1,4,6,8,8,3,57,
4,1,4,6,8,8,4,59,
4,1,4,6,8,8,5,61,
4,1,4,6,8,8,8,67,
4,1,4,6,8,8,12,75,
4,1,4,6,8,8,16,83,
4,1,4,6,8,8,24,99,
4,1,4,6,8,8,32,115,
5,1,4,6,8,8,1,53,
5,1,4,6,8,8,2,55,
5,1,4,6,8,8,3,57,
5,1,4,6,8,8,4,59,
5,1,4,6,8,8,5,61,
5,1,4,6,8,8,8,67,
5,1,4,6,8,8,12,75,
5,1,4,6,8,8,16,83,
5,1,4,6,8,8,24,99,
5,1,4,6,8,8,32,115,
6,1,4,6,8,8,1,53,
6,1,4,6,8,8,2,55,
6,1,4,6,8,8,3,57,
6,1,4,6,8,8,4,59,
6,1,4,6,8,8,5,61,
6,1,4,6,8,8,8,67,
6,1,4,6,8,8,12,75,
6,1,4,6,8,8,16,83,
6,1,4,6,8,8,24,99,
6,1,4,6,8,8,32,115,
7,1,4,6,8,8,1,53,
7,1,4,6,8,8,2,55,
7,1,4,6,8,8,3,57,
7,1,4,6,8,8,4,59,
7,1,4,6,8,8,5,61,
7,1,4,6,8,8,8,67,
7,1,4,6,8,8,12,75,
7,1,4,6,8,8,16,83,
7,1,4,6,8,8,24,99,
7,1,4,6,8,8,32,115,
8,1,4,6,8,8,1,53,
8,1,4,6,8,8,2,55,
8,1,4,6,8,8,3,57,
8,1,4,6,8,8,4,59,
8,1,4,6,8,8,5,61,
8,1,4,6,8,8,8,67,
8,1,4,6,8,8,12,75,
8,1,4,6,8,8,16,83,
8,1,4,6,8,8,24,99,
8,1,4,6,8,8,32,115,
1,1,4,7,8,8,1,57,
1,1,4,7,8,8,2,59,
1,1,4,7,8,8,3,61,
1,1,4,7,8,8,4,63,
1,1,4,7,8,8,5,65,
1,1,4,7,8,8,8,71,
1,1,4,7,8,8,12,79,
1,1,4,7,8,8,16,87,
1,1,4,7,8,8,24,103,
1,1,4,7,8,8,32,119,
2,1,4,7,8,8,1,57,
2,1,4,7,8,8,2,59,
2,1,4,7,8,8,3,61,
2,1,4,7,8,8,4,63,
2,1,4,7,8,8,5,65,
2,1,4,7,8,8,8,71,
2,1,4,7,8,8,12,79,
2,1,4,7,8,8,16,87,
2,1,4,7,8,8,24,103,
2,1,4,7,8,8,32,119,
3,1,4,7,8,8,1,57,
3,1,4,7,8,8,2,59,
3,1,4,7,8,8,3,61,
3,1,4,7,8,8,4,63,
3,1,4,7,8,8,5,65,
3,1,4,7,8,8,8,71,
3,1,4,7,8,8,12,79,
3,1,4,7,8,8,16,87,
3,1,4,7,8,8,24,103,
3,1,4,7,8,8,32,119,
4,1,4,7,8,8,1,57,
4,1,4,7,8,8,2,59,
4,1,4,7,8,8,3,61,
4,1,4,7,8,8,4,63,
4,1,4,7,8,8,5,65,
4,1,4,7,8,8,8,71,
4,1,4,7,8,8,12,79,
4,1,4,7,8,8,16,87,
4,1,4,7,8,8,24,103,
4,1,4,7,8,8,32,119,
5,1,4,7,8,8,1,57,
5,1,4,7,8,8,2,59,
5,1,4,7,8,8,3,61,
5,1,4,7,8,8,4,63,
5,1,4,7,8,8,5,65,
5,1,4,7,8,8,8,71,
5,1,4,7,8,8,12,79,
5,1,4,7,8,8,16,87,
5,1,4,7,8,8,24,103,
5,1,4,7,8,8,32,119,
6,1,4,7,8,8,1,57,
6,1,4,7,8,8,2,59,
6,1,4,7,8,8,3,61,
6,1,4,7,8,8,4,63,
6,1,4,7,8,8,5,65,
6,1,4,7,8,8,8,71,
6,1,4,7,8,8,12,79,
6,1,4,7,8,8,16,87,
6,1,4,7,8,8,24,103,
6,1,4,7,8,8,32,119,
7,1,4,7,8,8,1,57,
7,1,4,7,8,8,2,59,
7,1,4,7,8,8,3,61,
7,1,4,7,8,8,4,63,
7,1,4,7,8,8,5,65,
7,1,4,7,8,8,8,71,
7,1,4,7,8,8,12,79,
7,1,4,7,8,8,16,87,
7,1,4,7,8,8,24,103,
7,1,4,7,8,8,32,119,
8,1,4,7,8,8,1,57,
8,1,4,7,8,8,2,59,
8,1,4,7,8,8,3,61,
8,1,4,7,8,8,4,63,
8,1,4,7,8,8,5,65,
8,1,4,7,8,8,8,71,
8,1,4,7,8,8,12,79,
8,1,4,7,8,8,16,87,
8,1,4,7,8,8,24,103,
8,1,4,7,8,8,32,119,
1,1,4,8,8,8,1,61,
1,1,4,8,8,8,2,63,
1,1,4,8,8,8,3,65,
1,1,4,8,8,8,4,67,
1,1,4,8,8,8,5,69,
1,1,4,8,8,8,8,75,
1,1,4,8,8,8,12,83,
1,1,4,8,8,8,16,91,
1,1,4,8,8,8,24,107,
1,1,4,8,8,8,32,123,
2,1,4,8,8,8,1,61,
2,1,4,8,8,8,2,63,
2,1,4,8,8,8,3,65,
2,1,4,8,8,8,4,67,
2,1,4,8,8,8,5,69,
2,1,4,8,8,8,8,75,
2,1,4,8,8,8,12,83,
2,1,4,8,8,8,16,91,
2,1,4,8,8,8,24,107,
2,1,4,8,8,8,32,123,
3,1,4,8,8,8,1,61,
3,1,4,8,8,8,2,63,
3,1,4,8,8,8,3,65,
3,1,4,8,8,8,4,67,
3,1,4,8,8,8,5,69,
3,1,4,8,8,8,8,75,
3,1,4,8,8,8,12,83,
3,1,4,8,8,8,16,91,
3,1,4,8,8,8,24,107,
3,1,4,8,8,8,32,123,
4,1,4,8,8,8,1,61,
4,1,4,8,8,8,2,63,
4,1,4,8,8,8,3,65,
4,1,4,8,8,8,4,67,
4,1,4,8,8,8,5,69,
4,1,4,8,8,8,8,75,
4,1,4,8,8,8,12,83,
4,1,4,8,8,8,16,91,
4,1,4,8,8,8,24,107,
4,1,4,8,8,8,32,123,
5,1,4,8,8,8,1,61,
5,1,4,8,8,8,2,63,
5,1,4,8,8,8,3,65,
5,1,4,8,8,8,4,67,
5,1,4,8,8,8,5,69,
5,1,4,8,8,8,8,75,
5,1,4,8,8,8,12,83,
5,1,4,8,8,8,16,91,
5,1,4,8,8,8,24,107,
5,1,4,8,8,8,32,123,
6,1,4,8,8,8,1,61,
6,1,4,8,8,8,2,63,
6,1,4,8,8,8,3,65,
6,1,4,8,8,8,4,67,
6,1,4,8,8,8,5,69,
6,1,4,8,8,8,8,75,
6,1,4,8,8,8,12,83,
6,1,4,8,8,8,16,91,
6,1,4,8,8,8,24,107,
6,1,4,8,8,8,32,123,
7,1,4,8,8,8,1,61,
7,1,4,8,8,8,2,63,
7,1,4,8,8,8,3,65,
7,1,4,8,8,8,4,67,
7,1,4,8,8,8,5,69,
7,1,4,8,8,8,8,75,
7,1,4,8,8,8,12,83,
7,1,4,8,8,8,16,91,
7,1,4,8,8,8,24,107,
7,1,4,8,8,8,32,123,
8,1,4,8,8,8,1,61,
8,1,4,8,8,8,2,63,
8,1,4,8,8,8,3,65,
8,1,4,8,8,8,4,67,
8,1,4,8,8,8,5,69,
8,1,4,8,8,8,8,75,
8,1,4,8,8,8,12,83,
8,1,4,8,8,8,16,91,
8,1,4,8,8,8,24,107,
8,1,4,8,8,8,32,123,
1,1,5,1,8,8,1,34,
1,1,5,1,8,8,2,36,
1,1,5,1,8,8,3,38,
1,1,5,1,8,8,4,40,
1,1,5,1,8,8,5,42,
1,1,5,1,8,8,8,48,
1,1,5,1,8,8,12,56,
1,1,5,1,8,8,16,64,
1,1,5,1,8,8,24,80,
1,1,5,1,8,8,32,96,
2,1,5,1,8,8,1,34,
2,1,5,1,8,8,2,36,
2,1,5,1,8,8,3,38,
2,1,5,1,8,8,4,40,
2,1,5,1,8,8,5,42,
2,1,5,1,8,8,8,48,
2,1,5,1,8,8,12,56,
2,1,5,1,8,8,16,64,
2,1,5,1,8,8,24,80,
2,1,5,1,8,8,32,96,
3,1,5,1,8,8,1,34,
3,1,5,1,8,8,2,36,
3,1,5,1,8,8,3,38,
3,1,5,1,8,8,4,40,
3,1,5,1,8,8,5,42,
3,1,5,1,8,8,8,48,
3,1,5,1,8,8,12,56,
3,1,5,1,8,8,16,64,
3,1,5,1,8,8,24,80,
3,1,5,1,8,8,32,96,
4,1,5,1,8,8,1,34,
4,1,5,1,8,8,2,36,
4,1,5,1,8,8,3,38,
4,1,5,1,8,8,4,40,
4,1,5,1,8,8,5,42,
4,1,5,1,8,8,8,48,
4,1,5,1,8,8,12,56,
4,1,5,1,8,8,16,64,
4,1,5,1,8,8,24,80,
4,1,5,1,8,8,32,96,
5,1,5,1,8,8,1,34,
5,1,5,1,8,8,2,36,
5,1,5,1,8,8,3,38,
5,1,5,1,8,8,4,40,
5,1,5,1,8,8,5,42,
5,1,5,1,8,8,8,48,
5,1,5,1,8,8,12,56,
5,1,5,1,8,8,16,64,
5,1,5,1,8,8,24,80,
5,1,5,1,8,8,32,96,
6,1,5,1,8,8,1,34,
6,1,5,1,8,8,2,36,
6,1,5,1,8,8,3,38,
6,1,5,1,8,8,4,40,
6,1,5,1,8,8,5,42,
6,1,5,1,8,8,8,48,
6,1,5,1,8,8,12,56,
6,1,5,1,8,8,16,64,
6,1,5,1,8,8,24,80,
6,1,5,1,8,8,32,96,
7,1,5,1,8,8,1,34,
7,1,5,1,8,8,2,36,
7,1,5,1,8,8,3,38,
7,1,5,1,8,8,4,40,
7,1,5,1,8,8,5,42,
7,1,5,1,8,8,8,48,
7,1,5,1,8,8,12,56,
7,1,5,1,8,8,16,64,
7,1,5,1,8,8,24,80,
7,1,5,1,8,8,32,96,
8,1,5,1,8,8,1,34,
8,1,5,1,8,8,2,36,
8,1,5,1,8,8,3,38,
8,1,5,1,8,8,4,40,
8,1,5,1,8,8,5,42,
8,1,5,1,8,8,8,48,
8,1,5,1,8,8,12,56,
8,1,5,1,8,8,16,64,
8,1,5,1,8,8,24,80,
8,1,5,1,8,8,32,96,
1,1,5,2,8,8,1,39,
1,1,5,2,8,8,2,41,
1,1,5,2,8,8,3,43,
1,1,5,2,8,8,4,45,
1,1,5,2,8,8,5,47,
1,1,5,2,8,8,8,53,
1,1,5,2,8,8,12,61,
1,1,5,2,8,8,16,69,
1,1,5,2,8,8,24,85,
1,1,5,2,8,8,32,101,
2,1,5,2,8,8,1,39,
2,1,5,2,8,8,2,41,
2,1,5,2,8,8,3,43,
2,1,5,2,8,8,4,45,
2,1,5,2,8,8,5,47,
2,1,5,2,8,8,8,53,
2,1,5,2,8,8,12,61,
2,1,5,2,8,8,16,69,
2,1,5,2,8,8,24,85,
2,1,5,2,8,8,32,101,
3,1,5,2,8,8,1,39,
3,1,5,2,8,8,2,41,
3,1,5,2,8,8,3,43,
3,1,5,2,8,8,4,45,
3,1,5,2,8,8,5,47,
3,1,5,2,8,8,8,53,
3,1,5,2,8,8,12,61,
3,1,5,2,8,8,16,69,
3,1,5,2,8,8,24,85,
3,1,5,2,8,8,32,101,
4,1,5,2,8,8,1,39,
4,1,5,2,8,8,2,41,
4,1,5,2,8,8,3,43,
4,1,5,2,8,8,4,45,
4,1,5,2,8,8,5,47,
4,1,5,2,8,8,8,53,
4,1,5,2,8,8,12,61,
4,1,5,2,8,8,16,69,
4,1,5,2,8,8,24,85,
4,1,5,2,8,8,32,101,
5,1,5,2,8,8,1,39,
5,1,5,2,8,8,2,41,
5,1,5,2,8,8,3,43,
5,1,5,2,8,8,4,45,
5,1,5,2,8,8,5,47,
5,1,5,2,8,8,8,53,
5,1,5,2,8,8,12,61,
5,1,5,2,8,8,16,69,
5,1,5,2,8,8,24,85,
5,1,5,2,8,8,32,101,
6,1,5,2,8,8,1,39,
6,1,5,2,8,8,2,41,
6,1,5,2,8,8,3,43,
6,1,5,2,8,8,4,45,
6,1,5,2,8,8,5,47,
6,1,5,2,8,8,8,53,
6,1,5,2,8,8,12,61,
6,1,5,2,8,8,16,69,
6,1,5,2,8,8,24,85,
6,1,5,2,8,8,32,101,
7,1,5,2,8,8,1,39,
7,1,5,2,8,8,2,41,
7,1,5,2,8,8,3,43,
7,1,5,2,8,8,4,45,
7,1,5,2,8,8,5,47,
7,1,5,2,8,8,8,53,
7,1,5,2,8,8,12,61,
7,1,5,2,8,8,16,69,
7,1,5,2,8,8,24,85,
7,1,5,2,8,8,32,101,
8,1,5,2,8,8,1,39,
8,1,5,2,8,8,2,41,
8,1,5,2,8,8,3,43,
8,1,5,2,8,8,4,45,
8,1,5,2,8,8,5,47,
8,1,5,2,8,8,8,53,
8,1,5,2,8,8,12,61,
8,1,5,2,8,8,16,69,
8,1,5,2,8,8,24,85,
8,1,5,2,8,8,32,101,
1,1,5,3,8,8,1,44,
1,1,5,3,8,8,2,46,
1,1,5,3,8,8,3,48,
1,1,5,3,8,8,4,50,
1,1,5,3,8,8,5,52,
1,1,5,3,8,8,8,58,
1,1,5,3,8,8,12,66,
1,1,5,3,8,8,16,74,
1,1,5,3,8,8,24,90,
1,1,5,3,8,8,32,106,
2,1,5,3,8,8,1,44,
2,1,5,3,8,8,2,46,
2,1,5,3,8,8,3,48,
2,1,5,3,8,8,4,50,
2,1,5,3,8,8,5,52,
2,1,5,3,8,8,8,58,
2,1,5,3,8,8,12,66,
2,1,5,3,8,8,16,74,
2,1,5,3,8,8,24,90,
2,1,5,3,8,8,32,106,
3,1,5,3,8,8,1,44,
3,1,5,3,8,8,2,46,
3,1,5,3,8,8,3,48,
3,1,5,3,8,8,4,50,
3,1,5,3,8,8,5,52,
3,1,5,3,8,8,8,58,
3,1,5,3,8,8,12,66,
3,1,5,3,8,8,16,74,
3,1,5,3,8,8,24,90,
3,1,5,3,8,8,32,106,
4,1,5,3,8,8,1,44,
4,1,5,3,8,8,2,46,
4,1,5,3,8,8,3,48,
4,1,5,3,8,8,4,50,
4,1,5,3,8,8,5,52,
4,1,5,3,8,8,8,58,
4,1,5,3,8,8,12,66,
4,1,5,3,8,8,16,74,
4,1,5,3,8,8,24,90,
4,1,5,3,8,8,32,106,
5,1,5,3,8,8,1,44,
5,1,5,3,8,8,2,46,
5,1,5,3,8,8,3,48,
5,1,5,3,8,8,4,50,
5,1,5,3,8,8,5,52,
5,1,5,3,8,8,8,58,
5,1,5,3,8,8,12,66,
5,1,5,3,8,8,16,74,
5,1,5,3,8,8,24,90,
5,1,5,3,8,8,32,106,
6,1,5,3,8,8,1,44,
6,1,5,3,8,8,2,46,
6,1,5,3,8,8,3,48,
6,1,5,3,8,8,4,50,
6,1,5,3,8,8,5,52,
6,1,5,3,8,8,8,58,
6,1,5,3,8,8,12,66,
6,1,5,3,8,8,16,74,
6,1,5,3,8,8,24,90,
6,1,5,3,8,8,32,106,
7,1,5,3,8,8,1,44,
7,1,5,3,8,8,2,46,
7,1,5,3,8,8,3,48,
7,1,5,3,8,8,4,50,
7,1,5,3,8,8,5,52,
7,1,5,3,8,8,8,58,
7,1,5,3,8,8,12,66,
7,1,5,3,8,8,16,74,
7,1,5,3,8,8,24,90,
7,1,5,3,8,8,32,106,
8,1,5,3,8,8,1,44,
8,1,5,3,8,8,2,46,
8,1,5,3,8,8,3,48,
8,1,5,3,8,8,4,50,
8,1,5,3,8,8,5,52,
8,1,5,3,8,8,8,58,
8,1,5,3,8,8,12,66,
8,1,5,3,8,8,16,74,
8,1,5,3,8,8,24,90,
8,1,5,3,8,8,32,106,
1,1,5,4,8,8,1,49,
1,1,5,4,8,8,2,51,
1,1,5,4,8,8,3,53,
1,1,5,4,8,8,4,55,
1,1,5,4,8,8,5,57,
1,1,5,4,8,8,8,63,
1,1,5,4,8,8,12,71,
1,1,5,4,8,8,16,79,
1,1,5,4,8,8,24,95,
1,1,5,4,8,8,32,111,
2,1,5,4,8,8,1,49,
2,1,5,4,8,8,2,51,
2,1,5,4,8,8,3,53,
2,1,5,4,8,8,4,55,
2,1,5,4,8,8,5,57,
2,1,5,4,8,8,8,63,
2,1,5,4,8,8,12,71,
2,1,5,4,8,8,16,79,
2,1,5,4,8,8,24,95,
2,1,5,4,8,8,32,111,
3,1,5,4,8,8,1,49,
3,1,5,4,8,8,2,51,
3,1,5,4,8,8,3,53,
3,1,5,4,8,8,4,55,
3,1,5,4,8,8,5,57,
3,1,5,4,8,8,8,63,
3,1,5,4,8,8,12,71,
3,1,5,4,8,8,16,79,
3,1,5,4,8,8,24,95,
3,1,5,4,8,8,32,111,
4,1,5,4,8,8,1,49,
4,1,5,4,8,8,2,51,
4,1,5,4,8,8,3,53,
4,1,5,4,8,8,4,55,
4,1,5,4,8,8,5,57,
4,1,5,4,8,8,8,63,
4,1,5,4,8,8,12,71,
4,1,5,4,8,8,16,79,
4,1,5,4,8,8,24,95,
4,1,5,4,8,8,32,111,
5,1,5,4,8,8,1,49,
5,1,5,4,8,8,2,51,
5,1,5,4,8,8,3,53,
5,1,5,4,8,8,4,55,
5,1,5,4,8,8,5,57,
5,1,5,4,8,8,8,63,
5,1,5,4,8,8,12,71,
5,1,5,4,8,8,16,79,
5,1,5,4,8,8,24,95,
5,1,5,4,8,8,32,111,
6,1,5,4,8,8,1,49,
6,1,5,4,8,8,2,51,
6,1,5,4,8,8,3,53,
6,1,5,4,8,8,4,55,
6,1,5,4,8,8,5,57,
6,1,5,4,8,8,8,63,
6,1,5,4,8,8,12,71,
6,1,5,4,8,8,16,79,
6,1,5,4,8,8,24,95,
6,1,5,4,8,8,32,111,
7,1,5,4,8,8,1,49,
7,1,5,4,8,8,2,51,
7,1,5,4,8,8,3,53,
7,1,5,4,8,8,4,55,
7,1,5,4,8,8,5,57,
7,1,5,4,8,8,8,63,
7,1,5,4,8,8,12,71,
7,1,5,4,8,8,16,79,
7,1,5,4,8,8,24,95,
7,1,5,4,8,8,32,111,
8,1,5,4,8,8,1,49,
8,1,5,4,8,8,2,51,
8,1,5,4,8,8,3,53,
8,1,5,4,8,8,4,55,
8,1,5,4,8,8,5,57,
8,1,5,4,8,8,8,63,
8,1,5,4,8,8,12,71,
8,1,5,4,8,8,16,79,
8,1,5,4,8,8,24,95,
8,1,5,4,8,8,32,111,
1,1,5,5,8,8,1,54,
1,1,5,5,8,8,2,56,
1,1,5,5,8,8,3,58,
1,1,5,5,8,8,4,60,
1,1,5,5,8,8,5,62,
1,1,5,5,8,8,8,68,
1,1,5,5,8,8,12,76,
1,1,5,5,8,8,16,84,
1,1,5,5,8,8,24,100,
1,1,5,5,8,8,32,116,
2,1,5,5,8,8,1,54,
2,1,5,5,8,8,2,56,
2,1,5,5,8,8,3,58,
2,1,5,5,8,8,4,60,
2,1,5,5,8,8,5,62,
2,1,5,5,8,8,8,68,
2,1,5,5,8,8,12,76,
2,1,5,5,8,8,16,84,
2,1,5,5,8,8,24,100,
2,1,5,5,8,8,32,116,
3,1,5,5,8,8,1,54,
3,1,5,5,8,8,2,56,
3,1,5,5,8,8,3,58,
3,1,5,5,8,8,4,60,
3,1,5,5,8,8,5,62,
3,1,5,5,8,8,8,68,
3,1,5,5,8,8,12,76,
3,1,5,5,8,8,16,84,
3,1,5,5,8,8,24,100,
3,1,5,5,8,8,32,116,
4,1,5,5,8,8,1,54,
4,1,5,5,8,8,2,56,
4,1,5,5,8,8,3,58,
4,1,5,5,8,8,4,60,
4,1,5,5,8,8,5,62,
4,1,5,5,8,8,8,68,
4,1,5,5,8,8,12,76,
4,1,5,5,8,8,16,84,
4,1,5,5,8,8,24,100,
4,1,5,5,8,8,32,116,
5,1,5,5,8,8,1,54,
5,1,5,5,8,8,2,56,
5,1,5,5,8,8,3,58,
5,1,5,5,8,8,4,60,
5,1,5,5,8,8,5,62,
5,1,5,5,8,8,8,68,
5,1,5,5,8,8,12,76,
5,1,5,5,8,8,16,84,
5,1,5,5,8,8,24,100,
5,1,5,5,8,8,32,116,
6,1,5,5,8,8,1,54,
6,1,5,5,8,8,2,56,
6,1,5,5,8,8,3,58,
6,1,5,5,8,8,4,60,
6,1,5,5,8,8,5,62,
6,1,5,5,8,8,8,68,
6,1,5,5,8,8,12,76,
6,1,5,5,8,8,16,84,
6,1,5,5,8,8,24,100,
6,1,5,5,8,8,32,116,
7,1,5,5,8,8,1,54,
7,1,5,5,8,8,2,56,
7,1,5,5,8,8,3,58,
7,1,5,5,8,8,4,60,
7,1,5,5,8,8,5,62,
7,1,5,5,8,8,8,68,
7,1,5,5,8,8,12,76,
7,1,5,5,8,8,16,84,
7,1,5,5,8,8,24,100,
7,1,5,5,8,8,32,116,
8,1,5,5,8,8,1,54,
8,1,5,5,8,8,2,56,
8,1,5,5,8,8,3,58,
8,1,5,5,8,8,4,60,
8,1,5,5,8,8,5,62,
8,1,5,5,8,8,8,68,
8,1,5,5,8,8,12,76,
8,1,5,5,8,8,16,84,
8,1,5,5,8,8,24,100,
8,1,5,5,8,8,32,116,
1,1,5,6,8,8,1,59,
1,1,5,6,8,8,2,61,
1,1,5,6,8,8,3,63,
1,1,5,6,8,8,4,65,
1,1,5,6,8,8,5,67,
1,1,5,6,8,8,8,73,
1,1,5,6,8,8,12,81,
1,1,5,6,8,8,16,89,
1,1,5,6,8,8,24,105,
1,1,5,6,8,8,32,121,
2,1,5,6,8,8,1,59,
2,1,5,6,8,8,2,61,
2,1,5,6,8,8,3,63,
2,1,5,6,8,8,4,65,
2,1,5,6,8,8,5,67,
2,1,5,6,8,8,8,73,
2,1,5,6,8,8,12,81,
2,1,5,6,8,8,16,89,
2,1,5,6,8,8,24,105,
2,1,5,6,8,8,32,121,
3,1,5,6,8,8,1,59,
3,1,5,6,8,8,2,61,
3,1,5,6,8,8,3,63,
3,1,5,6,8,8,4,65,
3,1,5,6,8,8,5,67,
3,1,5,6,8,8,8,73,
3,1,5,6,8,8,12,81,
3,1,5,6,8,8,16,89,
3,1,5,6,8,8,24,105,
3,1,5,6,8,8,32,121,
4,1,5,6,8,8,1,59,
4,1,5,6,8,8,2,61,
4,1,5,6,8,8,3,63,
4,1,5,6,8,8,4,65,
4,1,5,6,8,8,5,67,
4,1,5,6,8,8,8,73,
4,1,5,6,8,8,12,81,
4,1,5,6,8,8,16,89,
4,1,5,6,8,8,24,105,
4,1,5,6,8,8,32,121,
5,1,5,6,8,8,1,59,
5,1,5,6,8,8,2,61,
5,1,5,6,8,8,3,63,
5,1,5,6,8,8,4,65,
5,1,5,6,8,8,5,67,
5,1,5,6,8,8,8,73,
5,1,5,6,8,8,12,81,
5,1,5,6,8,8,16,89,
5,1,5,6,8,8,24,105,
5,1,5,6,8,8,32,121,
6,1,5,6,8,8,1,59,
6,1,5,6,8,8,2,61,
6,1,5,6,8,8,3,63,
6,1,5,6,8,8,4,65,
6,1,5,6,8,8,5,67,
6,1,5,6,8,8,8,73,
6,1,5,6,8,8,12,81,
6,1,5,6,8,8,16,89,
6,1,5,6,8,8,24,105,
6,1,5,6,8,8,32,121,
7,1,5,6,8,8,1,59,
7,1,5,6,8,8,2,61,
7,1,5,6,8,8,3,63,
7,1,5,6,8,8,4,65,
7,1,5,6,8,8,5,67,
7,1,5,6,8,8,8,73,
7,1,5,6,8,8,12,81,
7,1,5,6,8,8,16,89,
7,1,5,6,8,8,24,105,
7,1,5,6,8,8,32,121,
8,1,5,6,8,8,1,59,
8,1,5,6,8,8,2,61,
8,1,5,6,8,8,3,63,
8,1,5,6,8,8,4,65,
8,1,5,6,8,8,5,67,
8,1,5,6,8,8,8,73,
8,1,5,6,8,8,12,81,
8,1,5,6,8,8,16,89,
8,1,5,6,8,8,24,105,
8,1,5,6,8,8,32,121,
1,1,5,7,8,8,1,64,
1,1,5,7,8,8,2,66,
1,1,5,7,8,8,3,68,
1,1,5,7,8,8,4,70,
1,1,5,7,8,8,5,72,
1,1,5,7,8,8,8,78,
1,1,5,7,8,8,12,86,
1,1,5,7,8,8,16,94,
1,1,5,7,8,8,24,110,
1,1,5,7,8,8,32,126,
2,1,5,7,8,8,1,64,
2,1,5,7,8,8,2,66,
2,1,5,7,8,8,3,68,
2,1,5,7,8,8,4,70,
2,1,5,7,8,8,5,72,
2,1,5,7,8,8,8,78,
2,1,5,7,8,8,12,86,
2,1,5,7,8,8,16,94,
2,1,5,7,8,8,24,110,
2,1,5,7,8,8,32,126,
3,1,5,7,8,8,1,64,
3,1,5,7,8,8,2,66,
3,1,5,7,8,8,3,68,
3,1,5,7,8,8,4,70,
3,1,5,7,8,8,5,72,
3,1,5,7,8,8,8,78,
3,1,5,7,8,8,12,86,
3,1,5,7,8,8,16,94,
3,1,5,7,8,8,24,110,
3,1,5,7,8,8,32,126,
4,1,5,7,8,8,1,64,
4,1,5,7,8,8,2,66,
4,1,5,7,8,8,3,68,
4,1,5,7,8,8,4,70,
4,1,5,7,8,8,5,72,
4,1,5,7,8,8,8,78,
4,1,5,7,8,8,12,86,
4,1,5,7,8,8,16,94,
4,1,5,7,8,8,24,110,
4,1,5,7,8,8,32,126,
5,1,5,7,8,8,1,64,
5,1,5,7,8,8,2,66,
5,1,5,7,8,8,3,68,
5,1,5,7,8,8,4,70,
5,1,5,7,8,8,5,72,
5,1,5,7,8,8,8,78,
5,1,5,7,8,8,12,86,
5,1,5,7,8,8,16,94,
5,1,5,7,8,8,24,110,
5,1,5,7,8,8,32,126,
6,1,5,7,8,8,1,64,
6,1,5,7,8,8,2,66,
6,1,5,7,8,8,3,68,
6,1,5,7,8,8,4,70,
6,1,5,7,8,8,5,72,
6,1,5,7,8,8,8,78,
6,1,5,7,8,8,12,86,
6,1,5,7,8,8,16,94,
6,1,5,7,8,8,24,110,
6,1,5,7,8,8,32,126,
7,1,5,7,8,8,1,64,
7,1,5,7,8,8,2,66,
7,1,5,7,8,8,3,68,
7,1,5,7,8,8,4,70,
7,1,5,7,8,8,5,72,
7,1,5,7,8,8,8,78,
7,1,5,7,8,8,12,86,
7,1,5,7,8,8,16,94,
7,1,5,7,8,8,24,110,
7,1,5,7,8,8,32,126,
8,1,5,7,8,8,1,64,
8,1,5,7,8,8,2,66,
8,1,5,7,8,8,3,68,
8,1,5,7,8,8,4,70,
8,1,5,7,8,8,5,72,
8,1,5,7,8,8,8,78,
8,1,5,7,8,8,12,86,
8,1,5,7,8,8,16,94,
8,1,5,7,8,8,24,110,
8,1,5,7,8,8,32,126,
1,1,5,8,8,8,1,69,
1,1,5,8,8,8,2,71,
1,1,5,8,8,8,3,73,
1,1,5,8,8,8,4,75,
1,1,5,8,8,8,5,77,
1,1,5,8,8,8,8,83,
1,1,5,8,8,8,12,91,
1,1,5,8,8,8,16,99,
1,1,5,8,8,8,24,115,
1,1,5,8,8,8,32,131,
2,1,5,8,8,8,1,69,
2,1,5,8,8,8,2,71,
2,1,5,8,8,8,3,73,
2,1,5,8,8,8,4,75,
2,1,5,8,8,8,5,77,
2,1,5,8,8,8,8,83,
2,1,5,8,8,8,12,91,
2,1,5,8,8,8,16,99,
2,1,5,8,8,8,24,115,
2,1,5,8,8,8,32,131,
3,1,5,8,8,8,1,69,
3,1,5,8,8,8,2,71,
3,1,5,8,8,8,3,73,
3,1,5,8,8,8,4,75,
3,1,5,8,8,8,5,77,
3,1,5,8,8,8,8,83,
3,1,5,8,8,8,12,91,
3,1,5,8,8,8,16,99,
3,1,5,8,8,8,24,115,
3,1,5,8,8,8,32,131,
4,1,5,8,8,8,1,69,
4,1,5,8,8,8,2,71,
4,1,5,8,8,8,3,73,
4,1,5,8,8,8,4,75,
4,1,5,8,8,8,5,77,
4,1,5,8,8,8,8,83,
4,1,5,8,8,8,12,91,
4,1,5,8,8,8,16,99,
4,1,5,8,8,8,24,115,
4,1,5,8,8,8,32,131,
5,1,5,8,8,8,1,69,
5,1,5,8,8,8,2,71,
5,1,5,8,8,8,3,73,
5,1,5,8,8,8,4,75,
5,1,5,8,8,8,5,77,
5,1,5,8,8,8,8,83,
5,1,5,8,8,8,12,91,
5,1,5,8,8,8,16,99,
5,1,5,8,8,8,24,115,
5,1,5,8,8,8,32,131,
6,1,5,8,8,8,1,69,
6,1,5,8,8,8,2,71,
6,1,5,8,8,8,3,73,
6,1,5,8,8,8,4,75,
6,1,5,8,8,8,5,77,
6,1,5,8,8,8,8,83,
6,1,5,8,8,8,12,91,
6,1,5,8,8,8,16,99,
6,1,5,8,8,8,24,115,
6,1,5,8,8,8,32,131,
7,1,5,8,8,8,1,69,
7,1,5,8,8,8,2,71,
7,1,5,8,8,8,3,73,
7,1,5,8,8,8,4,75,
7,1,5,8,8,8,5,77,
7,1,5,8,8,8,8,83,
7,1,5,8,8,8,12,91,
7,1,5,8,8,8,16,99,
7,1,5,8,8,8,24,115,
7,1,5,8,8,8,32,131,
8,1,5,8,8,8,1,69,
8,1,5,8,8,8,2,71,
8,1,5,8,8,8,3,73,
8,1,5,8,8,8,4,75,
8,1,5,8,8,8,5,77,
8,1,5,8,8,8,8,83,
8,1,5,8,8,8,12,91,
8,1,5,8,8,8,16,99,
8,1,5,8,8,8,24,115,
8,1,5,8,8,8,32,131,
1,1,6,1,8,8,1,35,
1,1,6,1,8,8,2,37,
1,1,6,1,8,8,3,39,
1,1,6,1,8,8,4,41,
1,1,6,1,8,8,5,43,
1,1,6,1,8,8,8,49,
1,1,6,1,8,8,12,57,
1,1,6,1,8,8,16,65,
1,1,6,1,8,8,24,81,
1,1,6,1,8,8,32,97,
2,1,6,1,8,8,1,35,
2,1,6,1,8,8,2,37,
2,1,6,1,8,8,3,39,
2,1,6,1,8,8,4,41,
2,1,6,1,8,8,5,43,
2,1,6,1,8,8,8,49,
2,1,6,1,8,8,12,57,
2,1,6,1,8,8,16,65,
2,1,6,1,8,8,24,81,
2,1,6,1,8,8,32,97,
3,1,6,1,8,8,1,35,
3,1,6,1,8,8,2,37,
3,1,6,1,8,8,3,39,
3,1,6,1,8,8,4,41,
3,1,6,1,8,8,5,43,
3,1,6,1,8,8,8,49,
3,1,6,1,8,8,12,57,
3,1,6,1,8,8,16,65,
3,1,6,1,8,8,24,81,
3,1,6,1,8,8,32,97,
4,1,6,1,8,8,1,35,
4,1,6,1,8,8,2,37,
4,1,6,1,8,8,3,39,
4,1,6,1,8,8,4,41,
4,1,6,1,8,8,5,43,
4,1,6,1,8,8,8,49,
4,1,6,1,8,8,12,57,
4,1,6,1,8,8,16,65,
4,1,6,1,8,8,24,81,
4,1,6,1,8,8,32,97,
5,1,6,1,8,8,1,35,
5,1,6,1,8,8,2,37,
5,1,6,1,8,8,3,39,
5,1,6,1,8,8,4,41,
5,1,6,1,8,8,5,43,
5,1,6,1,8,8,8,49,
5,1,6,1,8,8,12,57,
5,1,6,1,8,8,16,65,
5,1,6,1,8,8,24,81,
5,1,6,1,8,8,32,97,
6,1,6,1,8,8,1,35,
6,1,6,1,8,8,2,37,
6,1,6,1,8,8,3,39,
6,1,6,1,8,8,4,41,
6,1,6,1,8,8,5,43,
6,1,6,1,8,8,8,49,
6,1,6,1,8,8,12,57,
6,1,6,1,8,8,16,65,
6,1,6,1,8,8,24,81,
6,1,6,1,8,8,32,97,
7,1,6,1,8,8,1,35,
7,1,6,1,8,8,2,37,
7,1,6,1,8,8,3,39,
7,1,6,1,8,8,4,41,
7,1,6,1,8,8,5,43,
7,1,6,1,8,8,8,49,
7,1,6,1,8,8,12,57,
7,1,6,1,8,8,16,65,
7,1,6,1,8,8,24,81,
7,1,6,1,8,8,32,97,
8,1,6,1,8,8,1,35,
8,1,6,1,8,8,2,37,
8,1,6,1,8,8,3,39,
8,1,6,1,8,8,4,41,
8,1,6,1,8,8,5,43,
8,1,6,1,8,8,8,49,
8,1,6,1,8,8,12,57,
8,1,6,1,8,8,16,65,
8,1,6,1,8,8,24,81,
8,1,6,1,8,8,32,97,
1,1,6,2,8,8,1,41,
1,1,6,2,8,8,2,43,
1,1,6,2,8,8,3,45,
1,1,6,2,8,8,4,47,
1,1,6,2,8,8,5,49,
1,1,6,2,8,8,8,55,
1,1,6,2,8,8,12,63,
1,1,6,2,8,8,16,71,
1,1,6,2,8,8,24,87,
1,1,6,2,8,8,32,103,
2,1,6,2,8,8,1,41,
2,1,6,2,8,8,2,43,
2,1,6,2,8,8,3,45,
2,1,6,2,8,8,4,47,
2,1,6,2,8,8,5,49,
2,1,6,2,8,8,8,55,
2,1,6,2,8,8,12,63,
2,1,6,2,8,8,16,71,
2,1,6,2,8,8,24,87,
2,1,6,2,8,8,32,103,
3,1,6,2,8,8,1,41,
3,1,6,2,8,8,2,43,
3,1,6,2,8,8,3,45,
3,1,6,2,8,8,4,47,
3,1,6,2,8,8,5,49,
3,1,6,2,8,8,8,55,
3,1,6,2,8,8,12,63,
3,1,6,2,8,8,16,71,
3,1,6,2,8,8,24,87,
3,1,6,2,8,8,32,103,
4,1,6,2,8,8,1,41,
4,1,6,2,8,8,2,43,
4,1,6,2,8,8,3,45,
4,1,6,2,8,8,4,47,
4,1,6,2,8,8,5,49,
4,1,6,2,8,8,8,55,
4,1,6,2,8,8,12,63,
4,1,6,2,8,8,16,71,
4,1,6,2,8,8,24,87,
4,1,6,2,8,8,32,103,
5,1,6,2,8,8,1,41,
5,1,6,2,8,8,2,43,
5,1,6,2,8,8,3,45,
5,1,6,2,8,8,4,47,
5,1,6,2,8,8,5,49,
5,1,6,2,8,8,8,55,
5,1,6,2,8,8,12,63,
5,1,6,2,8,8,16,71,
5,1,6,2,8,8,24,87,
5,1,6,2,8,8,32,103,
6,1,6,2,8,8,1,41,
6,1,6,2,8,8,2,43,
6,1,6,2,8,8,3,45,
6,1,6,2,8,8,4,47,
6,1,6,2,8,8,5,49,
6,1,6,2,8,8,8,55,
6,1,6,2,8,8,12,63,
6,1,6,2,8,8,16,71,
6,1,6,2,8,8,24,87,
6,1,6,2,8,8,32,103,
7,1,6,2,8,8,1,41,
7,1,6,2,8,8,2,43,
7,1,6,2,8,8,3,45,
7,1,6,2,8,8,4,47,
7,1,6,2,8,8,5,49,
7,1,6,2,8,8,8,55,
7,1,6,2,8,8,12,63,
7,1,6,2,8,8,16,71,
7,1,6,2,8,8,24,87,
7,1,6,2,8,8,32,103,
8,1,6,2,8,8,1,41,
8,1,6,2,8,8,2,43,
8,1,6,2,8,8,3,45,
8,1,6,2,8,8,4,47,
8,1,6,2,8,8,5,49,
8,1,6,2,8,8,8,55,
8,1,6,2,8,8,12,63,
8,1,6,2,8,8,16,71,
8,1,6,2,8,8,24,87,
8,1,6,2,8,8,32,103,
1,1,6,3,8,8,1,47,
1,1,6,3,8,8,2,49,
1,1,6,3,8,8,3,51,
1,1,6,3,8,8,4,53,
1,1,6,3,8,8,5,55,
1,1,6,3,8,8,8,61,
1,1,6,3,8,8,12,69,
1,1,6,3,8,8,16,77,
1,1,6,3,8,8,24,93,
1,1,6,3,8,8,32,109,
2,1,6,3,8,8,1,47,
2,1,6,3,8,8,2,49,
2,1,6,3,8,8,3,51,
2,1,6,3,8,8,4,53,
2,1,6,3,8,8,5,55,
2,1,6,3,8,8,8,61,
2,1,6,3,8,8,12,69,
2,1,6,3,8,8,16,77,
2,1,6,3,8,8,24,93,
2,1,6,3,8,8,32,109,
3,1,6,3,8,8,1,47,
3,1,6,3,8,8,2,49,
3,1,6,3,8,8,3,51,
3,1,6,3,8,8,4,53,
3,1,6,3,8,8,5,55,
3,1,6,3,8,8,8,61,
3,1,6,3,8,8,12,69,
3,1,6,3,8,8,16,77,
3,1,6,3,8,8,24,93,
3,1,6,3,8,8,32,109,
4,1,6,3,8,8,1,47,
4,1,6,3,8,8,2,49,
4,1,6,3,8,8,3,51,
4,1,6,3,8,8,4,53,
4,1,6,3,8,8,5,55,
4,1,6,3,8,8,8,61,
4,1,6,3,8,8,12,69,
4,1,6,3,8,8,16,77,
4,1,6,3,8,8,24,93,
4,1,6,3,8,8,32,109,
5,1,6,3,8,8,1,47,
5,1,6,3,8,8,2,49,
5,1,6,3,8,8,3,51,
5,1,6,3,8,8,4,53,
5,1,6,3,8,8,5,55,
5,1,6,3,8,8,8,61,
5,1,6,3,8,8,12,69,
5,1,6,3,8,8,16,77,
5,1,6,3,8,8,24,93,
5,1,6,3,8,8,32,109,
6,1,6,3,8,8,1,47,
6,1,6,3,8,8,2,49,
6,1,6,3,8,8,3,51,
6,1,6,3,8,8,4,53,
6,1,6,3,8,8,5,55,
6,1,6,3,8,8,8,61,
6,1,6,3,8,8,12,69,
6,1,6,3,8,8,16,77,
6,1,6,3,8,8,24,93,
6,1,6,3,8,8,32,109,
7,1,6,3,8,8,1,47,
7,1,6,3,8,8,2,49,
7,1,6,3,8,8,3,51,
7,1,6,3,8,8,4,53,
7,1,6,3,8,8,5,55,
7,1,6,3,8,8,8,61,
7,1,6,3,8,8,12,69,
7,1,6,3,8,8,16,77,
7,1,6,3,8,8,24,93,
7,1,6,3,8,8,32,109,
8,1,6,3,8,8,1,47,
8,1,6,3,8,8,2,49,
8,1,6,3,8,8,3,51,
8,1,6,3,8,8,4,53,
8,1,6,3,8,8,5,55,
8,1,6,3,8,8,8,61,
8,1,6,3,8,8,12,69,
8,1,6,3,8,8,16,77,
8,1,6,3,8,8,24,93,
8,1,6,3,8,8,32,109,
1,1,6,4,8,8,1,53,
1,1,6,4,8,8,2,55,
1,1,6,4,8,8,3,57,
1,1,6,4,8,8,4,59,
1,1,6,4,8,8,5,61,
1,1,6,4,8,8,8,67,
1,1,6,4,8,8,12,75,
1,1,6,4,8,8,16,83,
1,1,6,4,8,8,24,99,
1,1,6,4,8,8,32,115,
2,1,6,4,8,8,1,53,
2,1,6,4,8,8,2,55,
2,1,6,4,8,8,3,57,
2,1,6,4,8,8,4,59,
2,1,6,4,8,8,5,61,
2,1,6,4,8,8,8,67,
2,1,6,4,8,8,12,75,
2,1,6,4,8,8,16,83,
2,1,6,4,8,8,24,99,
2,1,6,4,8,8,32,115,
3,1,6,4,8,8,1,53,
3,1,6,4,8,8,2,55,
3,1,6,4,8,8,3,57,
3,1,6,4,8,8,4,59,
3,1,6,4,8,8,5,61,
3,1,6,4,8,8,8,67,
3,1,6,4,8,8,12,75,
3,1,6,4,8,8,16,83,
3,1,6,4,8,8,24,99,
3,1,6,4,8,8,32,115,
4,1,6,4,8,8,1,53,
4,1,6,4,8,8,2,55,
4,1,6,4,8,8,3,57,
4,1,6,4,8,8,4,59,
4,1,6,4,8,8,5,61,
4,1,6,4,8,8,8,67,
4,1,6,4,8,8,12,75,
4,1,6,4,8,8,16,83,
4,1,6,4,8,8,24,99,
4,1,6,4,8,8,32,115,
5,1,6,4,8,8,1,53,
5,1,6,4,8,8,2,55,
5,1,6,4,8,8,3,57,
5,1,6,4,8,8,4,59,
5,1,6,4,8,8,5,61,
5,1,6,4,8,8,8,67,
5,1,6,4,8,8,12,75,
5,1,6,4,8,8,16,83,
5,1,6,4,8,8,24,99,
5,1,6,4,8,8,32,115,
6,1,6,4,8,8,1,53,
6,1,6,4,8,8,2,55,
6,1,6,4,8,8,3,57,
6,1,6,4,8,8,4,59,
6,1,6,4,8,8,5,61,
6,1,6,4,8,8,8,67,
6,1,6,4,8,8,12,75,
6,1,6,4,8,8,16,83,
6,1,6,4,8,8,24,99,
6,1,6,4,8,8,32,115,
7,1,6,4,8,8,1,53,
7,1,6,4,8,8,2,55,
7,1,6,4,8,8,3,57,
7,1,6,4,8,8,4,59,
7,1,6,4,8,8,5,61,
7,1,6,4,8,8,8,67,
7,1,6,4,8,8,12,75,
7,1,6,4,8,8,16,83,
7,1,6,4,8,8,24,99,
7,1,6,4,8,8,32,115,
8,1,6,4,8,8,1,53,
8,1,6,4,8,8,2,55,
8,1,6,4,8,8,3,57,
8,1,6,4,8,8,4,59,
8,1,6,4,8,8,5,61,
8,1,6,4,8,8,8,67,
8,1,6,4,8,8,12,75,
8,1,6,4,8,8,16,83,
8,1,6,4,8,8,24,99,
8,1,6,4,8,8,32,115,
1,1,6,5,8,8,1,59,
1,1,6,5,8,8,2,61,
1,1,6,5,8,8,3,63,
1,1,6,5,8,8,4,65,
1,1,6,5,8,8,5,67,
1,1,6,5,8,8,8,73,
1,1,6,5,8,8,12,81,
1,1,6,5,8,8,16,89,
1,1,6,5,8,8,24,105,
1,1,6,5,8,8,32,121,
2,1,6,5,8,8,1,59,
2,1,6,5,8,8,2,61,
2,1,6,5,8,8,3,63,
2,1,6,5,8,8,4,65,
2,1,6,5,8,8,5,67,
2,1,6,5,8,8,8,73,
2,1,6,5,8,8,12,81,
2,1,6,5,8,8,16,89,
2,1,6,5,8,8,24,105,
2,1,6,5,8,8,32,121,
3,1,6,5,8,8,1,59,
3,1,6,5,8,8,2,61,
3,1,6,5,8,8,3,63,
3,1,6,5,8,8,4,65,
3,1,6,5,8,8,5,67,
3,1,6,5,8,8,8,73,
3,1,6,5,8,8,12,81,
3,1,6,5,8,8,16,89,
3,1,6,5,8,8,24,105,
3,1,6,5,8,8,32,121,
4,1,6,5,8,8,1,59,
4,1,6,5,8,8,2,61,
4,1,6,5,8,8,3,63,
4,1,6,5,8,8,4,65,
4,1,6,5,8,8,5,67,
4,1,6,5,8,8,8,73,
4,1,6,5,8,8,12,81,
4,1,6,5,8,8,16,89,
4,1,6,5,8,8,24,105,
4,1,6,5,8,8,32,121,
5,1,6,5,8,8,1,59,
5,1,6,5,8,8,2,61,
5,1,6,5,8,8,3,63,
5,1,6,5,8,8,4,65,
5,1,6,5,8,8,5,67,
5,1,6,5,8,8,8,73,
5,1,6,5,8,8,12,81,
5,1,6,5,8,8,16,89,
5,1,6,5,8,8,24,105,
5,1,6,5,8,8,32,121,
6,1,6,5,8,8,1,59,
6,1,6,5,8,8,2,61,
6,1,6,5,8,8,3,63,
6,1,6,5,8,8,4,65,
6,1,6,5,8,8,5,67,
6,1,6,5,8,8,8,73,
6,1,6,5,8,8,12,81,
6,1,6,5,8,8,16,89,
6,1,6,5,8,8,24,105,
6,1,6,5,8,8,32,121,
7,1,6,5,8,8,1,59,
7,1,6,5,8,8,2,61,
7,1,6,5,8,8,3,63,
7,1,6,5,8,8,4,65,
7,1,6,5,8,8,5,67,
7,1,6,5,8,8,8,73,
7,1,6,5,8,8,12,81,
7,1,6,5,8,8,16,89,
7,1,6,5,8,8,24,105,
7,1,6,5,8,8,32,121,
8,1,6,5,8,8,1,59,
8,1,6,5,8,8,2,61,
8,1,6,5,8,8,3,63,
8,1,6,5,8,8,4,65,
8,1,6,5,8,8,5,67,
8,1,6,5,8,8,8,73,
8,1,6,5,8,8,12,81,
8,1,6,5,8,8,16,89,
8,1,6,5,8,8,24,105,
8,1,6,5,8,8,32,121,
1,1,6,6,8,8,1,65,
1,1,6,6,8,8,2,67,
1,1,6,6,8,8,3,69,
1,1,6,6,8,8,4,71,
1,1,6,6,8,8,5,73,
1,1,6,6,8,8,8,79,
1,1,6,6,8,8,12,87,
1,1,6,6,8,8,16,95,
1,1,6,6,8,8,24,111,
1,1,6,6,8,8,32,127,
2,1,6,6,8,8,1,65,
2,1,6,6,8,8,2,67,
2,1,6,6,8,8,3,69,
2,1,6,6,8,8,4,71,
2,1,6,6,8,8,5,73,
2,1,6,6,8,8,8,79,
2,1,6,6,8,8,12,87,
2,1,6,6,8,8,16,95,
2,1,6,6,8,8,24,111,
2,1,6,6,8,8,32,127,
3,1,6,6,8,8,1,65,
3,1,6,6,8,8,2,67,
3,1,6,6,8,8,3,69,
3,1,6,6,8,8,4,71,
3,1,6,6,8,8,5,73,
3,1,6,6,8,8,8,79,
3,1,6,6,8,8,12,87,
3,1,6,6,8,8,16,95,
3,1,6,6,8,8,24,111,
3,1,6,6,8,8,32,127,
4,1,6,6,8,8,1,65,
4,1,6,6,8,8,2,67,
4,1,6,6,8,8,3,69,
4,1,6,6,8,8,4,71,
4,1,6,6,8,8,5,73,
4,1,6,6,8,8,8,79,
4,1,6,6,8,8,12,87,
4,1,6,6,8,8,16,95,
4,1,6,6,8,8,24,111,
4,1,6,6,8,8,32,127,
5,1,6,6,8,8,1,65,
5,1,6,6,8,8,2,67,
5,1,6,6,8,8,3,69,
5,1,6,6,8,8,4,71,
5,1,6,6,8,8,5,73,
5,1,6,6,8,8,8,79,
5,1,6,6,8,8,12,87,
5,1,6,6,8,8,16,95,
5,1,6,6,8,8,24,111,
5,1,6,6,8,8,32,127,
6,1,6,6,8,8,1,65,
6,1,6,6,8,8,2,67,
6,1,6,6,8,8,3,69,
6,1,6,6,8,8,4,71,
6,1,6,6,8,8,5,73,
6,1,6,6,8,8,8,79,
6,1,6,6,8,8,12,87,
6,1,6,6,8,8,16,95,
6,1,6,6,8,8,24,111,
6,1,6,6,8,8,32,127,
7,1,6,6,8,8,1,65,
7,1,6,6,8,8,2,67,
7,1,6,6,8,8,3,69,
7,1,6,6,8,8,4,71,
7,1,6,6,8,8,5,73,
7,1,6,6,8,8,8,79,
7,1,6,6,8,8,12,87,
7,1,6,6,8,8,16,95,
7,1,6,6,8,8,24,111,
7,1,6,6,8,8,32,127,
8,1,6,6,8,8,1,65,
8,1,6,6,8,8,2,67,
8,1,6,6,8,8,3,69,
8,1,6,6,8,8,4,71,
8,1,6,6,8,8,5,73,
8,1,6,6,8,8,8,79,
8,1,6,6,8,8,12,87,
8,1,6,6,8,8,16,95,
8,1,6,6,8,8,24,111,
8,1,6,6,8,8,32,127,
1,1,6,7,8,8,1,71,
1,1,6,7,8,8,2,73,
1,1,6,7,8,8,3,75,
1,1,6,7,8,8,4,77,
1,1,6,7,8,8,5,79,
1,1,6,7,8,8,8,85,
1,1,6,7,8,8,12,93,
1,1,6,7,8,8,16,101,
1,1,6,7,8,8,24,117,
1,1,6,7,8,8,32,133,
2,1,6,7,8,8,1,71,
2,1,6,7,8,8,2,73,
2,1,6,7,8,8,3,75,
2,1,6,7,8,8,4,77,
2,1,6,7,8,8,5,79,
2,1,6,7,8,8,8,85,
2,1,6,7,8,8,12,93,
2,1,6,7,8,8,16,101,
2,1,6,7,8,8,24,117,
2,1,6,7,8,8,32,133,
3,1,6,7,8,8,1,71,
3,1,6,7,8,8,2,73,
3,1,6,7,8,8,3,75,
3,1,6,7,8,8,4,77,
3,1,6,7,8,8,5,79,
3,1,6,7,8,8,8,85,
3,1,6,7,8,8,12,93,
3,1,6,7,8,8,16,101,
3,1,6,7,8,8,24,117,
3,1,6,7,8,8,32,133,
4,1,6,7,8,8,1,71,
4,1,6,7,8,8,2,73,
4,1,6,7,8,8,3,75,
4,1,6,7,8,8,4,77,
4,1,6,7,8,8,5,79,
4,1,6,7,8,8,8,85,
4,1,6,7,8,8,12,93,
4,1,6,7,8,8,16,101,
4,1,6,7,8,8,24,117,
4,1,6,7,8,8,32,133,
5,1,6,7,8,8,1,71,
5,1,6,7,8,8,2,73,
5,1,6,7,8,8,3,75,
5,1,6,7,8,8,4,77,
5,1,6,7,8,8,5,79,
5,1,6,7,8,8,8,85,
5,1,6,7,8,8,12,93,
5,1,6,7,8,8,16,101,
5,1,6,7,8,8,24,117,
5,1,6,7,8,8,32,133,
6,1,6,7,8,8,1,71,
6,1,6,7,8,8,2,73,
6,1,6,7,8,8,3,75,
6,1,6,7,8,8,4,77,
6,1,6,7,8,8,5,79,
6,1,6,7,8,8,8,85,
6,1,6,7,8,8,12,93,
6,1,6,7,8,8,16,101,
6,1,6,7,8,8,24,117,
6,1,6,7,8,8,32,133,
7,1,6,7,8,8,1,71,
7,1,6,7,8,8,2,73,
7,1,6,7,8,8,3,75,
7,1,6,7,8,8,4,77,
7,1,6,7,8,8,5,79,
7,1,6,7,8,8,8,85,
7,1,6,7,8,8,12,93,
7,1,6,7,8,8,16,101,
7,1,6,7,8,8,24,117,
7,1,6,7,8,8,32,133,
8,1,6,7,8,8,1,71,
8,1,6,7,8,8,2,73,
8,1,6,7,8,8,3,75,
8,1,6,7,8,8,4,77,
8,1,6,7,8,8,5,79,
8,1,6,7,8,8,8,85,
8,1,6,7,8,8,12,93,
8,1,6,7,8,8,16,101,
8,1,6,7,8,8,24,117,
8,1,6,7,8,8,32,133,
1,1,6,8,8,8,1,77,
1,1,6,8,8,8,2,79,
1,1,6,8,8,8,3,81,
1,1,6,8,8,8,4,83,
1,1,6,8,8,8,5,85,
1,1,6,8,8,8,8,91,
1,1,6,8,8,8,12,99,
1,1,6,8,8,8,16,107,
1,1,6,8,8,8,24,123,
1,1,6,8,8,8,32,139,
2,1,6,8,8,8,1,77,
2,1,6,8,8,8,2,79,
2,1,6,8,8,8,3,81,
2,1,6,8,8,8,4,83,
2,1,6,8,8,8,5,85,
2,1,6,8,8,8,8,91,
2,1,6,8,8,8,12,99,
2,1,6,8,8,8,16,107,
2,1,6,8,8,8,24,123,
2,1,6,8,8,8,32,139,
3,1,6,8,8,8,1,77,
3,1,6,8,8,8,2,79,
3,1,6,8,8,8,3,81,
3,1,6,8,8,8,4,83,
3,1,6,8,8,8,5,85,
3,1,6,8,8,8,8,91,
3,1,6,8,8,8,12,99,
3,1,6,8,8,8,16,107,
3,1,6,8,8,8,24,123,
3,1,6,8,8,8,32,139,
4,1,6,8,8,8,1,77,
4,1,6,8,8,8,2,79,
4,1,6,8,8,8,3,81,
4,1,6,8,8,8,4,83,
4,1,6,8,8,8,5,85,
4,1,6,8,8,8,8,91,
4,1,6,8,8,8,12,99,
4,1,6,8,8,8,16,107,
4,1,6,8,8,8,24,123,
4,1,6,8,8,8,32,139,
5,1,6,8,8,8,1,77,
5,1,6,8,8,8,2,79,
5,1,6,8,8,8,3,81,
5,1,6,8,8,8,4,83,
5,1,6,8,8,8,5,85,
5,1,6,8,8,8,8,91,
5,1,6,8,8,8,12,99,
5,1,6,8,8,8,16,107,
5,1,6,8,8,8,24,123,
5,1,6,8,8,8,32,139,
6,1,6,8,8,8,1,77,
6,1,6,8,8,8,2,79,
6,1,6,8,8,8,3,81,
6,1,6,8,8,8,4,83,
6,1,6,8,8,8,5,85,
6,1,6,8,8,8,8,91,
6,1,6,8,8,8,12,99,
6,1,6,8,8,8,16,107,
6,1,6,8,8,8,24,123,
6,1,6,8,8,8,32,139,
7,1,6,8,8,8,1,77,
7,1,6,8,8,8,2,79,
7,1,6,8,8,8,3,81,
7,1,6,8,8,8,4,83,
7,1,6,8,8,8,5,85,
7,1,6,8,8,8,8,91,
7,1,6,8,8,8,12,99,
7,1,6,8,8,8,16,107,
7,1,6,8,8,8,24,123,
7,1,6,8,8,8,32,139,
8,1,6,8,8,8,1,77,
8,1,6,8,8,8,2,79,
8,1,6,8,8,8,3,81,
8,1,6,8,8,8,4,83,
8,1,6,8,8,8,5,85,
8,1,6,8,8,8,8,91,
8,1,6,8,8,8,12,99,
8,1,6,8,8,8,16,107,
8,1,6,8,8,8,24,123,
8,1,6,8,8,8,32,139,
1,1,7,1,8,8,1,36,
1,1,7,1,8,8,2,38,
1,1,7,1,8,8,3,40,
1,1,7,1,8,8,4,42,
1,1,7,1,8,8,5,44,
1,1,7,1,8,8,8,50,
1,1,7,1,8,8,12,58,
1,1,7,1,8,8,16,66,
1,1,7,1,8,8,24,82,
1,1,7,1,8,8,32,98,
2,1,7,1,8,8,1,36,
2,1,7,1,8,8,2,38,
2,1,7,1,8,8,3,40,
2,1,7,1,8,8,4,42,
2,1,7,1,8,8,5,44,
2,1,7,1,8,8,8,50,
2,1,7,1,8,8,12,58,
2,1,7,1,8,8,16,66,
2,1,7,1,8,8,24,82,
2,1,7,1,8,8,32,98,
3,1,7,1,8,8,1,36,
3,1,7,1,8,8,2,38,
3,1,7,1,8,8,3,40,
3,1,7,1,8,8,4,42,
3,1,7,1,8,8,5,44,
3,1,7,1,8,8,8,50,
3,1,7,1,8,8,12,58,
3,1,7,1,8,8,16,66,
3,1,7,1,8,8,24,82,
3,1,7,1,8,8,32,98,
4,1,7,1,8,8,1,36,
4,1,7,1,8,8,2,38,
4,1,7,1,8,8,3,40,
4,1,7,1,8,8,4,42,
4,1,7,1,8,8,5,44,
4,1,7,1,8,8,8,50,
4,1,7,1,8,8,12,58,
4,1,7,1,8,8,16,66,
4,1,7,1,8,8,24,82,
4,1,7,1,8,8,32,98,
5,1,7,1,8,8,1,36,
5,1,7,1,8,8,2,38,
5,1,7,1,8,8,3,40,
5,1,7,1,8,8,4,42,
5,1,7,1,8,8,5,44,
5,1,7,1,8,8,8,50,
5,1,7,1,8,8,12,58,
5,1,7,1,8,8,16,66,
5,1,7,1,8,8,24,82,
5,1,7,1,8,8,32,98,
6,1,7,1,8,8,1,36,
6,1,7,1,8,8,2,38,
6,1,7,1,8,8,3,40,
6,1,7,1,8,8,4,42,
6,1,7,1,8,8,5,44,
6,1,7,1,8,8,8,50,
6,1,7,1,8,8,12,58,
6,1,7,1,8,8,16,66,
6,1,7,1,8,8,24,82,
6,1,7,1,8,8,32,98,
7,1,7,1,8,8,1,36,
7,1,7,1,8,8,2,38,
7,1,7,1,8,8,3,40,
7,1,7,1,8,8,4,42,
7,1,7,1,8,8,5,44,
7,1,7,1,8,8,8,50,
7,1,7,1,8,8,12,58,
7,1,7,1,8,8,16,66,
7,1,7,1,8,8,24,82,
7,1,7,1,8,8,32,98,
8,1,7,1,8,8,1,36,
8,1,7,1,8,8,2,38,
8,1,7,1,8,8,3,40,
8,1,7,1,8,8,4,42,
8,1,7,1,8,8,5,44,
8,1,7,1,8,8,8,50,
8,1,7,1,8,8,12,58,
8,1,7,1,8,8,16,66,
8,1,7,1,8,8,24,82,
8,1,7,1,8,8,32,98,
1,1,7,2,8,8,1,43,
1,1,7,2,8,8,2,45,
1,1,7,2,8,8,3,47,
1,1,7,2,8,8,4,49,
1,1,7,2,8,8,5,51,
1,1,7,2,8,8,8,57,
1,1,7,2,8,8,12,65,
1,1,7,2,8,8,16,73,
1,1,7,2,8,8,24,89,
1,1,7,2,8,8,32,105,
2,1,7,2,8,8,1,43,
2,1,7,2,8,8,2,45,
2,1,7,2,8,8,3,47,
2,1,7,2,8,8,4,49,
2,1,7,2,8,8,5,51,
2,1,7,2,8,8,8,57,
2,1,7,2,8,8,12,65,
2,1,7,2,8,8,16,73,
2,1,7,2,8,8,24,89,
2,1,7,2,8,8,32,105,
3,1,7,2,8,8,1,43,
3,1,7,2,8,8,2,45,
3,1,7,2,8,8,3,47,
3,1,7,2,8,8,4,49,
3,1,7,2,8,8,5,51,
3,1,7,2,8,8,8,57,
3,1,7,2,8,8,12,65,
3,1,7,2,8,8,16,73,
3,1,7,2,8,8,24,89,
3,1,7,2,8,8,32,105,
4,1,7,2,8,8,1,43,
4,1,7,2,8,8,2,45,
4,1,7,2,8,8,3,47,
4,1,7,2,8,8,4,49,
4,1,7,2,8,8,5,51,
4,1,7,2,8,8,8,57,
4,1,7,2,8,8,12,65,
4,1,7,2,8,8,16,73,
4,1,7,2,8,8,24,89,
4,1,7,2,8,8,32,105,
5,1,7,2,8,8,1,43,
5,1,7,2,8,8,2,45,
5,1,7,2,8,8,3,47,
5,1,7,2,8,8,4,49,
5,1,7,2,8,8,5,51,
5,1,7,2,8,8,8,57,
5,1,7,2,8,8,12,65,
5,1,7,2,8,8,16,73,
5,1,7,2,8,8,24,89,
5,1,7,2,8,8,32,105,
6,1,7,2,8,8,1,43,
6,1,7,2,8,8,2,45,
6,1,7,2,8,8,3,47,
6,1,7,2,8,8,4,49,
6,1,7,2,8,8,5,51,
6,1,7,2,8,8,8,57,
6,1,7,2,8,8,12,65,
6,1,7,2,8,8,16,73,
6,1,7,2,8,8,24,89,
6,1,7,2,8,8,32,105,
7,1,7,2,8,8,1,43,
7,1,7,2,8,8,2,45,
7,1,7,2,8,8,3,47,
7,1,7,2,8,8,4,49,
7,1,7,2,8,8,5,51,
7,1,7,2,8,8,8,57,
7,1,7,2,8,8,12,65,
7,1,7,2,8,8,16,73,
7,1,7,2,8,8,24,89,
7,1,7,2,8,8,32,105,
8,1,7,2,8,8,1,43,
8,1,7,2,8,8,2,45,
8,1,7,2,8,8,3,47,
8,1,7,2,8,8,4,49,
8,1,7,2,8,8,5,51,
8,1,7,2,8,8,8,57,
8,1,7,2,8,8,12,65,
8,1,7,2,8,8,16,73,
8,1,7,2,8,8,24,89,
8,1,7,2,8,8,32,105,
1,1,7,3,8,8,1,50,
1,1,7,3,8,8,2,52,
1,1,7,3,8,8,3,54,
1,1,7,3,8,8,4,56,
1,1,7,3,8,8,5,58,
1,1,7,3,8,8,8,64,
1,1,7,3,8,8,12,72,
1,1,7,3,8,8,16,80,
1,1,7,3,8,8,24,96,
1,1,7,3,8,8,32,112,
2,1,7,3,8,8,1,50,
2,1,7,3,8,8,2,52,
2,1,7,3,8,8,3,54,
2,1,7,3,8,8,4,56,
2,1,7,3,8,8,5,58,
2,1,7,3,8,8,8,64,
2,1,7,3,8,8,12,72,
2,1,7,3,8,8,16,80,
2,1,7,3,8,8,24,96,
2,1,7,3,8,8,32,112,
3,1,7,3,8,8,1,50,
3,1,7,3,8,8,2,52,
3,1,7,3,8,8,3,54,
3,1,7,3,8,8,4,56,
3,1,7,3,8,8,5,58,
3,1,7,3,8,8,8,64,
3,1,7,3,8,8,12,72,
3,1,7,3,8,8,16,80,
3,1,7,3,8,8,24,96,
3,1,7,3,8,8,32,112,
4,1,7,3,8,8,1,50,
4,1,7,3,8,8,2,52,
4,1,7,3,8,8,3,54,
4,1,7,3,8,8,4,56,
4,1,7,3,8,8,5,58,
4,1,7,3,8,8,8,64,
4,1,7,3,8,8,12,72,
4,1,7,3,8,8,16,80,
4,1,7,3,8,8,24,96,
4,1,7,3,8,8,32,112,
5,1,7,3,8,8,1,50,
5,1,7,3,8,8,2,52,
5,1,7,3,8,8,3,54,
5,1,7,3,8,8,4,56,
5,1,7,3,8,8,5,58,
5,1,7,3,8,8,8,64,
5,1,7,3,8,8,12,72,
5,1,7,3,8,8,16,80,
5,1,7,3,8,8,24,96,
5,1,7,3,8,8,32,112,
6,1,7,3,8,8,1,50,
6,1,7,3,8,8,2,52,
6,1,7,3,8,8,3,54,
6,1,7,3,8,8,4,56,
6,1,7,3,8,8,5,58,
6,1,7,3,8,8,8,64,
6,1,7,3,8,8,12,72,
6,1,7,3,8,8,16,80,
6,1,7,3,8,8,24,96,
6,1,7,3,8,8,32,112,
7,1,7,3,8,8,1,50,
7,1,7,3,8,8,2,52,
7,1,7,3,8,8,3,54,
7,1,7,3,8,8,4,56,
7,1,7,3,8,8,5,58,
7,1,7,3,8,8,8,64,
7,1,7,3,8,8,12,72,
7,1,7,3,8,8,16,80,
7,1,7,3,8,8,24,96,
7,1,7,3,8,8,32,112,
8,1,7,3,8,8,1,50,
8,1,7,3,8,8,2,52,
8,1,7,3,8,8,3,54,
8,1,7,3,8,8,4,56,
8,1,7,3,8,8,5,58,
8,1,7,3,8,8,8,64,
8,1,7,3,8,8,12,72,
8,1,7,3,8,8,16,80,
8,1,7,3,8,8,24,96,
8,1,7,3,8,8,32,112,
1,1,7,4,8,8,1,57,
1,1,7,4,8,8,2,59,
1,1,7,4,8,8,3,61,
1,1,7,4,8,8,4,63,
1,1,7,4,8,8,5,65,
1,1,7,4,8,8,8,71,
1,1,7,4,8,8,12,79,
1,1,7,4,8,8,16,87,
1,1,7,4,8,8,24,103,
1,1,7,4,8,8,32,119,
2,1,7,4,8,8,1,57,
2,1,7,4,8,8,2,59,
2,1,7,4,8,8,3,61,
2,1,7,4,8,8,4,63,
2,1,7,4,8,8,5,65,
2,1,7,4,8,8,8,71,
2,1,7,4,8,8,12,79,
2,1,7,4,8,8,16,87,
2,1,7,4,8,8,24,103,
2,1,7,4,8,8,32,119,
3,1,7,4,8,8,1,57,
3,1,7,4,8,8,2,59,
3,1,7,4,8,8,3,61,
3,1,7,4,8,8,4,63,
3,1,7,4,8,8,5,65,
3,1,7,4,8,8,8,71,
3,1,7,4,8,8,12,79,
3,1,7,4,8,8,16,87,
3,1,7,4,8,8,24,103,
3,1,7,4,8,8,32,119,
4,1,7,4,8,8,1,57,
4,1,7,4,8,8,2,59,
4,1,7,4,8,8,3,61,
4,1,7,4,8,8,4,63,
4,1,7,4,8,8,5,65,
4,1,7,4,8,8,8,71,
4,1,7,4,8,8,12,79,
4,1,7,4,8,8,16,87,
4,1,7,4,8,8,24,103,
4,1,7,4,8,8,32,119,
5,1,7,4,8,8,1,57,
5,1,7,4,8,8,2,59,
5,1,7,4,8,8,3,61,
5,1,7,4,8,8,4,63,
5,1,7,4,8,8,5,65,
5,1,7,4,8,8,8,71,
5,1,7,4,8,8,12,79,
5,1,7,4,8,8,16,87,
5,1,7,4,8,8,24,103,
5,1,7,4,8,8,32,119,
6,1,7,4,8,8,1,57,
6,1,7,4,8,8,2,59,
6,1,7,4,8,8,3,61,
6,1,7,4,8,8,4,63,
6,1,7,4,8,8,5,65,
6,1,7,4,8,8,8,71,
6,1,7,4,8,8,12,79,
6,1,7,4,8,8,16,87,
6,1,7,4,8,8,24,103,
6,1,7,4,8,8,32,119,
7,1,7,4,8,8,1,57,
7,1,7,4,8,8,2,59,
7,1,7,4,8,8,3,61,
7,1,7,4,8,8,4,63,
7,1,7,4,8,8,5,65,
7,1,7,4,8,8,8,71,
7,1,7,4,8,8,12,79,
7,1,7,4,8,8,16,87,
7,1,7,4,8,8,24,103,
7,1,7,4,8,8,32,119,
8,1,7,4,8,8,1,57,
8,1,7,4,8,8,2,59,
8,1,7,4,8,8,3,61,
8,1,7,4,8,8,4,63,
8,1,7,4,8,8,5,65,
8,1,7,4,8,8,8,71,
8,1,7,4,8,8,12,79,
8,1,7,4,8,8,16,87,
8,1,7,4,8,8,24,103,
8,1,7,4,8,8,32,119,
1,1,7,5,8,8,1,64,
1,1,7,5,8,8,2,66,
1,1,7,5,8,8,3,68,
1,1,7,5,8,8,4,70,
1,1,7,5,8,8,5,72,
1,1,7,5,8,8,8,78,
1,1,7,5,8,8,12,86,
1,1,7,5,8,8,16,94,
1,1,7,5,8,8,24,110,
1,1,7,5,8,8,32,126,
2,1,7,5,8,8,1,64,
2,1,7,5,8,8,2,66,
2,1,7,5,8,8,3,68,
2,1,7,5,8,8,4,70,
2,1,7,5,8,8,5,72,
2,1,7,5,8,8,8,78,
2,1,7,5,8,8,12,86,
2,1,7,5,8,8,16,94,
2,1,7,5,8,8,24,110,
2,1,7,5,8,8,32,126,
3,1,7,5,8,8,1,64,
3,1,7,5,8,8,2,66,
3,1,7,5,8,8,3,68,
3,1,7,5,8,8,4,70,
3,1,7,5,8,8,5,72,
3,1,7,5,8,8,8,78,
3,1,7,5,8,8,12,86,
3,1,7,5,8,8,16,94,
3,1,7,5,8,8,24,110,
3,1,7,5,8,8,32,126,
4,1,7,5,8,8,1,64,
4,1,7,5,8,8,2,66,
4,1,7,5,8,8,3,68,
4,1,7,5,8,8,4,70,
4,1,7,5,8,8,5,72,
4,1,7,5,8,8,8,78,
4,1,7,5,8,8,12,86,
4,1,7,5,8,8,16,94,
4,1,7,5,8,8,24,110,
4,1,7,5,8,8,32,126,
5,1,7,5,8,8,1,64,
5,1,7,5,8,8,2,66,
5,1,7,5,8,8,3,68,
5,1,7,5,8,8,4,70,
5,1,7,5,8,8,5,72,
5,1,7,5,8,8,8,78,
5,1,7,5,8,8,12,86,
5,1,7,5,8,8,16,94,
5,1,7,5,8,8,24,110,
5,1,7,5,8,8,32,126,
6,1,7,5,8,8,1,64,
6,1,7,5,8,8,2,66,
6,1,7,5,8,8,3,68,
6,1,7,5,8,8,4,70,
6,1,7,5,8,8,5,72,
6,1,7,5,8,8,8,78,
6,1,7,5,8,8,12,86,
6,1,7,5,8,8,16,94,
6,1,7,5,8,8,24,110,
6,1,7,5,8,8,32,126,
7,1,7,5,8,8,1,64,
7,1,7,5,8,8,2,66,
7,1,7,5,8,8,3,68,
7,1,7,5,8,8,4,70,
7,1,7,5,8,8,5,72,
7,1,7,5,8,8,8,78,
7,1,7,5,8,8,12,86,
7,1,7,5,8,8,16,94,
7,1,7,5,8,8,24,110,
7,1,7,5,8,8,32,126,
8,1,7,5,8,8,1,64,
8,1,7,5,8,8,2,66,
8,1,7,5,8,8,3,68,
8,1,7,5,8,8,4,70,
8,1,7,5,8,8,5,72,
8,1,7,5,8,8,8,78,
8,1,7,5,8,8,12,86,
8,1,7,5,8,8,16,94,
8,1,7,5,8,8,24,110,
8,1,7,5,8,8,32,126,
1,1,7,6,8,8,1,71,
1,1,7,6,8,8,2,73,
1,1,7,6,8,8,3,75,
1,1,7,6,8,8,4,77,
1,1,7,6,8,8,5,79,
1,1,7,6,8,8,8,85,
1,1,7,6,8,8,12,93,
1,1,7,6,8,8,16,101,
1,1,7,6,8,8,24,117,
1,1,7,6,8,8,32,133,
2,1,7,6,8,8,1,71,
2,1,7,6,8,8,2,73,
2,1,7,6,8,8,3,75,
2,1,7,6,8,8,4,77,
2,1,7,6,8,8,5,79,
2,1,7,6,8,8,8,85,
2,1,7,6,8,8,12,93,
2,1,7,6,8,8,16,101,
2,1,7,6,8,8,24,117,
2,1,7,6,8,8,32,133,
3,1,7,6,8,8,1,71,
3,1,7,6,8,8,2,73,
3,1,7,6,8,8,3,75,
3,1,7,6,8,8,4,77,
3,1,7,6,8,8,5,79,
3,1,7,6,8,8,8,85,
3,1,7,6,8,8,12,93,
3,1,7,6,8,8,16,101,
3,1,7,6,8,8,24,117,
3,1,7,6,8,8,32,133,
4,1,7,6,8,8,1,71,
4,1,7,6,8,8,2,73,
4,1,7,6,8,8,3,75,
4,1,7,6,8,8,4,77,
4,1,7,6,8,8,5,79,
4,1,7,6,8,8,8,85,
4,1,7,6,8,8,12,93,
4,1,7,6,8,8,16,101,
4,1,7,6,8,8,24,117,
4,1,7,6,8,8,32,133,
5,1,7,6,8,8,1,71,
5,1,7,6,8,8,2,73,
5,1,7,6,8,8,3,75,
5,1,7,6,8,8,4,77,
5,1,7,6,8,8,5,79,
5,1,7,6,8,8,8,85,
5,1,7,6,8,8,12,93,
5,1,7,6,8,8,16,101,
5,1,7,6,8,8,24,117,
5,1,7,6,8,8,32,133,
6,1,7,6,8,8,1,71,
6,1,7,6,8,8,2,73,
6,1,7,6,8,8,3,75,
6,1,7,6,8,8,4,77,
6,1,7,6,8,8,5,79,
6,1,7,6,8,8,8,85,
6,1,7,6,8,8,12,93,
6,1,7,6,8,8,16,101,
6,1,7,6,8,8,24,117,
6,1,7,6,8,8,32,133,
7,1,7,6,8,8,1,71,
7,1,7,6,8,8,2,73,
7,1,7,6,8,8,3,75,
7,1,7,6,8,8,4,77,
7,1,7,6,8,8,5,79,
7,1,7,6,8,8,8,85,
7,1,7,6,8,8,12,93,
7,1,7,6,8,8,16,101,
7,1,7,6,8,8,24,117,
7,1,7,6,8,8,32,133,
8,1,7,6,8,8,1,71,
8,1,7,6,8,8,2,73,
8,1,7,6,8,8,3,75,
8,1,7,6,8,8,4,77,
8,1,7,6,8,8,5,79,
8,1,7,6,8,8,8,85,
8,1,7,6,8,8,12,93,
8,1,7,6,8,8,16,101,
8,1,7,6,8,8,24,117,
8,1,7,6,8,8,32,133,
1,1,7,7,8,8,1,78,
1,1,7,7,8,8,2,80,
1,1,7,7,8,8,3,82,
1,1,7,7,8,8,4,84,
1,1,7,7,8,8,5,86,
1,1,7,7,8,8,8,92,
1,1,7,7,8,8,12,100,
1,1,7,7,8,8,16,108,
1,1,7,7,8,8,24,124,
1,1,7,7,8,8,32,140,
2,1,7,7,8,8,1,78,
2,1,7,7,8,8,2,80,
2,1,7,7,8,8,3,82,
2,1,7,7,8,8,4,84,
2,1,7,7,8,8,5,86,
2,1,7,7,8,8,8,92,
2,1,7,7,8,8,12,100,
2,1,7,7,8,8,16,108,
2,1,7,7,8,8,24,124,
2,1,7,7,8,8,32,140,
3,1,7,7,8,8,1,78,
3,1,7,7,8,8,2,80,
3,1,7,7,8,8,3,82,
3,1,7,7,8,8,4,84,
3,1,7,7,8,8,5,86,
3,1,7,7,8,8,8,92,
3,1,7,7,8,8,12,100,
3,1,7,7,8,8,16,108,
3,1,7,7,8,8,24,124,
3,1,7,7,8,8,32,140,
4,1,7,7,8,8,1,78,
4,1,7,7,8,8,2,80,
4,1,7,7,8,8,3,82,
4,1,7,7,8,8,4,84,
4,1,7,7,8,8,5,86,
4,1,7,7,8,8,8,92,
4,1,7,7,8,8,12,100,
4,1,7,7,8,8,16,108,
4,1,7,7,8,8,24,124,
4,1,7,7,8,8,32,140,
5,1,7,7,8,8,1,78,
5,1,7,7,8,8,2,80,
5,1,7,7,8,8,3,82,
5,1,7,7,8,8,4,84,
5,1,7,7,8,8,5,86,
5,1,7,7,8,8,8,92,
5,1,7,7,8,8,12,100,
5,1,7,7,8,8,16,108,
5,1,7,7,8,8,24,124,
5,1,7,7,8,8,32,140,
6,1,7,7,8,8,1,78,
6,1,7,7,8,8,2,80,
6,1,7,7,8,8,3,82,
6,1,7,7,8,8,4,84,
6,1,7,7,8,8,5,86,
6,1,7,7,8,8,8,92,
6,1,7,7,8,8,12,100,
6,1,7,7,8,8,16,108,
6,1,7,7,8,8,24,124,
6,1,7,7,8,8,32,140,
7,1,7,7,8,8,1,78,
7,1,7,7,8,8,2,80,
7,1,7,7,8,8,3,82,
7,1,7,7,8,8,4,84,
7,1,7,7,8,8,5,86,
7,1,7,7,8,8,8,92,
7,1,7,7,8,8,12,100,
7,1,7,7,8,8,16,108,
7,1,7,7,8,8,24,124,
7,1,7,7,8,8,32,140,
8,1,7,7,8,8,1,78,
8,1,7,7,8,8,2,80,
8,1,7,7,8,8,3,82,
8,1,7,7,8,8,4,84,
8,1,7,7,8,8,5,86,
8,1,7,7,8,8,8,92,
8,1,7,7,8,8,12,100,
8,1,7,7,8,8,16,108,
8,1,7,7,8,8,24,124,
8,1,7,7,8,8,32,140,
1,1,7,8,8,8,1,85,
1,1,7,8,8,8,2,87,
1,1,7,8,8,8,3,89,
1,1,7,8,8,8,4,91,
1,1,7,8,8,8,5,93,
1,1,7,8,8,8,8,99,
1,1,7,8,8,8,12,107,
1,1,7,8,8,8,16,115,
1,1,7,8,8,8,24,131,
1,1,7,8,8,8,32,147,
2,1,7,8,8,8,1,85,
2,1,7,8,8,8,2,87,
2,1,7,8,8,8,3,89,
2,1,7,8,8,8,4,91,
2,1,7,8,8,8,5,93,
2,1,7,8,8,8,8,99,
2,1,7,8,8,8,12,107,
2,1,7,8,8,8,16,115,
2,1,7,8,8,8,24,131,
2,1,7,8,8,8,32,147,
3,1,7,8,8,8,1,85,
3,1,7,8,8,8,2,87,
3,1,7,8,8,8,3,89,
3,1,7,8,8,8,4,91,
3,1,7,8,8,8,5,93,
3,1,7,8,8,8,8,99,
3,1,7,8,8,8,12,107,
3,1,7,8,8,8,16,115,
3,1,7,8,8,8,24,131,
3,1,7,8,8,8,32,147,
4,1,7,8,8,8,1,85,
4,1,7,8,8,8,2,87,
4,1,7,8,8,8,3,89,
4,1,7,8,8,8,4,91,
4,1,7,8,8,8,5,93,
4,1,7,8,8,8,8,99,
4,1,7,8,8,8,12,107,
4,1,7,8,8,8,16,115,
4,1,7,8,8,8,24,131,
4,1,7,8,8,8,32,147,
5,1,7,8,8,8,1,85,
5,1,7,8,8,8,2,87,
5,1,7,8,8,8,3,89,
5,1,7,8,8,8,4,91,
5,1,7,8,8,8,5,93,
5,1,7,8,8,8,8,99,
5,1,7,8,8,8,12,107,
5,1,7,8,8,8,16,115,
5,1,7,8,8,8,24,131,
5,1,7,8,8,8,32,147,
6,1,7,8,8,8,1,85,
6,1,7,8,8,8,2,87,
6,1,7,8,8,8,3,89,
6,1,7,8,8,8,4,91,
6,1,7,8,8,8,5,93,
6,1,7,8,8,8,8,99,
6,1,7,8,8,8,12,107,
6,1,7,8,8,8,16,115,
6,1,7,8,8,8,24,131,
6,1,7,8,8,8,32,147,
7,1,7,8,8,8,1,85,
7,1,7,8,8,8,2,87,
7,1,7,8,8,8,3,89,
7,1,7,8,8,8,4,91,
7,1,7,8,8,8,5,93,
7,1,7,8,8,8,8,99,
7,1,7,8,8,8,12,107,
7,1,7,8,8,8,16,115,
7,1,7,8,8,8,24,131,
7,1,7,8,8,8,32,147,
8,1,7,8,8,8,1,85,
8,1,7,8,8,8,2,87,
8,1,7,8,8,8,3,89,
8,1,7,8,8,8,4,91,
8,1,7,8,8,8,5,93,
8,1,7,8,8,8,8,99,
8,1,7,8,8,8,12,107,
8,1,7,8,8,8,16,115,
8,1,7,8,8,8,24,131,
8,1,7,8,8,8,32,147,
1,1,8,1,8,8,1,37,
1,1,8,1,8,8,2,39,
1,1,8,1,8,8,3,41,
1,1,8,1,8,8,4,43,
1,1,8,1,8,8,5,45,
1,1,8,1,8,8,8,51,
1,1,8,1,8,8,12,59,
1,1,8,1,8,8,16,67,
1,1,8,1,8,8,24,83,
1,1,8,1,8,8,32,99,
2,1,8,1,8,8,1,37,
2,1,8,1,8,8,2,39,
2,1,8,1,8,8,3,41,
2,1,8,1,8,8,4,43,
2,1,8,1,8,8,5,45,
2,1,8,1,8,8,8,51,
2,1,8,1,8,8,12,59,
2,1,8,1,8,8,16,67,
2,1,8,1,8,8,24,83,
2,1,8,1,8,8,32,99,
3,1,8,1,8,8,1,37,
3,1,8,1,8,8,2,39,
3,1,8,1,8,8,3,41,
3,1,8,1,8,8,4,43,
3,1,8,1,8,8,5,45,
3,1,8,1,8,8,8,51,
3,1,8,1,8,8,12,59,
3,1,8,1,8,8,16,67,
3,1,8,1,8,8,24,83,
3,1,8,1,8,8,32,99,
4,1,8,1,8,8,1,37,
4,1,8,1,8,8,2,39,
4,1,8,1,8,8,3,41,
4,1,8,1,8,8,4,43,
4,1,8,1,8,8,5,45,
4,1,8,1,8,8,8,51,
4,1,8,1,8,8,12,59,
4,1,8,1,8,8,16,67,
4,1,8,1,8,8,24,83,
4,1,8,1,8,8,32,99,
5,1,8,1,8,8,1,37,
5,1,8,1,8,8,2,39,
5,1,8,1,8,8,3,41,
5,1,8,1,8,8,4,43,
5,1,8,1,8,8,5,45,
5,1,8,1,8,8,8,51,
5,1,8,1,8,8,12,59,
5,1,8,1,8,8,16,67,
5,1,8,1,8,8,24,83,
5,1,8,1,8,8,32,99,
6,1,8,1,8,8,1,37,
6,1,8,1,8,8,2,39,
6,1,8,1,8,8,3,41,
6,1,8,1,8,8,4,43,
6,1,8,1,8,8,5,45,
6,1,8,1,8,8,8,51,
6,1,8,1,8,8,12,59,
6,1,8,1,8,8,16,67,
6,1,8,1,8,8,24,83,
6,1,8,1,8,8,32,99,
7,1,8,1,8,8,1,37,
7,1,8,1,8,8,2,39,
7,1,8,1,8,8,3,41,
7,1,8,1,8,8,4,43,
7,1,8,1,8,8,5,45,
7,1,8,1,8,8,8,51,
7,1,8,1,8,8,12,59,
7,1,8,1,8,8,16,67,
7,1,8,1,8,8,24,83,
7,1,8,1,8,8,32,99,
8,1,8,1,8,8,1,37,
8,1,8,1,8,8,2,39,
8,1,8,1,8,8,3,41,
8,1,8,1,8,8,4,43,
8,1,8,1,8,8,5,45,
8,1,8,1,8,8,8,51,
8,1,8,1,8,8,12,59,
8,1,8,1,8,8,16,67,
8,1,8,1,8,8,24,83,
8,1,8,1,8,8,32,99,
1,1,8,2,8,8,1,45,
1,1,8,2,8,8,2,47,
1,1,8,2,8,8,3,49,
1,1,8,2,8,8,4,51,
1,1,8,2,8,8,5,53,
1,1,8,2,8,8,8,59,
1,1,8,2,8,8,12,67,
1,1,8,2,8,8,16,75,
1,1,8,2,8,8,24,91,
1,1,8,2,8,8,32,107,
2,1,8,2,8,8,1,45,
2,1,8,2,8,8,2,47,
2,1,8,2,8,8,3,49,
2,1,8,2,8,8,4,51,
2,1,8,2,8,8,5,53,
2,1,8,2,8,8,8,59,
2,1,8,2,8,8,12,67,
2,1,8,2,8,8,16,75,
2,1,8,2,8,8,24,91,
2,1,8,2,8,8,32,107,
3,1,8,2,8,8,1,45,
3,1,8,2,8,8,2,47,
3,1,8,2,8,8,3,49,
3,1,8,2,8,8,4,51,
3,1,8,2,8,8,5,53,
3,1,8,2,8,8,8,59,
3,1,8,2,8,8,12,67,
3,1,8,2,8,8,16,75,
3,1,8,2,8,8,24,91,
3,1,8,2,8,8,32,107,
4,1,8,2,8,8,1,45,
4,1,8,2,8,8,2,47,
4,1,8,2,8,8,3,49,
4,1,8,2,8,8,4,51,
4,1,8,2,8,8,5,53,
4,1,8,2,8,8,8,59,
4,1,8,2,8,8,12,67,
4,1,8,2,8,8,16,75,
4,1,8,2,8,8,24,91,
4,1,8,2,8,8,32,107,
5,1,8,2,8,8,1,45,
5,1,8,2,8,8,2,47,
5,1,8,2,8,8,3,49,
5,1,8,2,8,8,4,51,
5,1,8,2,8,8,5,53,
5,1,8,2,8,8,8,59,
5,1,8,2,8,8,12,67,
5,1,8,2,8,8,16,75,
5,1,8,2,8,8,24,91,
5,1,8,2,8,8,32,107,
6,1,8,2,8,8,1,45,
6,1,8,2,8,8,2,47,
6,1,8,2,8,8,3,49,
6,1,8,2,8,8,4,51,
6,1,8,2,8,8,5,53,
6,1,8,2,8,8,8,59,
6,1,8,2,8,8,12,67,
6,1,8,2,8,8,16,75,
6,1,8,2,8,8,24,91,
6,1,8,2,8,8,32,107,
7,1,8,2,8,8,1,45,
7,1,8,2,8,8,2,47,
7,1,8,2,8,8,3,49,
7,1,8,2,8,8,4,51,
7,1,8,2,8,8,5,53,
7,1,8,2,8,8,8,59,
7,1,8,2,8,8,12,67,
7,1,8,2,8,8,16,75,
7,1,8,2,8,8,24,91,
7,1,8,2,8,8,32,107,
8,1,8,2,8,8,1,45,
8,1,8,2,8,8,2,47,
8,1,8,2,8,8,3,49,
8,1,8,2,8,8,4,51,
8,1,8,2,8,8,5,53,
8,1,8,2,8,8,8,59,
8,1,8,2,8,8,12,67,
8,1,8,2,8,8,16,75,
8,1,8,2,8,8,24,91,
8,1,8,2,8,8,32,107,
1,1,8,3,8,8,1,53,
1,1,8,3,8,8,2,55,
1,1,8,3,8,8,3,57,
1,1,8,3,8,8,4,59,
1,1,8,3,8,8,5,61,
1,1,8,3,8,8,8,67,
1,1,8,3,8,8,12,75,
1,1,8,3,8,8,16,83,
1,1,8,3,8,8,24,99,
1,1,8,3,8,8,32,115,
2,1,8,3,8,8,1,53,
2,1,8,3,8,8,2,55,
2,1,8,3,8,8,3,57,
2,1,8,3,8,8,4,59,
2,1,8,3,8,8,5,61,
2,1,8,3,8,8,8,67,
2,1,8,3,8,8,12,75,
2,1,8,3,8,8,16,83,
2,1,8,3,8,8,24,99,
2,1,8,3,8,8,32,115,
3,1,8,3,8,8,1,53,
3,1,8,3,8,8,2,55,
3,1,8,3,8,8,3,57,
3,1,8,3,8,8,4,59,
3,1,8,3,8,8,5,61,
3,1,8,3,8,8,8,67,
3,1,8,3,8,8,12,75,
3,1,8,3,8,8,16,83,
3,1,8,3,8,8,24,99,
3,1,8,3,8,8,32,115,
4,1,8,3,8,8,1,53,
4,1,8,3,8,8,2,55,
4,1,8,3,8,8,3,57,
4,1,8,3,8,8,4,59,
4,1,8,3,8,8,5,61,
4,1,8,3,8,8,8,67,
4,1,8,3,8,8,12,75,
4,1,8,3,8,8,16,83,
4,1,8,3,8,8,24,99,
4,1,8,3,8,8,32,115,
5,1,8,3,8,8,1,53,
5,1,8,3,8,8,2,55,
5,1,8,3,8,8,3,57,
5,1,8,3,8,8,4,59,
5,1,8,3,8,8,5,61,
5,1,8,3,8,8,8,67,
5,1,8,3,8,8,12,75,
5,1,8,3,8,8,16,83,
5,1,8,3,8,8,24,99,
5,1,8,3,8,8,32,115,
6,1,8,3,8,8,1,53,
6,1,8,3,8,8,2,55,
6,1,8,3,8,8,3,57,
6,1,8,3,8,8,4,59,
6,1,8,3,8,8,5,61,
6,1,8,3,8,8,8,67,
6,1,8,3,8,8,12,75,
6,1,8,3,8,8,16,83,
6,1,8,3,8,8,24,99,
6,1,8,3,8,8,32,115,
7,1,8,3,8,8,1,53,
7,1,8,3,8,8,2,55,
7,1,8,3,8,8,3,57,
7,1,8,3,8,8,4,59,
7,1,8,3,8,8,5,61,
7,1,8,3,8,8,8,67,
7,1,8,3,8,8,12,75,
7,1,8,3,8,8,16,83,
7,1,8,3,8,8,24,99,
7,1,8,3,8,8,32,115,
8,1,8,3,8,8,1,53,
8,1,8,3,8,8,2,55,
8,1,8,3,8,8,3,57,
8,1,8,3,8,8,4,59,
8,1,8,3,8,8,5,61,
8,1,8,3,8,8,8,67,
8,1,8,3,8,8,12,75,
8,1,8,3,8,8,16,83,
8,1,8,3,8,8,24,99,
8,1,8,3,8,8,32,115,
1,1,8,4,8,8,1,61,
1,1,8,4,8,8,2,63,
1,1,8,4,8,8,3,65,
1,1,8,4,8,8,4,67,
1,1,8,4,8,8,5,69,
1,1,8,4,8,8,8,75,
1,1,8,4,8,8,12,83,
1,1,8,4,8,8,16,91,
1,1,8,4,8,8,24,107,
1,1,8,4,8,8,32,123,
2,1,8,4,8,8,1,61,
2,1,8,4,8,8,2,63,
2,1,8,4,8,8,3,65,
2,1,8,4,8,8,4,67,
2,1,8,4,8,8,5,69,
2,1,8,4,8,8,8,75,
2,1,8,4,8,8,12,83,
2,1,8,4,8,8,16,91,
2,1,8,4,8,8,24,107,
2,1,8,4,8,8,32,123,
3,1,8,4,8,8,1,61,
3,1,8,4,8,8,2,63,
3,1,8,4,8,8,3,65,
3,1,8,4,8,8,4,67,
3,1,8,4,8,8,5,69,
3,1,8,4,8,8,8,75,
3,1,8,4,8,8,12,83,
3,1,8,4,8,8,16,91,
3,1,8,4,8,8,24,107,
3,1,8,4,8,8,32,123,
4,1,8,4,8,8,1,61,
4,1,8,4,8,8,2,63,
4,1,8,4,8,8,3,65,
4,1,8,4,8,8,4,67,
4,1,8,4,8,8,5,69,
4,1,8,4,8,8,8,75,
4,1,8,4,8,8,12,83,
4,1,8,4,8,8,16,91,
4,1,8,4,8,8,24,107,
4,1,8,4,8,8,32,123,
5,1,8,4,8,8,1,61,
5,1,8,4,8,8,2,63,
5,1,8,4,8,8,3,65,
5,1,8,4,8,8,4,67,
5,1,8,4,8,8,5,69,
5,1,8,4,8,8,8,75,
5,1,8,4,8,8,12,83,
5,1,8,4,8,8,16,91,
5,1,8,4,8,8,24,107,
5,1,8,4,8,8,32,123,
6,1,8,4,8,8,1,61,
6,1,8,4,8,8,2,63,
6,1,8,4,8,8,3,65,
6,1,8,4,8,8,4,67,
6,1,8,4,8,8,5,69,
6,1,8,4,8,8,8,75,
6,1,8,4,8,8,12,83,
6,1,8,4,8,8,16,91,
6,1,8,4,8,8,24,107,
6,1,8,4,8,8,32,123,
7,1,8,4,8,8,1,61,
7,1,8,4,8,8,2,63,
7,1,8,4,8,8,3,65,
7,1,8,4,8,8,4,67,
7,1,8,4,8,8,5,69,
7,1,8,4,8,8,8,75,
7,1,8,4,8,8,12,83,
7,1,8,4,8,8,16,91,
7,1,8,4,8,8,24,107,
7,1,8,4,8,8,32,123,
8,1,8,4,8,8,1,61,
8,1,8,4,8,8,2,63,
8,1,8,4,8,8,3,65,
8,1,8,4,8,8,4,67,
8,1,8,4,8,8,5,69,
8,1,8,4,8,8,8,75,
8,1,8,4,8,8,12,83,
8,1,8,4,8,8,16,91,
8,1,8,4,8,8,24,107,
8,1,8,4,8,8,32,123,
1,1,8,5,8,8,1,69,
1,1,8,5,8,8,2,71,
1,1,8,5,8,8,3,73,
1,1,8,5,8,8,4,75,
1,1,8,5,8,8,5,77,
1,1,8,5,8,8,8,83,
1,1,8,5,8,8,12,91,
1,1,8,5,8,8,16,99,
1,1,8,5,8,8,24,115,
1,1,8,5,8,8,32,131,
2,1,8,5,8,8,1,69,
2,1,8,5,8,8,2,71,
2,1,8,5,8,8,3,73,
2,1,8,5,8,8,4,75,
2,1,8,5,8,8,5,77,
2,1,8,5,8,8,8,83,
2,1,8,5,8,8,12,91,
2,1,8,5,8,8,16,99,
2,1,8,5,8,8,24,115,
2,1,8,5,8,8,32,131,
3,1,8,5,8,8,1,69,
3,1,8,5,8,8,2,71,
3,1,8,5,8,8,3,73,
3,1,8,5,8,8,4,75,
3,1,8,5,8,8,5,77,
3,1,8,5,8,8,8,83,
3,1,8,5,8,8,12,91,
3,1,8,5,8,8,16,99,
3,1,8,5,8,8,24,115,
3,1,8,5,8,8,32,131,
4,1,8,5,8,8,1,69,
4,1,8,5,8,8,2,71,
4,1,8,5,8,8,3,73,
4,1,8,5,8,8,4,75,
4,1,8,5,8,8,5,77,
4,1,8,5,8,8,8,83,
4,1,8,5,8,8,12,91,
4,1,8,5,8,8,16,99,
4,1,8,5,8,8,24,115,
4,1,8,5,8,8,32,131,
5,1,8,5,8,8,1,69,
5,1,8,5,8,8,2,71,
5,1,8,5,8,8,3,73,
5,1,8,5,8,8,4,75,
5,1,8,5,8,8,5,77,
5,1,8,5,8,8,8,83,
5,1,8,5,8,8,12,91,
5,1,8,5,8,8,16,99,
5,1,8,5,8,8,24,115,
5,1,8,5,8,8,32,131,
6,1,8,5,8,8,1,69,
6,1,8,5,8,8,2,71,
6,1,8,5,8,8,3,73,
6,1,8,5,8,8,4,75,
6,1,8,5,8,8,5,77,
6,1,8,5,8,8,8,83,
6,1,8,5,8,8,12,91,
6,1,8,5,8,8,16,99,
6,1,8,5,8,8,24,115,
6,1,8,5,8,8,32,131,
7,1,8,5,8,8,1,69,
7,1,8,5,8,8,2,71,
7,1,8,5,8,8,3,73,
7,1,8,5,8,8,4,75,
7,1,8,5,8,8,5,77,
7,1,8,5,8,8,8,83,
7,1,8,5,8,8,12,91,
7,1,8,5,8,8,16,99,
7,1,8,5,8,8,24,115,
7,1,8,5,8,8,32,131,
8,1,8,5,8,8,1,69,
8,1,8,5,8,8,2,71,
8,1,8,5,8,8,3,73,
8,1,8,5,8,8,4,75,
8,1,8,5,8,8,5,77,
8,1,8,5,8,8,8,83,
8,1,8,5,8,8,12,91,
8,1,8,5,8,8,16,99,
8,1,8,5,8,8,24,115,
8,1,8,5,8,8,32,131,
1,1,8,6,8,8,1,77,
1,1,8,6,8,8,2,79,
1,1,8,6,8,8,3,81,
1,1,8,6,8,8,4,83,
1,1,8,6,8,8,5,85,
1,1,8,6,8,8,8,91,
1,1,8,6,8,8,12,99,
1,1,8,6,8,8,16,107,
1,1,8,6,8,8,24,123,
1,1,8,6,8,8,32,139,
2,1,8,6,8,8,1,77,
2,1,8,6,8,8,2,79,
2,1,8,6,8,8,3,81,
2,1,8,6,8,8,4,83,
2,1,8,6,8,8,5,85,
2,1,8,6,8,8,8,91,
2,1,8,6,8,8,12,99,
2,1,8,6,8,8,16,107,
2,1,8,6,8,8,24,123,
2,1,8,6,8,8,32,139,
3,1,8,6,8,8,1,77,
3,1,8,6,8,8,2,79,
3,1,8,6,8,8,3,81,
3,1,8,6,8,8,4,83,
3,1,8,6,8,8,5,85,
3,1,8,6,8,8,8,91,
3,1,8,6,8,8,12,99,
3,1,8,6,8,8,16,107,
3,1,8,6,8,8,24,123,
3,1,8,6,8,8,32,139,
4,1,8,6,8,8,1,77,
4,1,8,6,8,8,2,79,
4,1,8,6,8,8,3,81,
4,1,8,6,8,8,4,83,
4,1,8,6,8,8,5,85,
4,1,8,6,8,8,8,91,
4,1,8,6,8,8,12,99,
4,1,8,6,8,8,16,107,
4,1,8,6,8,8,24,123,
4,1,8,6,8,8,32,139,
5,1,8,6,8,8,1,77,
5,1,8,6,8,8,2,79,
5,1,8,6,8,8,3,81,
5,1,8,6,8,8,4,83,
5,1,8,6,8,8,5,85,
5,1,8,6,8,8,8,91,
5,1,8,6,8,8,12,99,
5,1,8,6,8,8,16,107,
5,1,8,6,8,8,24,123,
5,1,8,6,8,8,32,139,
6,1,8,6,8,8,1,77,
6,1,8,6,8,8,2,79,
6,1,8,6,8,8,3,81,
6,1,8,6,8,8,4,83,
6,1,8,6,8,8,5,85,
6,1,8,6,8,8,8,91,
6,1,8,6,8,8,12,99,
6,1,8,6,8,8,16,107,
6,1,8,6,8,8,24,123,
6,1,8,6,8,8,32,139,
7,1,8,6,8,8,1,77,
7,1,8,6,8,8,2,79,
7,1,8,6,8,8,3,81,
7,1,8,6,8,8,4,83,
7,1,8,6,8,8,5,85,
7,1,8,6,8,8,8,91,
7,1,8,6,8,8,12,99,
7,1,8,6,8,8,16,107,
7,1,8,6,8,8,24,123,
7,1,8,6,8,8,32,139,
8,1,8,6,8,8,1,77,
8,1,8,6,8,8,2,79,
8,1,8,6,8,8,3,81,
8,1,8,6,8,8,4,83,
8,1,8,6,8,8,5,85,
8,1,8,6,8,8,8,91,
8,1,8,6,8,8,12,99,
8,1,8,6,8,8,16,107,
8,1,8,6,8,8,24,123,
8,1,8,6,8,8,32,139,
1,1,8,7,8,8,1,85,
1,1,8,7,8,8,2,87,
1,1,8,7,8,8,3,89,
1,1,8,7,8,8,4,91,
1,1,8,7,8,8,5,93,
1,1,8,7,8,8,8,99,
1,1,8,7,8,8,12,107,
1,1,8,7,8,8,16,115,
1,1,8,7,8,8,24,131,
1,1,8,7,8,8,32,147,
2,1,8,7,8,8,1,85,
2,1,8,7,8,8,2,87,
2,1,8,7,8,8,3,89,
2,1,8,7,8,8,4,91,
2,1,8,7,8,8,5,93,
2,1,8,7,8,8,8,99,
2,1,8,7,8,8,12,107,
2,1,8,7,8,8,16,115,
2,1,8,7,8,8,24,131,
2,1,8,7,8,8,32,147,
3,1,8,7,8,8,1,85,
3,1,8,7,8,8,2,87,
3,1,8,7,8,8,3,89,
3,1,8,7,8,8,4,91,
3,1,8,7,8,8,5,93,
3,1,8,7,8,8,8,99,
3,1,8,7,8,8,12,107,
3,1,8,7,8,8,16,115,
3,1,8,7,8,8,24,131,
3,1,8,7,8,8,32,147,
4,1,8,7,8,8,1,85,
4,1,8,7,8,8,2,87,
4,1,8,7,8,8,3,89,
4,1,8,7,8,8,4,91,
4,1,8,7,8,8,5,93,
4,1,8,7,8,8,8,99,
4,1,8,7,8,8,12,107,
4,1,8,7,8,8,16,115,
4,1,8,7,8,8,24,131,
4,1,8,7,8,8,32,147,
5,1,8,7,8,8,1,85,
5,1,8,7,8,8,2,87,
5,1,8,7,8,8,3,89,
5,1,8,7,8,8,4,91,
5,1,8,7,8,8,5,93,
5,1,8,7,8,8,8,99,
5,1,8,7,8,8,12,107,
5,1,8,7,8,8,16,115,
5,1,8,7,8,8,24,131,
5,1,8,7,8,8,32,147,
6,1,8,7,8,8,1,85,
6,1,8,7,8,8,2,87,
6,1,8,7,8,8,3,89,
6,1,8,7,8,8,4,91,
6,1,8,7,8,8,5,93,
6,1,8,7,8,8,8,99,
6,1,8,7,8,8,12,107,
6,1,8,7,8,8,16,115,
6,1,8,7,8,8,24,131,
6,1,8,7,8,8,32,147,
7,1,8,7,8,8,1,85,
7,1,8,7,8,8,2,87,
7,1,8,7,8,8,3,89,
7,1,8,7,8,8,4,91,
7,1,8,7,8,8,5,93,
7,1,8,7,8,8,8,99,
7,1,8,7,8,8,12,107,
7,1,8,7,8,8,16,115,
7,1,8,7,8,8,24,131,
7,1,8,7,8,8,32,147,
8,1,8,7,8,8,1,85,
8,1,8,7,8,8,2,87,
8,1,8,7,8,8,3,89,
8,1,8,7,8,8,4,91,
8,1,8,7,8,8,5,93,
8,1,8,7,8,8,8,99,
8,1,8,7,8,8,12,107,
8,1,8,7,8,8,16,115,
8,1,8,7,8,8,24,131,
8,1,8,7,8,8,32,147,
1,1,8,8,8,8,1,93,
1,1,8,8,8,8,2,95,
1,1,8,8,8,8,3,97,
1,1,8,8,8,8,4,99,
1,1,8,8,8,8,5,101,
1,1,8,8,8,8,8,107,
1,1,8,8,8,8,12,115,
1,1,8,8,8,8,16,123,
1,1,8,8,8,8,24,139,
1,1,8,8,8,8,32,155,
2,1,8,8,8,8,1,93,
2,1,8,8,8,8,2,95,
2,1,8,8,8,8,3,97,
2,1,8,8,8,8,4,99,
2,1,8,8,8,8,5,101,
2,1,8,8,8,8,8,107,
2,1,8,8,8,8,12,115,
2,1,8,8,8,8,16,123,
2,1,8,8,8,8,24,139,
2,1,8,8,8,8,32,155,
3,1,8,8,8,8,1,93,
3,1,8,8,8,8,2,95,
3,1,8,8,8,8,3,97,
3,1,8,8,8,8,4,99,
3,1,8,8,8,8,5,101,
3,1,8,8,8,8,8,107,
3,1,8,8,8,8,12,115,
3,1,8,8,8,8,16,123,
3,1,8,8,8,8,24,139,
3,1,8,8,8,8,32,155,
4,1,8,8,8,8,1,93,
4,1,8,8,8,8,2,95,
4,1,8,8,8,8,3,97,
4,1,8,8,8,8,4,99,
4,1,8,8,8,8,5,101,
4,1,8,8,8,8,8,107,
4,1,8,8,8,8,12,115,
4,1,8,8,8,8,16,123,
4,1,8,8,8,8,24,139,
4,1,8,8,8,8,32,155,
5,1,8,8,8,8,1,93,
5,1,8,8,8,8,2,95,
5,1,8,8,8,8,3,97,
5,1,8,8,8,8,4,99,
5,1,8,8,8,8,5,101,
5,1,8,8,8,8,8,107,
5,1,8,8,8,8,12,115,
5,1,8,8,8,8,16,123,
5,1,8,8,8,8,24,139,
5,1,8,8,8,8,32,155,
6,1,8,8,8,8,1,93,
6,1,8,8,8,8,2,95,
6,1,8,8,8,8,3,97,
6,1,8,8,8,8,4,99,
6,1,8,8,8,8,5,101,
6,1,8,8,8,8,8,107,
6,1,8,8,8,8,12,115,
6,1,8,8,8,8,16,123,
6,1,8,8,8,8,24,139,
6,1,8,8,8,8,32,155,
7,1,8,8,8,8,1,93,
7,1,8,8,8,8,2,95,
7,1,8,8,8,8,3,97,
7,1,8,8,8,8,4,99,
7,1,8,8,8,8,5,101,
7,1,8,8,8,8,8,107,
7,1,8,8,8,8,12,115,
7,1,8,8,8,8,16,123,
7,1,8,8,8,8,24,139,
7,1,8,8,8,8,32,155,
8,1,8,8,8,8,1,93,
8,1,8,8,8,8,2,95,
8,1,8,8,8,8,3,97,
8,1,8,8,8,8,4,99,
8,1,8,8,8,8,5,101,
8,1,8,8,8,8,8,107,
8,1,8,8,8,8,12,115,
8,1,8,8,8,8,16,123,
8,1,8,8,8,8,24,139,
8,1,8,8,8,8,32,155,
