x_width,x_frac_width,x_row,x_col,x_row_depth,x_col_depth,w_width,w_frac_width,loc,
1,1,1,1,8,8,1,1,78,
1,1,1,1,8,8,2,1,78,
1,1,1,1,8,8,3,1,78,
1,1,1,1,8,8,4,1,78,
1,1,1,1,8,8,5,1,78,
1,1,1,1,8,8,6,1,78,
1,1,1,1,8,8,7,1,78,
1,1,1,1,8,8,8,1,78,
2,1,1,1,8,8,1,1,78,
2,1,1,1,8,8,2,1,78,
2,1,1,1,8,8,3,1,78,
2,1,1,1,8,8,4,1,78,
2,1,1,1,8,8,5,1,78,
2,1,1,1,8,8,6,1,78,
2,1,1,1,8,8,7,1,78,
2,1,1,1,8,8,8,1,78,
3,1,1,1,8,8,1,1,78,
3,1,1,1,8,8,2,1,78,
3,1,1,1,8,8,3,1,78,
3,1,1,1,8,8,4,1,78,
3,1,1,1,8,8,5,1,78,
3,1,1,1,8,8,6,1,78,
3,1,1,1,8,8,7,1,78,
3,1,1,1,8,8,8,1,78,
4,1,1,1,8,8,1,1,78,
4,1,1,1,8,8,2,1,78,
4,1,1,1,8,8,3,1,78,
4,1,1,1,8,8,4,1,78,
4,1,1,1,8,8,5,1,78,
4,1,1,1,8,8,6,1,78,
4,1,1,1,8,8,7,1,78,
4,1,1,1,8,8,8,1,78,
5,1,1,1,8,8,1,1,78,
5,1,1,1,8,8,2,1,78,
5,1,1,1,8,8,3,1,78,
5,1,1,1,8,8,4,1,78,
5,1,1,1,8,8,5,1,78,
5,1,1,1,8,8,6,1,78,
5,1,1,1,8,8,7,1,78,
5,1,1,1,8,8,8,1,78,
6,1,1,1,8,8,1,1,78,
6,1,1,1,8,8,2,1,78,
6,1,1,1,8,8,3,1,78,
6,1,1,1,8,8,4,1,78,
6,1,1,1,8,8,5,1,78,
6,1,1,1,8,8,6,1,78,
6,1,1,1,8,8,7,1,78,
6,1,1,1,8,8,8,1,78,
7,1,1,1,8,8,1,1,78,
7,1,1,1,8,8,2,1,78,
7,1,1,1,8,8,3,1,78,
7,1,1,1,8,8,4,1,78,
7,1,1,1,8,8,5,1,78,
7,1,1,1,8,8,6,1,78,
7,1,1,1,8,8,7,1,78,
7,1,1,1,8,8,8,1,78,
8,1,1,1,8,8,1,1,78,
8,1,1,1,8,8,2,1,78,
8,1,1,1,8,8,3,1,78,
8,1,1,1,8,8,4,1,78,
8,1,1,1,8,8,5,1,78,
8,1,1,1,8,8,6,1,78,
8,1,1,1,8,8,7,1,78,
8,1,1,1,8,8,8,1,78,
1,1,1,2,8,8,1,1,85,
1,1,1,2,8,8,2,1,85,
1,1,1,2,8,8,3,1,85,
1,1,1,2,8,8,4,1,85,
1,1,1,2,8,8,5,1,85,
1,1,1,2,8,8,6,1,85,
1,1,1,2,8,8,7,1,85,
1,1,1,2,8,8,8,1,85,
2,1,1,2,8,8,1,1,85,
2,1,1,2,8,8,2,1,85,
2,1,1,2,8,8,3,1,85,
2,1,1,2,8,8,4,1,85,
2,1,1,2,8,8,5,1,85,
2,1,1,2,8,8,6,1,85,
2,1,1,2,8,8,7,1,85,
2,1,1,2,8,8,8,1,85,
3,1,1,2,8,8,1,1,85,
3,1,1,2,8,8,2,1,85,
3,1,1,2,8,8,3,1,85,
3,1,1,2,8,8,4,1,85,
3,1,1,2,8,8,5,1,85,
3,1,1,2,8,8,6,1,85,
3,1,1,2,8,8,7,1,85,
3,1,1,2,8,8,8,1,85,
4,1,1,2,8,8,1,1,85,
4,1,1,2,8,8,2,1,85,
4,1,1,2,8,8,3,1,85,
4,1,1,2,8,8,4,1,85,
4,1,1,2,8,8,5,1,85,
4,1,1,2,8,8,6,1,85,
4,1,1,2,8,8,7,1,85,
4,1,1,2,8,8,8,1,85,
5,1,1,2,8,8,1,1,85,
5,1,1,2,8,8,2,1,85,
5,1,1,2,8,8,3,1,85,
5,1,1,2,8,8,4,1,85,
5,1,1,2,8,8,5,1,85,
5,1,1,2,8,8,6,1,85,
5,1,1,2,8,8,7,1,85,
5,1,1,2,8,8,8,1,85,
6,1,1,2,8,8,1,1,85,
6,1,1,2,8,8,2,1,85,
6,1,1,2,8,8,3,1,85,
6,1,1,2,8,8,4,1,85,
6,1,1,2,8,8,5,1,85,
6,1,1,2,8,8,6,1,85,
6,1,1,2,8,8,7,1,85,
6,1,1,2,8,8,8,1,85,
7,1,1,2,8,8,1,1,85,
7,1,1,2,8,8,2,1,85,
7,1,1,2,8,8,3,1,85,
7,1,1,2,8,8,4,1,85,
7,1,1,2,8,8,5,1,85,
7,1,1,2,8,8,6,1,85,
7,1,1,2,8,8,7,1,85,
7,1,1,2,8,8,8,1,85,
8,1,1,2,8,8,1,1,85,
8,1,1,2,8,8,2,1,85,
8,1,1,2,8,8,3,1,85,
8,1,1,2,8,8,4,1,85,
8,1,1,2,8,8,5,1,85,
8,1,1,2,8,8,6,1,85,
8,1,1,2,8,8,7,1,85,
8,1,1,2,8,8,8,1,85,
1,1,1,3,8,8,1,1,92,
1,1,1,3,8,8,2,1,92,
1,1,1,3,8,8,3,1,92,
1,1,1,3,8,8,4,1,92,
1,1,1,3,8,8,5,1,92,
1,1,1,3,8,8,6,1,92,
1,1,1,3,8,8,7,1,92,
1,1,1,3,8,8,8,1,92,
2,1,1,3,8,8,1,1,92,
2,1,1,3,8,8,2,1,92,
2,1,1,3,8,8,3,1,92,
2,1,1,3,8,8,4,1,92,
2,1,1,3,8,8,5,1,92,
2,1,1,3,8,8,6,1,92,
2,1,1,3,8,8,7,1,92,
2,1,1,3,8,8,8,1,92,
3,1,1,3,8,8,1,1,92,
3,1,1,3,8,8,2,1,92,
3,1,1,3,8,8,3,1,92,
3,1,1,3,8,8,4,1,92,
3,1,1,3,8,8,5,1,92,
3,1,1,3,8,8,6,1,92,
3,1,1,3,8,8,7,1,92,
3,1,1,3,8,8,8,1,92,
4,1,1,3,8,8,1,1,92,
4,1,1,3,8,8,2,1,92,
4,1,1,3,8,8,3,1,92,
4,1,1,3,8,8,4,1,92,
4,1,1,3,8,8,5,1,92,
4,1,1,3,8,8,6,1,92,
4,1,1,3,8,8,7,1,92,
4,1,1,3,8,8,8,1,92,
5,1,1,3,8,8,1,1,92,
5,1,1,3,8,8,2,1,92,
5,1,1,3,8,8,3,1,92,
5,1,1,3,8,8,4,1,92,
5,1,1,3,8,8,5,1,92,
5,1,1,3,8,8,6,1,92,
5,1,1,3,8,8,7,1,92,
5,1,1,3,8,8,8,1,92,
6,1,1,3,8,8,1,1,92,
6,1,1,3,8,8,2,1,92,
6,1,1,3,8,8,3,1,92,
6,1,1,3,8,8,4,1,92,
6,1,1,3,8,8,5,1,92,
6,1,1,3,8,8,6,1,92,
6,1,1,3,8,8,7,1,92,
6,1,1,3,8,8,8,1,92,
7,1,1,3,8,8,1,1,92,
7,1,1,3,8,8,2,1,92,
7,1,1,3,8,8,3,1,92,
7,1,1,3,8,8,4,1,92,
7,1,1,3,8,8,5,1,92,
7,1,1,3,8,8,6,1,92,
7,1,1,3,8,8,7,1,92,
7,1,1,3,8,8,8,1,92,
8,1,1,3,8,8,1,1,92,
8,1,1,3,8,8,2,1,92,
8,1,1,3,8,8,3,1,92,
8,1,1,3,8,8,4,1,92,
8,1,1,3,8,8,5,1,92,
8,1,1,3,8,8,6,1,92,
8,1,1,3,8,8,7,1,92,
8,1,1,3,8,8,8,1,92,
1,1,1,4,8,8,1,1,99,
1,1,1,4,8,8,2,1,99,
1,1,1,4,8,8,3,1,99,
1,1,1,4,8,8,4,1,99,
1,1,1,4,8,8,5,1,99,
1,1,1,4,8,8,6,1,99,
1,1,1,4,8,8,7,1,99,
1,1,1,4,8,8,8,1,99,
2,1,1,4,8,8,1,1,99,
2,1,1,4,8,8,2,1,99,
2,1,1,4,8,8,3,1,99,
2,1,1,4,8,8,4,1,99,
2,1,1,4,8,8,5,1,99,
2,1,1,4,8,8,6,1,99,
2,1,1,4,8,8,7,1,99,
2,1,1,4,8,8,8,1,99,
3,1,1,4,8,8,1,1,99,
3,1,1,4,8,8,2,1,99,
3,1,1,4,8,8,3,1,99,
3,1,1,4,8,8,4,1,99,
3,1,1,4,8,8,5,1,99,
3,1,1,4,8,8,6,1,99,
3,1,1,4,8,8,7,1,99,
3,1,1,4,8,8,8,1,99,
4,1,1,4,8,8,1,1,99,
4,1,1,4,8,8,2,1,99,
4,1,1,4,8,8,3,1,99,
4,1,1,4,8,8,4,1,99,
4,1,1,4,8,8,5,1,99,
4,1,1,4,8,8,6,1,99,
4,1,1,4,8,8,7,1,99,
4,1,1,4,8,8,8,1,99,
5,1,1,4,8,8,1,1,99,
5,1,1,4,8,8,2,1,99,
5,1,1,4,8,8,3,1,99,
5,1,1,4,8,8,4,1,99,
5,1,1,4,8,8,5,1,99,
5,1,1,4,8,8,6,1,99,
5,1,1,4,8,8,7,1,99,
5,1,1,4,8,8,8,1,99,
6,1,1,4,8,8,1,1,99,
6,1,1,4,8,8,2,1,99,
6,1,1,4,8,8,3,1,99,
6,1,1,4,8,8,4,1,99,
6,1,1,4,8,8,5,1,99,
6,1,1,4,8,8,6,1,99,
6,1,1,4,8,8,7,1,99,
6,1,1,4,8,8,8,1,99,
7,1,1,4,8,8,1,1,99,
7,1,1,4,8,8,2,1,99,
7,1,1,4,8,8,3,1,99,
7,1,1,4,8,8,4,1,99,
7,1,1,4,8,8,5,1,99,
7,1,1,4,8,8,6,1,99,
7,1,1,4,8,8,7,1,99,
7,1,1,4,8,8,8,1,99,
8,1,1,4,8,8,1,1,99,
8,1,1,4,8,8,2,1,99,
8,1,1,4,8,8,3,1,99,
8,1,1,4,8,8,4,1,99,
8,1,1,4,8,8,5,1,99,
8,1,1,4,8,8,6,1,99,
8,1,1,4,8,8,7,1,99,
8,1,1,4,8,8,8,1,99,
1,1,1,5,8,8,1,1,106,
1,1,1,5,8,8,2,1,106,
1,1,1,5,8,8,3,1,106,
1,1,1,5,8,8,4,1,106,
1,1,1,5,8,8,5,1,106,
1,1,1,5,8,8,6,1,106,
1,1,1,5,8,8,7,1,106,
1,1,1,5,8,8,8,1,106,
2,1,1,5,8,8,1,1,106,
2,1,1,5,8,8,2,1,106,
2,1,1,5,8,8,3,1,106,
2,1,1,5,8,8,4,1,106,
2,1,1,5,8,8,5,1,106,
2,1,1,5,8,8,6,1,106,
2,1,1,5,8,8,7,1,106,
2,1,1,5,8,8,8,1,106,
3,1,1,5,8,8,1,1,106,
3,1,1,5,8,8,2,1,106,
3,1,1,5,8,8,3,1,106,
3,1,1,5,8,8,4,1,106,
3,1,1,5,8,8,5,1,106,
3,1,1,5,8,8,6,1,106,
3,1,1,5,8,8,7,1,106,
3,1,1,5,8,8,8,1,106,
4,1,1,5,8,8,1,1,106,
4,1,1,5,8,8,2,1,106,
4,1,1,5,8,8,3,1,106,
4,1,1,5,8,8,4,1,106,
4,1,1,5,8,8,5,1,106,
4,1,1,5,8,8,6,1,106,
4,1,1,5,8,8,7,1,106,
4,1,1,5,8,8,8,1,106,
5,1,1,5,8,8,1,1,106,
5,1,1,5,8,8,2,1,106,
5,1,1,5,8,8,3,1,106,
5,1,1,5,8,8,4,1,106,
5,1,1,5,8,8,5,1,106,
5,1,1,5,8,8,6,1,106,
5,1,1,5,8,8,7,1,106,
5,1,1,5,8,8,8,1,106,
6,1,1,5,8,8,1,1,106,
6,1,1,5,8,8,2,1,106,
6,1,1,5,8,8,3,1,106,
6,1,1,5,8,8,4,1,106,
6,1,1,5,8,8,5,1,106,
6,1,1,5,8,8,6,1,106,
6,1,1,5,8,8,7,1,106,
6,1,1,5,8,8,8,1,106,
7,1,1,5,8,8,1,1,106,
7,1,1,5,8,8,2,1,106,
7,1,1,5,8,8,3,1,106,
7,1,1,5,8,8,4,1,106,
7,1,1,5,8,8,5,1,106,
7,1,1,5,8,8,6,1,106,
7,1,1,5,8,8,7,1,106,
7,1,1,5,8,8,8,1,106,
8,1,1,5,8,8,1,1,106,
8,1,1,5,8,8,2,1,106,
8,1,1,5,8,8,3,1,106,
8,1,1,5,8,8,4,1,106,
8,1,1,5,8,8,5,1,106,
8,1,1,5,8,8,6,1,106,
8,1,1,5,8,8,7,1,106,
8,1,1,5,8,8,8,1,106,
1,1,1,6,8,8,1,1,113,
1,1,1,6,8,8,2,1,113,
1,1,1,6,8,8,3,1,113,
1,1,1,6,8,8,4,1,113,
1,1,1,6,8,8,5,1,113,
1,1,1,6,8,8,6,1,113,
1,1,1,6,8,8,7,1,113,
1,1,1,6,8,8,8,1,113,
2,1,1,6,8,8,1,1,113,
2,1,1,6,8,8,2,1,113,
2,1,1,6,8,8,3,1,113,
2,1,1,6,8,8,4,1,113,
2,1,1,6,8,8,5,1,113,
2,1,1,6,8,8,6,1,113,
2,1,1,6,8,8,7,1,113,
2,1,1,6,8,8,8,1,113,
3,1,1,6,8,8,1,1,113,
3,1,1,6,8,8,2,1,113,
3,1,1,6,8,8,3,1,113,
3,1,1,6,8,8,4,1,113,
3,1,1,6,8,8,5,1,113,
3,1,1,6,8,8,6,1,113,
3,1,1,6,8,8,7,1,113,
3,1,1,6,8,8,8,1,113,
4,1,1,6,8,8,1,1,113,
4,1,1,6,8,8,2,1,113,
4,1,1,6,8,8,3,1,113,
4,1,1,6,8,8,4,1,113,
4,1,1,6,8,8,5,1,113,
4,1,1,6,8,8,6,1,113,
4,1,1,6,8,8,7,1,113,
4,1,1,6,8,8,8,1,113,
5,1,1,6,8,8,1,1,113,
5,1,1,6,8,8,2,1,113,
5,1,1,6,8,8,3,1,113,
5,1,1,6,8,8,4,1,113,
5,1,1,6,8,8,5,1,113,
5,1,1,6,8,8,6,1,113,
5,1,1,6,8,8,7,1,113,
5,1,1,6,8,8,8,1,113,
6,1,1,6,8,8,1,1,113,
6,1,1,6,8,8,2,1,113,
6,1,1,6,8,8,3,1,113,
6,1,1,6,8,8,4,1,113,
6,1,1,6,8,8,5,1,113,
6,1,1,6,8,8,6,1,113,
6,1,1,6,8,8,7,1,113,
6,1,1,6,8,8,8,1,113,
7,1,1,6,8,8,1,1,113,
7,1,1,6,8,8,2,1,113,
7,1,1,6,8,8,3,1,113,
7,1,1,6,8,8,4,1,113,
7,1,1,6,8,8,5,1,113,
7,1,1,6,8,8,6,1,113,
7,1,1,6,8,8,7,1,113,
7,1,1,6,8,8,8,1,113,
8,1,1,6,8,8,1,1,113,
8,1,1,6,8,8,2,1,113,
8,1,1,6,8,8,3,1,113,
8,1,1,6,8,8,4,1,113,
8,1,1,6,8,8,5,1,113,
8,1,1,6,8,8,6,1,113,
8,1,1,6,8,8,7,1,113,
8,1,1,6,8,8,8,1,113,
1,1,1,7,8,8,1,1,120,
1,1,1,7,8,8,2,1,120,
1,1,1,7,8,8,3,1,120,
1,1,1,7,8,8,4,1,120,
1,1,1,7,8,8,5,1,120,
1,1,1,7,8,8,6,1,120,
1,1,1,7,8,8,7,1,120,
1,1,1,7,8,8,8,1,120,
2,1,1,7,8,8,1,1,120,
2,1,1,7,8,8,2,1,120,
2,1,1,7,8,8,3,1,120,
2,1,1,7,8,8,4,1,120,
2,1,1,7,8,8,5,1,120,
2,1,1,7,8,8,6,1,120,
2,1,1,7,8,8,7,1,120,
2,1,1,7,8,8,8,1,120,
3,1,1,7,8,8,1,1,120,
3,1,1,7,8,8,2,1,120,
3,1,1,7,8,8,3,1,120,
3,1,1,7,8,8,4,1,120,
3,1,1,7,8,8,5,1,120,
3,1,1,7,8,8,6,1,120,
3,1,1,7,8,8,7,1,120,
3,1,1,7,8,8,8,1,120,
4,1,1,7,8,8,1,1,120,
4,1,1,7,8,8,2,1,120,
4,1,1,7,8,8,3,1,120,
4,1,1,7,8,8,4,1,120,
4,1,1,7,8,8,5,1,120,
4,1,1,7,8,8,6,1,120,
4,1,1,7,8,8,7,1,120,
4,1,1,7,8,8,8,1,120,
5,1,1,7,8,8,1,1,120,
5,1,1,7,8,8,2,1,120,
5,1,1,7,8,8,3,1,120,
5,1,1,7,8,8,4,1,120,
5,1,1,7,8,8,5,1,120,
5,1,1,7,8,8,6,1,120,
5,1,1,7,8,8,7,1,120,
5,1,1,7,8,8,8,1,120,
6,1,1,7,8,8,1,1,120,
6,1,1,7,8,8,2,1,120,
6,1,1,7,8,8,3,1,120,
6,1,1,7,8,8,4,1,120,
6,1,1,7,8,8,5,1,120,
6,1,1,7,8,8,6,1,120,
6,1,1,7,8,8,7,1,120,
6,1,1,7,8,8,8,1,120,
7,1,1,7,8,8,1,1,120,
7,1,1,7,8,8,2,1,120,
7,1,1,7,8,8,3,1,120,
7,1,1,7,8,8,4,1,120,
7,1,1,7,8,8,5,1,120,
7,1,1,7,8,8,6,1,120,
7,1,1,7,8,8,7,1,120,
7,1,1,7,8,8,8,1,120,
8,1,1,7,8,8,1,1,120,
8,1,1,7,8,8,2,1,120,
8,1,1,7,8,8,3,1,120,
8,1,1,7,8,8,4,1,120,
8,1,1,7,8,8,5,1,120,
8,1,1,7,8,8,6,1,120,
8,1,1,7,8,8,7,1,120,
8,1,1,7,8,8,8,1,120,
1,1,1,8,8,8,1,1,127,
1,1,1,8,8,8,2,1,127,
1,1,1,8,8,8,3,1,127,
1,1,1,8,8,8,4,1,127,
1,1,1,8,8,8,5,1,127,
1,1,1,8,8,8,6,1,127,
1,1,1,8,8,8,7,1,127,
1,1,1,8,8,8,8,1,127,
2,1,1,8,8,8,1,1,127,
2,1,1,8,8,8,2,1,127,
2,1,1,8,8,8,3,1,127,
2,1,1,8,8,8,4,1,127,
2,1,1,8,8,8,5,1,127,
2,1,1,8,8,8,6,1,127,
2,1,1,8,8,8,7,1,127,
2,1,1,8,8,8,8,1,127,
3,1,1,8,8,8,1,1,127,
3,1,1,8,8,8,2,1,127,
3,1,1,8,8,8,3,1,127,
3,1,1,8,8,8,4,1,127,
3,1,1,8,8,8,5,1,127,
3,1,1,8,8,8,6,1,127,
3,1,1,8,8,8,7,1,127,
3,1,1,8,8,8,8,1,127,
4,1,1,8,8,8,1,1,127,
4,1,1,8,8,8,2,1,127,
4,1,1,8,8,8,3,1,127,
4,1,1,8,8,8,4,1,127,
4,1,1,8,8,8,5,1,127,
4,1,1,8,8,8,6,1,127,
4,1,1,8,8,8,7,1,127,
4,1,1,8,8,8,8,1,127,
5,1,1,8,8,8,1,1,127,
5,1,1,8,8,8,2,1,127,
5,1,1,8,8,8,3,1,127,
5,1,1,8,8,8,4,1,127,
5,1,1,8,8,8,5,1,127,
5,1,1,8,8,8,6,1,127,
5,1,1,8,8,8,7,1,127,
5,1,1,8,8,8,8,1,127,
6,1,1,8,8,8,1,1,127,
6,1,1,8,8,8,2,1,127,
6,1,1,8,8,8,3,1,127,
6,1,1,8,8,8,4,1,127,
6,1,1,8,8,8,5,1,127,
6,1,1,8,8,8,6,1,127,
6,1,1,8,8,8,7,1,127,
6,1,1,8,8,8,8,1,127,
7,1,1,8,8,8,1,1,127,
7,1,1,8,8,8,2,1,127,
7,1,1,8,8,8,3,1,127,
7,1,1,8,8,8,4,1,127,
7,1,1,8,8,8,5,1,127,
7,1,1,8,8,8,6,1,127,
7,1,1,8,8,8,7,1,127,
7,1,1,8,8,8,8,1,127,
8,1,1,8,8,8,1,1,127,
8,1,1,8,8,8,2,1,127,
8,1,1,8,8,8,3,1,127,
8,1,1,8,8,8,4,1,127,
8,1,1,8,8,8,5,1,127,
8,1,1,8,8,8,6,1,127,
8,1,1,8,8,8,7,1,127,
8,1,1,8,8,8,8,1,127,
1,1,2,1,8,8,1,1,83,
1,1,2,1,8,8,2,1,83,
1,1,2,1,8,8,3,1,83,
1,1,2,1,8,8,4,1,83,
1,1,2,1,8,8,5,1,83,
1,1,2,1,8,8,6,1,83,
1,1,2,1,8,8,7,1,83,
1,1,2,1,8,8,8,1,83,
2,1,2,1,8,8,1,1,83,
2,1,2,1,8,8,2,1,83,
2,1,2,1,8,8,3,1,83,
2,1,2,1,8,8,4,1,83,
2,1,2,1,8,8,5,1,83,
2,1,2,1,8,8,6,1,83,
2,1,2,1,8,8,7,1,83,
2,1,2,1,8,8,8,1,83,
3,1,2,1,8,8,1,1,83,
3,1,2,1,8,8,2,1,83,
3,1,2,1,8,8,3,1,83,
3,1,2,1,8,8,4,1,83,
3,1,2,1,8,8,5,1,83,
3,1,2,1,8,8,6,1,83,
3,1,2,1,8,8,7,1,83,
3,1,2,1,8,8,8,1,83,
4,1,2,1,8,8,1,1,83,
4,1,2,1,8,8,2,1,83,
4,1,2,1,8,8,3,1,83,
4,1,2,1,8,8,4,1,83,
4,1,2,1,8,8,5,1,83,
4,1,2,1,8,8,6,1,83,
4,1,2,1,8,8,7,1,83,
4,1,2,1,8,8,8,1,83,
5,1,2,1,8,8,1,1,83,
5,1,2,1,8,8,2,1,83,
5,1,2,1,8,8,3,1,83,
5,1,2,1,8,8,4,1,83,
5,1,2,1,8,8,5,1,83,
5,1,2,1,8,8,6,1,83,
5,1,2,1,8,8,7,1,83,
5,1,2,1,8,8,8,1,83,
6,1,2,1,8,8,1,1,83,
6,1,2,1,8,8,2,1,83,
6,1,2,1,8,8,3,1,83,
6,1,2,1,8,8,4,1,83,
6,1,2,1,8,8,5,1,83,
6,1,2,1,8,8,6,1,83,
6,1,2,1,8,8,7,1,83,
6,1,2,1,8,8,8,1,83,
7,1,2,1,8,8,1,1,83,
7,1,2,1,8,8,2,1,83,
7,1,2,1,8,8,3,1,83,
7,1,2,1,8,8,4,1,83,
7,1,2,1,8,8,5,1,83,
7,1,2,1,8,8,6,1,83,
7,1,2,1,8,8,7,1,83,
7,1,2,1,8,8,8,1,83,
8,1,2,1,8,8,1,1,83,
8,1,2,1,8,8,2,1,83,
8,1,2,1,8,8,3,1,83,
8,1,2,1,8,8,4,1,83,
8,1,2,1,8,8,5,1,83,
8,1,2,1,8,8,6,1,83,
8,1,2,1,8,8,7,1,83,
8,1,2,1,8,8,8,1,83,
1,1,2,2,8,8,1,1,95,
1,1,2,2,8,8,2,1,95,
1,1,2,2,8,8,3,1,95,
1,1,2,2,8,8,4,1,95,
1,1,2,2,8,8,5,1,95,
1,1,2,2,8,8,6,1,95,
1,1,2,2,8,8,7,1,95,
1,1,2,2,8,8,8,1,95,
2,1,2,2,8,8,1,1,95,
2,1,2,2,8,8,2,1,95,
2,1,2,2,8,8,3,1,95,
2,1,2,2,8,8,4,1,95,
2,1,2,2,8,8,5,1,95,
2,1,2,2,8,8,6,1,95,
2,1,2,2,8,8,7,1,95,
2,1,2,2,8,8,8,1,95,
3,1,2,2,8,8,1,1,95,
3,1,2,2,8,8,2,1,95,
3,1,2,2,8,8,3,1,95,
3,1,2,2,8,8,4,1,95,
3,1,2,2,8,8,5,1,95,
3,1,2,2,8,8,6,1,95,
3,1,2,2,8,8,7,1,95,
3,1,2,2,8,8,8,1,95,
4,1,2,2,8,8,1,1,95,
4,1,2,2,8,8,2,1,95,
4,1,2,2,8,8,3,1,95,
4,1,2,2,8,8,4,1,95,
4,1,2,2,8,8,5,1,95,
4,1,2,2,8,8,6,1,95,
4,1,2,2,8,8,7,1,95,
4,1,2,2,8,8,8,1,95,
5,1,2,2,8,8,1,1,95,
5,1,2,2,8,8,2,1,95,
5,1,2,2,8,8,3,1,95,
5,1,2,2,8,8,4,1,95,
5,1,2,2,8,8,5,1,95,
5,1,2,2,8,8,6,1,95,
5,1,2,2,8,8,7,1,95,
5,1,2,2,8,8,8,1,95,
6,1,2,2,8,8,1,1,95,
6,1,2,2,8,8,2,1,95,
6,1,2,2,8,8,3,1,95,
6,1,2,2,8,8,4,1,95,
6,1,2,2,8,8,5,1,95,
6,1,2,2,8,8,6,1,95,
6,1,2,2,8,8,7,1,95,
6,1,2,2,8,8,8,1,95,
7,1,2,2,8,8,1,1,95,
7,1,2,2,8,8,2,1,95,
7,1,2,2,8,8,3,1,95,
7,1,2,2,8,8,4,1,95,
7,1,2,2,8,8,5,1,95,
7,1,2,2,8,8,6,1,95,
7,1,2,2,8,8,7,1,95,
7,1,2,2,8,8,8,1,95,
8,1,2,2,8,8,1,1,95,
8,1,2,2,8,8,2,1,95,
8,1,2,2,8,8,3,1,95,
8,1,2,2,8,8,4,1,95,
8,1,2,2,8,8,5,1,95,
8,1,2,2,8,8,6,1,95,
8,1,2,2,8,8,7,1,95,
8,1,2,2,8,8,8,1,95,
1,1,2,3,8,8,1,1,107,
1,1,2,3,8,8,2,1,107,
1,1,2,3,8,8,3,1,107,
1,1,2,3,8,8,4,1,107,
1,1,2,3,8,8,5,1,107,
1,1,2,3,8,8,6,1,107,
1,1,2,3,8,8,7,1,107,
1,1,2,3,8,8,8,1,107,
2,1,2,3,8,8,1,1,107,
2,1,2,3,8,8,2,1,107,
2,1,2,3,8,8,3,1,107,
2,1,2,3,8,8,4,1,107,
2,1,2,3,8,8,5,1,107,
2,1,2,3,8,8,6,1,107,
2,1,2,3,8,8,7,1,107,
2,1,2,3,8,8,8,1,107,
3,1,2,3,8,8,1,1,107,
3,1,2,3,8,8,2,1,107,
3,1,2,3,8,8,3,1,107,
3,1,2,3,8,8,4,1,107,
3,1,2,3,8,8,5,1,107,
3,1,2,3,8,8,6,1,107,
3,1,2,3,8,8,7,1,107,
3,1,2,3,8,8,8,1,107,
4,1,2,3,8,8,1,1,107,
4,1,2,3,8,8,2,1,107,
4,1,2,3,8,8,3,1,107,
4,1,2,3,8,8,4,1,107,
4,1,2,3,8,8,5,1,107,
4,1,2,3,8,8,6,1,107,
4,1,2,3,8,8,7,1,107,
4,1,2,3,8,8,8,1,107,
5,1,2,3,8,8,1,1,107,
5,1,2,3,8,8,2,1,107,
5,1,2,3,8,8,3,1,107,
5,1,2,3,8,8,4,1,107,
5,1,2,3,8,8,5,1,107,
5,1,2,3,8,8,6,1,107,
5,1,2,3,8,8,7,1,107,
5,1,2,3,8,8,8,1,107,
6,1,2,3,8,8,1,1,107,
6,1,2,3,8,8,2,1,107,
6,1,2,3,8,8,3,1,107,
6,1,2,3,8,8,4,1,107,
6,1,2,3,8,8,5,1,107,
6,1,2,3,8,8,6,1,107,
6,1,2,3,8,8,7,1,107,
6,1,2,3,8,8,8,1,107,
7,1,2,3,8,8,1,1,107,
7,1,2,3,8,8,2,1,107,
7,1,2,3,8,8,3,1,107,
7,1,2,3,8,8,4,1,107,
7,1,2,3,8,8,5,1,107,
7,1,2,3,8,8,6,1,107,
7,1,2,3,8,8,7,1,107,
7,1,2,3,8,8,8,1,107,
8,1,2,3,8,8,1,1,107,
8,1,2,3,8,8,2,1,107,
8,1,2,3,8,8,3,1,107,
8,1,2,3,8,8,4,1,107,
8,1,2,3,8,8,5,1,107,
8,1,2,3,8,8,6,1,107,
8,1,2,3,8,8,7,1,107,
8,1,2,3,8,8,8,1,107,
1,1,2,4,8,8,1,1,119,
1,1,2,4,8,8,2,1,119,
1,1,2,4,8,8,3,1,119,
1,1,2,4,8,8,4,1,119,
1,1,2,4,8,8,5,1,119,
1,1,2,4,8,8,6,1,119,
1,1,2,4,8,8,7,1,119,
1,1,2,4,8,8,8,1,119,
2,1,2,4,8,8,1,1,119,
2,1,2,4,8,8,2,1,119,
2,1,2,4,8,8,3,1,119,
2,1,2,4,8,8,4,1,119,
2,1,2,4,8,8,5,1,119,
2,1,2,4,8,8,6,1,119,
2,1,2,4,8,8,7,1,119,
2,1,2,4,8,8,8,1,119,
3,1,2,4,8,8,1,1,119,
3,1,2,4,8,8,2,1,119,
3,1,2,4,8,8,3,1,119,
3,1,2,4,8,8,4,1,119,
3,1,2,4,8,8,5,1,119,
3,1,2,4,8,8,6,1,119,
3,1,2,4,8,8,7,1,119,
3,1,2,4,8,8,8,1,119,
4,1,2,4,8,8,1,1,119,
4,1,2,4,8,8,2,1,119,
4,1,2,4,8,8,3,1,119,
4,1,2,4,8,8,4,1,119,
4,1,2,4,8,8,5,1,119,
4,1,2,4,8,8,6,1,119,
4,1,2,4,8,8,7,1,119,
4,1,2,4,8,8,8,1,119,
5,1,2,4,8,8,1,1,119,
5,1,2,4,8,8,2,1,119,
5,1,2,4,8,8,3,1,119,
5,1,2,4,8,8,4,1,119,
5,1,2,4,8,8,5,1,119,
5,1,2,4,8,8,6,1,119,
5,1,2,4,8,8,7,1,119,
5,1,2,4,8,8,8,1,119,
6,1,2,4,8,8,1,1,119,
6,1,2,4,8,8,2,1,119,
6,1,2,4,8,8,3,1,119,
6,1,2,4,8,8,4,1,119,
6,1,2,4,8,8,5,1,119,
6,1,2,4,8,8,6,1,119,
6,1,2,4,8,8,7,1,119,
6,1,2,4,8,8,8,1,119,
7,1,2,4,8,8,1,1,119,
7,1,2,4,8,8,2,1,119,
7,1,2,4,8,8,3,1,119,
7,1,2,4,8,8,4,1,119,
7,1,2,4,8,8,5,1,119,
7,1,2,4,8,8,6,1,119,
7,1,2,4,8,8,7,1,119,
7,1,2,4,8,8,8,1,119,
8,1,2,4,8,8,1,1,119,
8,1,2,4,8,8,2,1,119,
8,1,2,4,8,8,3,1,119,
8,1,2,4,8,8,4,1,119,
8,1,2,4,8,8,5,1,119,
8,1,2,4,8,8,6,1,119,
8,1,2,4,8,8,7,1,119,
8,1,2,4,8,8,8,1,119,
1,1,2,5,8,8,1,1,131,
1,1,2,5,8,8,2,1,131,
1,1,2,5,8,8,3,1,131,
1,1,2,5,8,8,4,1,131,
1,1,2,5,8,8,5,1,131,
1,1,2,5,8,8,6,1,131,
1,1,2,5,8,8,7,1,131,
1,1,2,5,8,8,8,1,131,
2,1,2,5,8,8,1,1,131,
2,1,2,5,8,8,2,1,131,
2,1,2,5,8,8,3,1,131,
2,1,2,5,8,8,4,1,131,
2,1,2,5,8,8,5,1,131,
2,1,2,5,8,8,6,1,131,
2,1,2,5,8,8,7,1,131,
2,1,2,5,8,8,8,1,131,
3,1,2,5,8,8,1,1,131,
3,1,2,5,8,8,2,1,131,
3,1,2,5,8,8,3,1,131,
3,1,2,5,8,8,4,1,131,
3,1,2,5,8,8,5,1,131,
3,1,2,5,8,8,6,1,131,
3,1,2,5,8,8,7,1,131,
3,1,2,5,8,8,8,1,131,
4,1,2,5,8,8,1,1,131,
4,1,2,5,8,8,2,1,131,
4,1,2,5,8,8,3,1,131,
4,1,2,5,8,8,4,1,131,
4,1,2,5,8,8,5,1,131,
4,1,2,5,8,8,6,1,131,
4,1,2,5,8,8,7,1,131,
4,1,2,5,8,8,8,1,131,
5,1,2,5,8,8,1,1,131,
5,1,2,5,8,8,2,1,131,
5,1,2,5,8,8,3,1,131,
5,1,2,5,8,8,4,1,131,
5,1,2,5,8,8,5,1,131,
5,1,2,5,8,8,6,1,131,
5,1,2,5,8,8,7,1,131,
5,1,2,5,8,8,8,1,131,
6,1,2,5,8,8,1,1,131,
6,1,2,5,8,8,2,1,131,
6,1,2,5,8,8,3,1,131,
6,1,2,5,8,8,4,1,131,
6,1,2,5,8,8,5,1,131,
6,1,2,5,8,8,6,1,131,
6,1,2,5,8,8,7,1,131,
6,1,2,5,8,8,8,1,131,
7,1,2,5,8,8,1,1,131,
7,1,2,5,8,8,2,1,131,
7,1,2,5,8,8,3,1,131,
7,1,2,5,8,8,4,1,131,
7,1,2,5,8,8,5,1,131,
7,1,2,5,8,8,6,1,131,
7,1,2,5,8,8,7,1,131,
7,1,2,5,8,8,8,1,131,
8,1,2,5,8,8,1,1,131,
8,1,2,5,8,8,2,1,131,
8,1,2,5,8,8,3,1,131,
8,1,2,5,8,8,4,1,131,
8,1,2,5,8,8,5,1,131,
8,1,2,5,8,8,6,1,131,
8,1,2,5,8,8,7,1,131,
8,1,2,5,8,8,8,1,131,
1,1,2,6,8,8,1,1,143,
1,1,2,6,8,8,2,1,143,
1,1,2,6,8,8,3,1,143,
1,1,2,6,8,8,4,1,143,
1,1,2,6,8,8,5,1,143,
1,1,2,6,8,8,6,1,143,
1,1,2,6,8,8,7,1,143,
1,1,2,6,8,8,8,1,143,
2,1,2,6,8,8,1,1,143,
2,1,2,6,8,8,2,1,143,
2,1,2,6,8,8,3,1,143,
2,1,2,6,8,8,4,1,143,
2,1,2,6,8,8,5,1,143,
2,1,2,6,8,8,6,1,143,
2,1,2,6,8,8,7,1,143,
2,1,2,6,8,8,8,1,143,
3,1,2,6,8,8,1,1,143,
3,1,2,6,8,8,2,1,143,
3,1,2,6,8,8,3,1,143,
3,1,2,6,8,8,4,1,143,
3,1,2,6,8,8,5,1,143,
3,1,2,6,8,8,6,1,143,
3,1,2,6,8,8,7,1,143,
3,1,2,6,8,8,8,1,143,
4,1,2,6,8,8,1,1,143,
4,1,2,6,8,8,2,1,143,
4,1,2,6,8,8,3,1,143,
4,1,2,6,8,8,4,1,143,
4,1,2,6,8,8,5,1,143,
4,1,2,6,8,8,6,1,143,
4,1,2,6,8,8,7,1,143,
4,1,2,6,8,8,8,1,143,
5,1,2,6,8,8,1,1,143,
5,1,2,6,8,8,2,1,143,
5,1,2,6,8,8,3,1,143,
5,1,2,6,8,8,4,1,143,
5,1,2,6,8,8,5,1,143,
5,1,2,6,8,8,6,1,143,
5,1,2,6,8,8,7,1,143,
5,1,2,6,8,8,8,1,143,
6,1,2,6,8,8,1,1,143,
6,1,2,6,8,8,2,1,143,
6,1,2,6,8,8,3,1,143,
6,1,2,6,8,8,4,1,143,
6,1,2,6,8,8,5,1,143,
6,1,2,6,8,8,6,1,143,
6,1,2,6,8,8,7,1,143,
6,1,2,6,8,8,8,1,143,
7,1,2,6,8,8,1,1,143,
7,1,2,6,8,8,2,1,143,
7,1,2,6,8,8,3,1,143,
7,1,2,6,8,8,4,1,143,
7,1,2,6,8,8,5,1,143,
7,1,2,6,8,8,6,1,143,
7,1,2,6,8,8,7,1,143,
7,1,2,6,8,8,8,1,143,
8,1,2,6,8,8,1,1,143,
8,1,2,6,8,8,2,1,143,
8,1,2,6,8,8,3,1,143,
8,1,2,6,8,8,4,1,143,
8,1,2,6,8,8,5,1,143,
8,1,2,6,8,8,6,1,143,
8,1,2,6,8,8,7,1,143,
8,1,2,6,8,8,8,1,143,
1,1,2,7,8,8,1,1,155,
1,1,2,7,8,8,2,1,155,
1,1,2,7,8,8,3,1,155,
1,1,2,7,8,8,4,1,155,
1,1,2,7,8,8,5,1,155,
1,1,2,7,8,8,6,1,155,
1,1,2,7,8,8,7,1,155,
1,1,2,7,8,8,8,1,155,
2,1,2,7,8,8,1,1,155,
2,1,2,7,8,8,2,1,155,
2,1,2,7,8,8,3,1,155,
2,1,2,7,8,8,4,1,155,
2,1,2,7,8,8,5,1,155,
2,1,2,7,8,8,6,1,155,
2,1,2,7,8,8,7,1,155,
2,1,2,7,8,8,8,1,155,
3,1,2,7,8,8,1,1,155,
3,1,2,7,8,8,2,1,155,
3,1,2,7,8,8,3,1,155,
3,1,2,7,8,8,4,1,155,
3,1,2,7,8,8,5,1,155,
3,1,2,7,8,8,6,1,155,
3,1,2,7,8,8,7,1,155,
3,1,2,7,8,8,8,1,155,
4,1,2,7,8,8,1,1,155,
4,1,2,7,8,8,2,1,155,
4,1,2,7,8,8,3,1,155,
4,1,2,7,8,8,4,1,155,
4,1,2,7,8,8,5,1,155,
4,1,2,7,8,8,6,1,155,
4,1,2,7,8,8,7,1,155,
4,1,2,7,8,8,8,1,155,
5,1,2,7,8,8,1,1,155,
5,1,2,7,8,8,2,1,155,
5,1,2,7,8,8,3,1,155,
5,1,2,7,8,8,4,1,155,
5,1,2,7,8,8,5,1,155,
5,1,2,7,8,8,6,1,155,
5,1,2,7,8,8,7,1,155,
5,1,2,7,8,8,8,1,155,
6,1,2,7,8,8,1,1,155,
6,1,2,7,8,8,2,1,155,
6,1,2,7,8,8,3,1,155,
6,1,2,7,8,8,4,1,155,
6,1,2,7,8,8,5,1,155,
6,1,2,7,8,8,6,1,155,
6,1,2,7,8,8,7,1,155,
6,1,2,7,8,8,8,1,155,
7,1,2,7,8,8,1,1,155,
7,1,2,7,8,8,2,1,155,
7,1,2,7,8,8,3,1,155,
7,1,2,7,8,8,4,1,155,
7,1,2,7,8,8,5,1,155,
7,1,2,7,8,8,6,1,155,
7,1,2,7,8,8,7,1,155,
7,1,2,7,8,8,8,1,155,
8,1,2,7,8,8,1,1,155,
8,1,2,7,8,8,2,1,155,
8,1,2,7,8,8,3,1,155,
8,1,2,7,8,8,4,1,155,
8,1,2,7,8,8,5,1,155,
8,1,2,7,8,8,6,1,155,
8,1,2,7,8,8,7,1,155,
8,1,2,7,8,8,8,1,155,
1,1,2,8,8,8,1,1,167,
1,1,2,8,8,8,2,1,167,
1,1,2,8,8,8,3,1,167,
1,1,2,8,8,8,4,1,167,
1,1,2,8,8,8,5,1,167,
1,1,2,8,8,8,6,1,167,
1,1,2,8,8,8,7,1,167,
1,1,2,8,8,8,8,1,167,
2,1,2,8,8,8,1,1,167,
2,1,2,8,8,8,2,1,167,
2,1,2,8,8,8,3,1,167,
2,1,2,8,8,8,4,1,167,
2,1,2,8,8,8,5,1,167,
2,1,2,8,8,8,6,1,167,
2,1,2,8,8,8,7,1,167,
2,1,2,8,8,8,8,1,167,
3,1,2,8,8,8,1,1,167,
3,1,2,8,8,8,2,1,167,
3,1,2,8,8,8,3,1,167,
3,1,2,8,8,8,4,1,167,
3,1,2,8,8,8,5,1,167,
3,1,2,8,8,8,6,1,167,
3,1,2,8,8,8,7,1,167,
3,1,2,8,8,8,8,1,167,
4,1,2,8,8,8,1,1,167,
4,1,2,8,8,8,2,1,167,
4,1,2,8,8,8,3,1,167,
4,1,2,8,8,8,4,1,167,
4,1,2,8,8,8,5,1,167,
4,1,2,8,8,8,6,1,167,
4,1,2,8,8,8,7,1,167,
4,1,2,8,8,8,8,1,167,
5,1,2,8,8,8,1,1,167,
5,1,2,8,8,8,2,1,167,
5,1,2,8,8,8,3,1,167,
5,1,2,8,8,8,4,1,167,
5,1,2,8,8,8,5,1,167,
5,1,2,8,8,8,6,1,167,
5,1,2,8,8,8,7,1,167,
5,1,2,8,8,8,8,1,167,
6,1,2,8,8,8,1,1,167,
6,1,2,8,8,8,2,1,167,
6,1,2,8,8,8,3,1,167,
6,1,2,8,8,8,4,1,167,
6,1,2,8,8,8,5,1,167,
6,1,2,8,8,8,6,1,167,
6,1,2,8,8,8,7,1,167,
6,1,2,8,8,8,8,1,167,
7,1,2,8,8,8,1,1,167,
7,1,2,8,8,8,2,1,167,
7,1,2,8,8,8,3,1,167,
7,1,2,8,8,8,4,1,167,
7,1,2,8,8,8,5,1,167,
7,1,2,8,8,8,6,1,167,
7,1,2,8,8,8,7,1,167,
7,1,2,8,8,8,8,1,167,
8,1,2,8,8,8,1,1,167,
8,1,2,8,8,8,2,1,167,
8,1,2,8,8,8,3,1,167,
8,1,2,8,8,8,4,1,167,
8,1,2,8,8,8,5,1,167,
8,1,2,8,8,8,6,1,167,
8,1,2,8,8,8,7,1,167,
8,1,2,8,8,8,8,1,167,
1,1,3,1,8,8,1,1,88,
1,1,3,1,8,8,2,1,88,
1,1,3,1,8,8,3,1,88,
1,1,3,1,8,8,4,1,88,
1,1,3,1,8,8,5,1,88,
1,1,3,1,8,8,6,1,88,
1,1,3,1,8,8,7,1,88,
1,1,3,1,8,8,8,1,88,
2,1,3,1,8,8,1,1,88,
2,1,3,1,8,8,2,1,88,
2,1,3,1,8,8,3,1,88,
2,1,3,1,8,8,4,1,88,
2,1,3,1,8,8,5,1,88,
2,1,3,1,8,8,6,1,88,
2,1,3,1,8,8,7,1,88,
2,1,3,1,8,8,8,1,88,
3,1,3,1,8,8,1,1,88,
3,1,3,1,8,8,2,1,88,
3,1,3,1,8,8,3,1,88,
3,1,3,1,8,8,4,1,88,
3,1,3,1,8,8,5,1,88,
3,1,3,1,8,8,6,1,88,
3,1,3,1,8,8,7,1,88,
3,1,3,1,8,8,8,1,88,
4,1,3,1,8,8,1,1,88,
4,1,3,1,8,8,2,1,88,
4,1,3,1,8,8,3,1,88,
4,1,3,1,8,8,4,1,88,
4,1,3,1,8,8,5,1,88,
4,1,3,1,8,8,6,1,88,
4,1,3,1,8,8,7,1,88,
4,1,3,1,8,8,8,1,88,
5,1,3,1,8,8,1,1,88,
5,1,3,1,8,8,2,1,88,
5,1,3,1,8,8,3,1,88,
5,1,3,1,8,8,4,1,88,
5,1,3,1,8,8,5,1,88,
5,1,3,1,8,8,6,1,88,
5,1,3,1,8,8,7,1,88,
5,1,3,1,8,8,8,1,88,
6,1,3,1,8,8,1,1,88,
6,1,3,1,8,8,2,1,88,
6,1,3,1,8,8,3,1,88,
6,1,3,1,8,8,4,1,88,
6,1,3,1,8,8,5,1,88,
6,1,3,1,8,8,6,1,88,
6,1,3,1,8,8,7,1,88,
6,1,3,1,8,8,8,1,88,
7,1,3,1,8,8,1,1,88,
7,1,3,1,8,8,2,1,88,
7,1,3,1,8,8,3,1,88,
7,1,3,1,8,8,4,1,88,
7,1,3,1,8,8,5,1,88,
7,1,3,1,8,8,6,1,88,
7,1,3,1,8,8,7,1,88,
7,1,3,1,8,8,8,1,88,
8,1,3,1,8,8,1,1,88,
8,1,3,1,8,8,2,1,88,
8,1,3,1,8,8,3,1,88,
8,1,3,1,8,8,4,1,88,
8,1,3,1,8,8,5,1,88,
8,1,3,1,8,8,6,1,88,
8,1,3,1,8,8,7,1,88,
8,1,3,1,8,8,8,1,88,
1,1,3,2,8,8,1,1,105,
1,1,3,2,8,8,2,1,105,
1,1,3,2,8,8,3,1,105,
1,1,3,2,8,8,4,1,105,
1,1,3,2,8,8,5,1,105,
1,1,3,2,8,8,6,1,105,
1,1,3,2,8,8,7,1,105,
1,1,3,2,8,8,8,1,105,
2,1,3,2,8,8,1,1,105,
2,1,3,2,8,8,2,1,105,
2,1,3,2,8,8,3,1,105,
2,1,3,2,8,8,4,1,105,
2,1,3,2,8,8,5,1,105,
2,1,3,2,8,8,6,1,105,
2,1,3,2,8,8,7,1,105,
2,1,3,2,8,8,8,1,105,
3,1,3,2,8,8,1,1,105,
3,1,3,2,8,8,2,1,105,
3,1,3,2,8,8,3,1,105,
3,1,3,2,8,8,4,1,105,
3,1,3,2,8,8,5,1,105,
3,1,3,2,8,8,6,1,105,
3,1,3,2,8,8,7,1,105,
3,1,3,2,8,8,8,1,105,
4,1,3,2,8,8,1,1,105,
4,1,3,2,8,8,2,1,105,
4,1,3,2,8,8,3,1,105,
4,1,3,2,8,8,4,1,105,
4,1,3,2,8,8,5,1,105,
4,1,3,2,8,8,6,1,105,
4,1,3,2,8,8,7,1,105,
4,1,3,2,8,8,8,1,105,
5,1,3,2,8,8,1,1,105,
5,1,3,2,8,8,2,1,105,
5,1,3,2,8,8,3,1,105,
5,1,3,2,8,8,4,1,105,
5,1,3,2,8,8,5,1,105,
5,1,3,2,8,8,6,1,105,
5,1,3,2,8,8,7,1,105,
5,1,3,2,8,8,8,1,105,
6,1,3,2,8,8,1,1,105,
6,1,3,2,8,8,2,1,105,
6,1,3,2,8,8,3,1,105,
6,1,3,2,8,8,4,1,105,
6,1,3,2,8,8,5,1,105,
6,1,3,2,8,8,6,1,105,
6,1,3,2,8,8,7,1,105,
6,1,3,2,8,8,8,1,105,
7,1,3,2,8,8,1,1,105,
7,1,3,2,8,8,2,1,105,
7,1,3,2,8,8,3,1,105,
7,1,3,2,8,8,4,1,105,
7,1,3,2,8,8,5,1,105,
7,1,3,2,8,8,6,1,105,
7,1,3,2,8,8,7,1,105,
7,1,3,2,8,8,8,1,105,
8,1,3,2,8,8,1,1,105,
8,1,3,2,8,8,2,1,105,
8,1,3,2,8,8,3,1,105,
8,1,3,2,8,8,4,1,105,
8,1,3,2,8,8,5,1,105,
8,1,3,2,8,8,6,1,105,
8,1,3,2,8,8,7,1,105,
8,1,3,2,8,8,8,1,105,
1,1,3,3,8,8,1,1,122,
1,1,3,3,8,8,2,1,122,
1,1,3,3,8,8,3,1,122,
1,1,3,3,8,8,4,1,122,
1,1,3,3,8,8,5,1,122,
1,1,3,3,8,8,6,1,122,
1,1,3,3,8,8,7,1,122,
1,1,3,3,8,8,8,1,122,
2,1,3,3,8,8,1,1,122,
2,1,3,3,8,8,2,1,122,
2,1,3,3,8,8,3,1,122,
2,1,3,3,8,8,4,1,122,
2,1,3,3,8,8,5,1,122,
2,1,3,3,8,8,6,1,122,
2,1,3,3,8,8,7,1,122,
2,1,3,3,8,8,8,1,122,
3,1,3,3,8,8,1,1,122,
3,1,3,3,8,8,2,1,122,
3,1,3,3,8,8,3,1,122,
3,1,3,3,8,8,4,1,122,
3,1,3,3,8,8,5,1,122,
3,1,3,3,8,8,6,1,122,
3,1,3,3,8,8,7,1,122,
3,1,3,3,8,8,8,1,122,
4,1,3,3,8,8,1,1,122,
4,1,3,3,8,8,2,1,122,
4,1,3,3,8,8,3,1,122,
4,1,3,3,8,8,4,1,122,
4,1,3,3,8,8,5,1,122,
4,1,3,3,8,8,6,1,122,
4,1,3,3,8,8,7,1,122,
4,1,3,3,8,8,8,1,122,
5,1,3,3,8,8,1,1,122,
5,1,3,3,8,8,2,1,122,
5,1,3,3,8,8,3,1,122,
5,1,3,3,8,8,4,1,122,
5,1,3,3,8,8,5,1,122,
5,1,3,3,8,8,6,1,122,
5,1,3,3,8,8,7,1,122,
5,1,3,3,8,8,8,1,122,
6,1,3,3,8,8,1,1,122,
6,1,3,3,8,8,2,1,122,
6,1,3,3,8,8,3,1,122,
6,1,3,3,8,8,4,1,122,
6,1,3,3,8,8,5,1,122,
6,1,3,3,8,8,6,1,122,
6,1,3,3,8,8,7,1,122,
6,1,3,3,8,8,8,1,122,
7,1,3,3,8,8,1,1,122,
7,1,3,3,8,8,2,1,122,
7,1,3,3,8,8,3,1,122,
7,1,3,3,8,8,4,1,122,
7,1,3,3,8,8,5,1,122,
7,1,3,3,8,8,6,1,122,
7,1,3,3,8,8,7,1,122,
7,1,3,3,8,8,8,1,122,
8,1,3,3,8,8,1,1,122,
8,1,3,3,8,8,2,1,122,
8,1,3,3,8,8,3,1,122,
8,1,3,3,8,8,4,1,122,
8,1,3,3,8,8,5,1,122,
8,1,3,3,8,8,6,1,122,
8,1,3,3,8,8,7,1,122,
8,1,3,3,8,8,8,1,122,
1,1,3,4,8,8,1,1,139,
1,1,3,4,8,8,2,1,139,
1,1,3,4,8,8,3,1,139,
1,1,3,4,8,8,4,1,139,
1,1,3,4,8,8,5,1,139,
1,1,3,4,8,8,6,1,139,
1,1,3,4,8,8,7,1,139,
1,1,3,4,8,8,8,1,139,
2,1,3,4,8,8,1,1,139,
2,1,3,4,8,8,2,1,139,
2,1,3,4,8,8,3,1,139,
2,1,3,4,8,8,4,1,139,
2,1,3,4,8,8,5,1,139,
2,1,3,4,8,8,6,1,139,
2,1,3,4,8,8,7,1,139,
2,1,3,4,8,8,8,1,139,
3,1,3,4,8,8,1,1,139,
3,1,3,4,8,8,2,1,139,
3,1,3,4,8,8,3,1,139,
3,1,3,4,8,8,4,1,139,
3,1,3,4,8,8,5,1,139,
3,1,3,4,8,8,6,1,139,
3,1,3,4,8,8,7,1,139,
3,1,3,4,8,8,8,1,139,
4,1,3,4,8,8,1,1,139,
4,1,3,4,8,8,2,1,139,
4,1,3,4,8,8,3,1,139,
4,1,3,4,8,8,4,1,139,
4,1,3,4,8,8,5,1,139,
4,1,3,4,8,8,6,1,139,
4,1,3,4,8,8,7,1,139,
4,1,3,4,8,8,8,1,139,
5,1,3,4,8,8,1,1,139,
5,1,3,4,8,8,2,1,139,
5,1,3,4,8,8,3,1,139,
5,1,3,4,8,8,4,1,139,
5,1,3,4,8,8,5,1,139,
5,1,3,4,8,8,6,1,139,
5,1,3,4,8,8,7,1,139,
5,1,3,4,8,8,8,1,139,
6,1,3,4,8,8,1,1,139,
6,1,3,4,8,8,2,1,139,
6,1,3,4,8,8,3,1,139,
6,1,3,4,8,8,4,1,139,
6,1,3,4,8,8,5,1,139,
6,1,3,4,8,8,6,1,139,
6,1,3,4,8,8,7,1,139,
6,1,3,4,8,8,8,1,139,
7,1,3,4,8,8,1,1,139,
7,1,3,4,8,8,2,1,139,
7,1,3,4,8,8,3,1,139,
7,1,3,4,8,8,4,1,139,
7,1,3,4,8,8,5,1,139,
7,1,3,4,8,8,6,1,139,
7,1,3,4,8,8,7,1,139,
7,1,3,4,8,8,8,1,139,
8,1,3,4,8,8,1,1,139,
8,1,3,4,8,8,2,1,139,
8,1,3,4,8,8,3,1,139,
8,1,3,4,8,8,4,1,139,
8,1,3,4,8,8,5,1,139,
8,1,3,4,8,8,6,1,139,
8,1,3,4,8,8,7,1,139,
8,1,3,4,8,8,8,1,139,
1,1,3,5,8,8,1,1,156,
1,1,3,5,8,8,2,1,156,
1,1,3,5,8,8,3,1,156,
1,1,3,5,8,8,4,1,156,
1,1,3,5,8,8,5,1,156,
1,1,3,5,8,8,6,1,156,
1,1,3,5,8,8,7,1,156,
1,1,3,5,8,8,8,1,156,
2,1,3,5,8,8,1,1,156,
2,1,3,5,8,8,2,1,156,
2,1,3,5,8,8,3,1,156,
2,1,3,5,8,8,4,1,156,
2,1,3,5,8,8,5,1,156,
2,1,3,5,8,8,6,1,156,
2,1,3,5,8,8,7,1,156,
2,1,3,5,8,8,8,1,156,
3,1,3,5,8,8,1,1,156,
3,1,3,5,8,8,2,1,156,
3,1,3,5,8,8,3,1,156,
3,1,3,5,8,8,4,1,156,
3,1,3,5,8,8,5,1,156,
3,1,3,5,8,8,6,1,156,
3,1,3,5,8,8,7,1,156,
3,1,3,5,8,8,8,1,156,
4,1,3,5,8,8,1,1,156,
4,1,3,5,8,8,2,1,156,
4,1,3,5,8,8,3,1,156,
4,1,3,5,8,8,4,1,156,
4,1,3,5,8,8,5,1,156,
4,1,3,5,8,8,6,1,156,
4,1,3,5,8,8,7,1,156,
4,1,3,5,8,8,8,1,156,
5,1,3,5,8,8,1,1,156,
5,1,3,5,8,8,2,1,156,
5,1,3,5,8,8,3,1,156,
5,1,3,5,8,8,4,1,156,
5,1,3,5,8,8,5,1,156,
5,1,3,5,8,8,6,1,156,
5,1,3,5,8,8,7,1,156,
5,1,3,5,8,8,8,1,156,
6,1,3,5,8,8,1,1,156,
6,1,3,5,8,8,2,1,156,
6,1,3,5,8,8,3,1,156,
6,1,3,5,8,8,4,1,156,
6,1,3,5,8,8,5,1,156,
6,1,3,5,8,8,6,1,156,
6,1,3,5,8,8,7,1,156,
6,1,3,5,8,8,8,1,156,
7,1,3,5,8,8,1,1,156,
7,1,3,5,8,8,2,1,156,
7,1,3,5,8,8,3,1,156,
7,1,3,5,8,8,4,1,156,
7,1,3,5,8,8,5,1,156,
7,1,3,5,8,8,6,1,156,
7,1,3,5,8,8,7,1,156,
7,1,3,5,8,8,8,1,156,
8,1,3,5,8,8,1,1,156,
8,1,3,5,8,8,2,1,156,
8,1,3,5,8,8,3,1,156,
8,1,3,5,8,8,4,1,156,
8,1,3,5,8,8,5,1,156,
8,1,3,5,8,8,6,1,156,
8,1,3,5,8,8,7,1,156,
8,1,3,5,8,8,8,1,156,
1,1,3,6,8,8,1,1,173,
1,1,3,6,8,8,2,1,173,
1,1,3,6,8,8,3,1,173,
1,1,3,6,8,8,4,1,173,
1,1,3,6,8,8,5,1,173,
1,1,3,6,8,8,6,1,173,
1,1,3,6,8,8,7,1,173,
1,1,3,6,8,8,8,1,173,
2,1,3,6,8,8,1,1,173,
2,1,3,6,8,8,2,1,173,
2,1,3,6,8,8,3,1,173,
2,1,3,6,8,8,4,1,173,
2,1,3,6,8,8,5,1,173,
2,1,3,6,8,8,6,1,173,
2,1,3,6,8,8,7,1,173,
2,1,3,6,8,8,8,1,173,
3,1,3,6,8,8,1,1,173,
3,1,3,6,8,8,2,1,173,
3,1,3,6,8,8,3,1,173,
3,1,3,6,8,8,4,1,173,
3,1,3,6,8,8,5,1,173,
3,1,3,6,8,8,6,1,173,
3,1,3,6,8,8,7,1,173,
3,1,3,6,8,8,8,1,173,
4,1,3,6,8,8,1,1,173,
4,1,3,6,8,8,2,1,173,
4,1,3,6,8,8,3,1,173,
4,1,3,6,8,8,4,1,173,
4,1,3,6,8,8,5,1,173,
4,1,3,6,8,8,6,1,173,
4,1,3,6,8,8,7,1,173,
4,1,3,6,8,8,8,1,173,
5,1,3,6,8,8,1,1,173,
5,1,3,6,8,8,2,1,173,
5,1,3,6,8,8,3,1,173,
5,1,3,6,8,8,4,1,173,
5,1,3,6,8,8,5,1,173,
5,1,3,6,8,8,6,1,173,
5,1,3,6,8,8,7,1,173,
5,1,3,6,8,8,8,1,173,
6,1,3,6,8,8,1,1,173,
6,1,3,6,8,8,2,1,173,
6,1,3,6,8,8,3,1,173,
6,1,3,6,8,8,4,1,173,
6,1,3,6,8,8,5,1,173,
6,1,3,6,8,8,6,1,173,
6,1,3,6,8,8,7,1,173,
6,1,3,6,8,8,8,1,173,
7,1,3,6,8,8,1,1,173,
7,1,3,6,8,8,2,1,173,
7,1,3,6,8,8,3,1,173,
7,1,3,6,8,8,4,1,173,
7,1,3,6,8,8,5,1,173,
7,1,3,6,8,8,6,1,173,
7,1,3,6,8,8,7,1,173,
7,1,3,6,8,8,8,1,173,
8,1,3,6,8,8,1,1,173,
8,1,3,6,8,8,2,1,173,
8,1,3,6,8,8,3,1,173,
8,1,3,6,8,8,4,1,173,
8,1,3,6,8,8,5,1,173,
8,1,3,6,8,8,6,1,173,
8,1,3,6,8,8,7,1,173,
8,1,3,6,8,8,8,1,173,
1,1,3,7,8,8,1,1,190,
1,1,3,7,8,8,2,1,190,
1,1,3,7,8,8,3,1,190,
1,1,3,7,8,8,4,1,190,
1,1,3,7,8,8,5,1,190,
1,1,3,7,8,8,6,1,190,
1,1,3,7,8,8,7,1,190,
1,1,3,7,8,8,8,1,190,
2,1,3,7,8,8,1,1,190,
2,1,3,7,8,8,2,1,190,
2,1,3,7,8,8,3,1,190,
2,1,3,7,8,8,4,1,190,
2,1,3,7,8,8,5,1,190,
2,1,3,7,8,8,6,1,190,
2,1,3,7,8,8,7,1,190,
2,1,3,7,8,8,8,1,190,
3,1,3,7,8,8,1,1,190,
3,1,3,7,8,8,2,1,190,
3,1,3,7,8,8,3,1,190,
3,1,3,7,8,8,4,1,190,
3,1,3,7,8,8,5,1,190,
3,1,3,7,8,8,6,1,190,
3,1,3,7,8,8,7,1,190,
3,1,3,7,8,8,8,1,190,
4,1,3,7,8,8,1,1,190,
4,1,3,7,8,8,2,1,190,
4,1,3,7,8,8,3,1,190,
4,1,3,7,8,8,4,1,190,
4,1,3,7,8,8,5,1,190,
4,1,3,7,8,8,6,1,190,
4,1,3,7,8,8,7,1,190,
4,1,3,7,8,8,8,1,190,
5,1,3,7,8,8,1,1,190,
5,1,3,7,8,8,2,1,190,
5,1,3,7,8,8,3,1,190,
5,1,3,7,8,8,4,1,190,
5,1,3,7,8,8,5,1,190,
5,1,3,7,8,8,6,1,190,
5,1,3,7,8,8,7,1,190,
5,1,3,7,8,8,8,1,190,
6,1,3,7,8,8,1,1,190,
6,1,3,7,8,8,2,1,190,
6,1,3,7,8,8,3,1,190,
6,1,3,7,8,8,4,1,190,
6,1,3,7,8,8,5,1,190,
6,1,3,7,8,8,6,1,190,
6,1,3,7,8,8,7,1,190,
6,1,3,7,8,8,8,1,190,
7,1,3,7,8,8,1,1,190,
7,1,3,7,8,8,2,1,190,
7,1,3,7,8,8,3,1,190,
7,1,3,7,8,8,4,1,190,
7,1,3,7,8,8,5,1,190,
7,1,3,7,8,8,6,1,190,
7,1,3,7,8,8,7,1,190,
7,1,3,7,8,8,8,1,190,
8,1,3,7,8,8,1,1,190,
8,1,3,7,8,8,2,1,190,
8,1,3,7,8,8,3,1,190,
8,1,3,7,8,8,4,1,190,
8,1,3,7,8,8,5,1,190,
8,1,3,7,8,8,6,1,190,
8,1,3,7,8,8,7,1,190,
8,1,3,7,8,8,8,1,190,
1,1,3,8,8,8,1,1,207,
1,1,3,8,8,8,2,1,207,
1,1,3,8,8,8,3,1,207,
1,1,3,8,8,8,4,1,207,
1,1,3,8,8,8,5,1,207,
1,1,3,8,8,8,6,1,207,
1,1,3,8,8,8,7,1,207,
1,1,3,8,8,8,8,1,207,
2,1,3,8,8,8,1,1,207,
2,1,3,8,8,8,2,1,207,
2,1,3,8,8,8,3,1,207,
2,1,3,8,8,8,4,1,207,
2,1,3,8,8,8,5,1,207,
2,1,3,8,8,8,6,1,207,
2,1,3,8,8,8,7,1,207,
2,1,3,8,8,8,8,1,207,
3,1,3,8,8,8,1,1,207,
3,1,3,8,8,8,2,1,207,
3,1,3,8,8,8,3,1,207,
3,1,3,8,8,8,4,1,207,
3,1,3,8,8,8,5,1,207,
3,1,3,8,8,8,6,1,207,
3,1,3,8,8,8,7,1,207,
3,1,3,8,8,8,8,1,207,
4,1,3,8,8,8,1,1,207,
4,1,3,8,8,8,2,1,207,
4,1,3,8,8,8,3,1,207,
4,1,3,8,8,8,4,1,207,
4,1,3,8,8,8,5,1,207,
4,1,3,8,8,8,6,1,207,
4,1,3,8,8,8,7,1,207,
4,1,3,8,8,8,8,1,207,
5,1,3,8,8,8,1,1,207,
5,1,3,8,8,8,2,1,207,
5,1,3,8,8,8,3,1,207,
5,1,3,8,8,8,4,1,207,
5,1,3,8,8,8,5,1,207,
5,1,3,8,8,8,6,1,207,
5,1,3,8,8,8,7,1,207,
5,1,3,8,8,8,8,1,207,
6,1,3,8,8,8,1,1,207,
6,1,3,8,8,8,2,1,207,
6,1,3,8,8,8,3,1,207,
6,1,3,8,8,8,4,1,207,
6,1,3,8,8,8,5,1,207,
6,1,3,8,8,8,6,1,207,
6,1,3,8,8,8,7,1,207,
6,1,3,8,8,8,8,1,207,
7,1,3,8,8,8,1,1,207,
7,1,3,8,8,8,2,1,207,
7,1,3,8,8,8,3,1,207,
7,1,3,8,8,8,4,1,207,
7,1,3,8,8,8,5,1,207,
7,1,3,8,8,8,6,1,207,
7,1,3,8,8,8,7,1,207,
7,1,3,8,8,8,8,1,207,
8,1,3,8,8,8,1,1,207,
8,1,3,8,8,8,2,1,207,
8,1,3,8,8,8,3,1,207,
8,1,3,8,8,8,4,1,207,
8,1,3,8,8,8,5,1,207,
8,1,3,8,8,8,6,1,207,
8,1,3,8,8,8,7,1,207,
8,1,3,8,8,8,8,1,207,
1,1,4,1,8,8,1,1,93,
1,1,4,1,8,8,2,1,93,
1,1,4,1,8,8,3,1,93,
1,1,4,1,8,8,4,1,93,
1,1,4,1,8,8,5,1,93,
1,1,4,1,8,8,6,1,93,
1,1,4,1,8,8,7,1,93,
1,1,4,1,8,8,8,1,93,
2,1,4,1,8,8,1,1,93,
2,1,4,1,8,8,2,1,93,
2,1,4,1,8,8,3,1,93,
2,1,4,1,8,8,4,1,93,
2,1,4,1,8,8,5,1,93,
2,1,4,1,8,8,6,1,93,
2,1,4,1,8,8,7,1,93,
2,1,4,1,8,8,8,1,93,
3,1,4,1,8,8,1,1,93,
3,1,4,1,8,8,2,1,93,
3,1,4,1,8,8,3,1,93,
3,1,4,1,8,8,4,1,93,
3,1,4,1,8,8,5,1,93,
3,1,4,1,8,8,6,1,93,
3,1,4,1,8,8,7,1,93,
3,1,4,1,8,8,8,1,93,
4,1,4,1,8,8,1,1,93,
4,1,4,1,8,8,2,1,93,
4,1,4,1,8,8,3,1,93,
4,1,4,1,8,8,4,1,93,
4,1,4,1,8,8,5,1,93,
4,1,4,1,8,8,6,1,93,
4,1,4,1,8,8,7,1,93,
4,1,4,1,8,8,8,1,93,
5,1,4,1,8,8,1,1,93,
5,1,4,1,8,8,2,1,93,
5,1,4,1,8,8,3,1,93,
5,1,4,1,8,8,4,1,93,
5,1,4,1,8,8,5,1,93,
5,1,4,1,8,8,6,1,93,
5,1,4,1,8,8,7,1,93,
5,1,4,1,8,8,8,1,93,
6,1,4,1,8,8,1,1,93,
6,1,4,1,8,8,2,1,93,
6,1,4,1,8,8,3,1,93,
6,1,4,1,8,8,4,1,93,
6,1,4,1,8,8,5,1,93,
6,1,4,1,8,8,6,1,93,
6,1,4,1,8,8,7,1,93,
6,1,4,1,8,8,8,1,93,
7,1,4,1,8,8,1,1,93,
7,1,4,1,8,8,2,1,93,
7,1,4,1,8,8,3,1,93,
7,1,4,1,8,8,4,1,93,
7,1,4,1,8,8,5,1,93,
7,1,4,1,8,8,6,1,93,
7,1,4,1,8,8,7,1,93,
7,1,4,1,8,8,8,1,93,
8,1,4,1,8,8,1,1,93,
8,1,4,1,8,8,2,1,93,
8,1,4,1,8,8,3,1,93,
8,1,4,1,8,8,4,1,93,
8,1,4,1,8,8,5,1,93,
8,1,4,1,8,8,6,1,93,
8,1,4,1,8,8,7,1,93,
8,1,4,1,8,8,8,1,93,
1,1,4,2,8,8,1,1,115,
1,1,4,2,8,8,2,1,115,
1,1,4,2,8,8,3,1,115,
1,1,4,2,8,8,4,1,115,
1,1,4,2,8,8,5,1,115,
1,1,4,2,8,8,6,1,115,
1,1,4,2,8,8,7,1,115,
1,1,4,2,8,8,8,1,115,
2,1,4,2,8,8,1,1,115,
2,1,4,2,8,8,2,1,115,
2,1,4,2,8,8,3,1,115,
2,1,4,2,8,8,4,1,115,
2,1,4,2,8,8,5,1,115,
2,1,4,2,8,8,6,1,115,
2,1,4,2,8,8,7,1,115,
2,1,4,2,8,8,8,1,115,
3,1,4,2,8,8,1,1,115,
3,1,4,2,8,8,2,1,115,
3,1,4,2,8,8,3,1,115,
3,1,4,2,8,8,4,1,115,
3,1,4,2,8,8,5,1,115,
3,1,4,2,8,8,6,1,115,
3,1,4,2,8,8,7,1,115,
3,1,4,2,8,8,8,1,115,
4,1,4,2,8,8,1,1,115,
4,1,4,2,8,8,2,1,115,
4,1,4,2,8,8,3,1,115,
4,1,4,2,8,8,4,1,115,
4,1,4,2,8,8,5,1,115,
4,1,4,2,8,8,6,1,115,
4,1,4,2,8,8,7,1,115,
4,1,4,2,8,8,8,1,115,
5,1,4,2,8,8,1,1,115,
5,1,4,2,8,8,2,1,115,
5,1,4,2,8,8,3,1,115,
5,1,4,2,8,8,4,1,115,
5,1,4,2,8,8,5,1,115,
5,1,4,2,8,8,6,1,115,
5,1,4,2,8,8,7,1,115,
5,1,4,2,8,8,8,1,115,
6,1,4,2,8,8,1,1,115,
6,1,4,2,8,8,2,1,115,
6,1,4,2,8,8,3,1,115,
6,1,4,2,8,8,4,1,115,
6,1,4,2,8,8,5,1,115,
6,1,4,2,8,8,6,1,115,
6,1,4,2,8,8,7,1,115,
6,1,4,2,8,8,8,1,115,
7,1,4,2,8,8,1,1,115,
7,1,4,2,8,8,2,1,115,
7,1,4,2,8,8,3,1,115,
7,1,4,2,8,8,4,1,115,
7,1,4,2,8,8,5,1,115,
7,1,4,2,8,8,6,1,115,
7,1,4,2,8,8,7,1,115,
7,1,4,2,8,8,8,1,115,
8,1,4,2,8,8,1,1,115,
8,1,4,2,8,8,2,1,115,
8,1,4,2,8,8,3,1,115,
8,1,4,2,8,8,4,1,115,
8,1,4,2,8,8,5,1,115,
8,1,4,2,8,8,6,1,115,
8,1,4,2,8,8,7,1,115,
8,1,4,2,8,8,8,1,115,
1,1,4,3,8,8,1,1,137,
1,1,4,3,8,8,2,1,137,
1,1,4,3,8,8,3,1,137,
1,1,4,3,8,8,4,1,137,
1,1,4,3,8,8,5,1,137,
1,1,4,3,8,8,6,1,137,
1,1,4,3,8,8,7,1,137,
1,1,4,3,8,8,8,1,137,
2,1,4,3,8,8,1,1,137,
2,1,4,3,8,8,2,1,137,
2,1,4,3,8,8,3,1,137,
2,1,4,3,8,8,4,1,137,
2,1,4,3,8,8,5,1,137,
2,1,4,3,8,8,6,1,137,
2,1,4,3,8,8,7,1,137,
2,1,4,3,8,8,8,1,137,
3,1,4,3,8,8,1,1,137,
3,1,4,3,8,8,2,1,137,
3,1,4,3,8,8,3,1,137,
3,1,4,3,8,8,4,1,137,
3,1,4,3,8,8,5,1,137,
3,1,4,3,8,8,6,1,137,
3,1,4,3,8,8,7,1,137,
3,1,4,3,8,8,8,1,137,
4,1,4,3,8,8,1,1,137,
4,1,4,3,8,8,2,1,137,
4,1,4,3,8,8,3,1,137,
4,1,4,3,8,8,4,1,137,
4,1,4,3,8,8,5,1,137,
4,1,4,3,8,8,6,1,137,
4,1,4,3,8,8,7,1,137,
4,1,4,3,8,8,8,1,137,
5,1,4,3,8,8,1,1,137,
5,1,4,3,8,8,2,1,137,
5,1,4,3,8,8,3,1,137,
5,1,4,3,8,8,4,1,137,
5,1,4,3,8,8,5,1,137,
5,1,4,3,8,8,6,1,137,
5,1,4,3,8,8,7,1,137,
5,1,4,3,8,8,8,1,137,
6,1,4,3,8,8,1,1,137,
6,1,4,3,8,8,2,1,137,
6,1,4,3,8,8,3,1,137,
6,1,4,3,8,8,4,1,137,
6,1,4,3,8,8,5,1,137,
6,1,4,3,8,8,6,1,137,
6,1,4,3,8,8,7,1,137,
6,1,4,3,8,8,8,1,137,
7,1,4,3,8,8,1,1,137,
7,1,4,3,8,8,2,1,137,
7,1,4,3,8,8,3,1,137,
7,1,4,3,8,8,4,1,137,
7,1,4,3,8,8,5,1,137,
7,1,4,3,8,8,6,1,137,
7,1,4,3,8,8,7,1,137,
7,1,4,3,8,8,8,1,137,
8,1,4,3,8,8,1,1,137,
8,1,4,3,8,8,2,1,137,
8,1,4,3,8,8,3,1,137,
8,1,4,3,8,8,4,1,137,
8,1,4,3,8,8,5,1,137,
8,1,4,3,8,8,6,1,137,
8,1,4,3,8,8,7,1,137,
8,1,4,3,8,8,8,1,137,
1,1,4,4,8,8,1,1,159,
1,1,4,4,8,8,2,1,159,
1,1,4,4,8,8,3,1,159,
1,1,4,4,8,8,4,1,159,
1,1,4,4,8,8,5,1,159,
1,1,4,4,8,8,6,1,159,
1,1,4,4,8,8,7,1,159,
1,1,4,4,8,8,8,1,159,
2,1,4,4,8,8,1,1,159,
2,1,4,4,8,8,2,1,159,
2,1,4,4,8,8,3,1,159,
2,1,4,4,8,8,4,1,159,
2,1,4,4,8,8,5,1,159,
2,1,4,4,8,8,6,1,159,
2,1,4,4,8,8,7,1,159,
2,1,4,4,8,8,8,1,159,
3,1,4,4,8,8,1,1,159,
3,1,4,4,8,8,2,1,159,
3,1,4,4,8,8,3,1,159,
3,1,4,4,8,8,4,1,159,
3,1,4,4,8,8,5,1,159,
3,1,4,4,8,8,6,1,159,
3,1,4,4,8,8,7,1,159,
3,1,4,4,8,8,8,1,159,
4,1,4,4,8,8,1,1,159,
4,1,4,4,8,8,2,1,159,
4,1,4,4,8,8,3,1,159,
4,1,4,4,8,8,4,1,159,
4,1,4,4,8,8,5,1,159,
4,1,4,4,8,8,6,1,159,
4,1,4,4,8,8,7,1,159,
4,1,4,4,8,8,8,1,159,
5,1,4,4,8,8,1,1,159,
5,1,4,4,8,8,2,1,159,
5,1,4,4,8,8,3,1,159,
5,1,4,4,8,8,4,1,159,
5,1,4,4,8,8,5,1,159,
5,1,4,4,8,8,6,1,159,
5,1,4,4,8,8,7,1,159,
5,1,4,4,8,8,8,1,159,
6,1,4,4,8,8,1,1,159,
6,1,4,4,8,8,2,1,159,
6,1,4,4,8,8,3,1,159,
6,1,4,4,8,8,4,1,159,
6,1,4,4,8,8,5,1,159,
6,1,4,4,8,8,6,1,159,
6,1,4,4,8,8,7,1,159,
6,1,4,4,8,8,8,1,159,
7,1,4,4,8,8,1,1,159,
7,1,4,4,8,8,2,1,159,
7,1,4,4,8,8,3,1,159,
7,1,4,4,8,8,4,1,159,
7,1,4,4,8,8,5,1,159,
7,1,4,4,8,8,6,1,159,
7,1,4,4,8,8,7,1,159,
7,1,4,4,8,8,8,1,159,
8,1,4,4,8,8,1,1,159,
8,1,4,4,8,8,2,1,159,
8,1,4,4,8,8,3,1,159,
8,1,4,4,8,8,4,1,159,
8,1,4,4,8,8,5,1,159,
8,1,4,4,8,8,6,1,159,
8,1,4,4,8,8,7,1,159,
8,1,4,4,8,8,8,1,159,
1,1,4,5,8,8,1,1,181,
1,1,4,5,8,8,2,1,181,
1,1,4,5,8,8,3,1,181,
1,1,4,5,8,8,4,1,181,
1,1,4,5,8,8,5,1,181,
1,1,4,5,8,8,6,1,181,
1,1,4,5,8,8,7,1,181,
1,1,4,5,8,8,8,1,181,
2,1,4,5,8,8,1,1,181,
2,1,4,5,8,8,2,1,181,
2,1,4,5,8,8,3,1,181,
2,1,4,5,8,8,4,1,181,
2,1,4,5,8,8,5,1,181,
2,1,4,5,8,8,6,1,181,
2,1,4,5,8,8,7,1,181,
2,1,4,5,8,8,8,1,181,
3,1,4,5,8,8,1,1,181,
3,1,4,5,8,8,2,1,181,
3,1,4,5,8,8,3,1,181,
3,1,4,5,8,8,4,1,181,
3,1,4,5,8,8,5,1,181,
3,1,4,5,8,8,6,1,181,
3,1,4,5,8,8,7,1,181,
3,1,4,5,8,8,8,1,181,
4,1,4,5,8,8,1,1,181,
4,1,4,5,8,8,2,1,181,
4,1,4,5,8,8,3,1,181,
4,1,4,5,8,8,4,1,181,
4,1,4,5,8,8,5,1,181,
4,1,4,5,8,8,6,1,181,
4,1,4,5,8,8,7,1,181,
4,1,4,5,8,8,8,1,181,
5,1,4,5,8,8,1,1,181,
5,1,4,5,8,8,2,1,181,
5,1,4,5,8,8,3,1,181,
5,1,4,5,8,8,4,1,181,
5,1,4,5,8,8,5,1,181,
5,1,4,5,8,8,6,1,181,
5,1,4,5,8,8,7,1,181,
5,1,4,5,8,8,8,1,181,
6,1,4,5,8,8,1,1,181,
6,1,4,5,8,8,2,1,181,
6,1,4,5,8,8,3,1,181,
6,1,4,5,8,8,4,1,181,
6,1,4,5,8,8,5,1,181,
6,1,4,5,8,8,6,1,181,
6,1,4,5,8,8,7,1,181,
6,1,4,5,8,8,8,1,181,
7,1,4,5,8,8,1,1,181,
7,1,4,5,8,8,2,1,181,
7,1,4,5,8,8,3,1,181,
7,1,4,5,8,8,4,1,181,
7,1,4,5,8,8,5,1,181,
7,1,4,5,8,8,6,1,181,
7,1,4,5,8,8,7,1,181,
7,1,4,5,8,8,8,1,181,
8,1,4,5,8,8,1,1,181,
8,1,4,5,8,8,2,1,181,
8,1,4,5,8,8,3,1,181,
8,1,4,5,8,8,4,1,181,
8,1,4,5,8,8,5,1,181,
8,1,4,5,8,8,6,1,181,
8,1,4,5,8,8,7,1,181,
8,1,4,5,8,8,8,1,181,
1,1,4,6,8,8,1,1,203,
1,1,4,6,8,8,2,1,203,
1,1,4,6,8,8,3,1,203,
1,1,4,6,8,8,4,1,203,
1,1,4,6,8,8,5,1,203,
1,1,4,6,8,8,6,1,203,
1,1,4,6,8,8,7,1,203,
1,1,4,6,8,8,8,1,203,
2,1,4,6,8,8,1,1,203,
2,1,4,6,8,8,2,1,203,
2,1,4,6,8,8,3,1,203,
2,1,4,6,8,8,4,1,203,
2,1,4,6,8,8,5,1,203,
2,1,4,6,8,8,6,1,203,
2,1,4,6,8,8,7,1,203,
2,1,4,6,8,8,8,1,203,
3,1,4,6,8,8,1,1,203,
3,1,4,6,8,8,2,1,203,
3,1,4,6,8,8,3,1,203,
3,1,4,6,8,8,4,1,203,
3,1,4,6,8,8,5,1,203,
3,1,4,6,8,8,6,1,203,
3,1,4,6,8,8,7,1,203,
3,1,4,6,8,8,8,1,203,
4,1,4,6,8,8,1,1,203,
4,1,4,6,8,8,2,1,203,
4,1,4,6,8,8,3,1,203,
4,1,4,6,8,8,4,1,203,
4,1,4,6,8,8,5,1,203,
4,1,4,6,8,8,6,1,203,
4,1,4,6,8,8,7,1,203,
4,1,4,6,8,8,8,1,203,
5,1,4,6,8,8,1,1,203,
5,1,4,6,8,8,2,1,203,
5,1,4,6,8,8,3,1,203,
5,1,4,6,8,8,4,1,203,
5,1,4,6,8,8,5,1,203,
5,1,4,6,8,8,6,1,203,
5,1,4,6,8,8,7,1,203,
5,1,4,6,8,8,8,1,203,
6,1,4,6,8,8,1,1,203,
6,1,4,6,8,8,2,1,203,
6,1,4,6,8,8,3,1,203,
6,1,4,6,8,8,4,1,203,
6,1,4,6,8,8,5,1,203,
6,1,4,6,8,8,6,1,203,
6,1,4,6,8,8,7,1,203,
6,1,4,6,8,8,8,1,203,
7,1,4,6,8,8,1,1,203,
7,1,4,6,8,8,2,1,203,
7,1,4,6,8,8,3,1,203,
7,1,4,6,8,8,4,1,203,
7,1,4,6,8,8,5,1,203,
7,1,4,6,8,8,6,1,203,
7,1,4,6,8,8,7,1,203,
7,1,4,6,8,8,8,1,203,
8,1,4,6,8,8,1,1,203,
8,1,4,6,8,8,2,1,203,
8,1,4,6,8,8,3,1,203,
8,1,4,6,8,8,4,1,203,
8,1,4,6,8,8,5,1,203,
8,1,4,6,8,8,6,1,203,
8,1,4,6,8,8,7,1,203,
8,1,4,6,8,8,8,1,203,
1,1,4,7,8,8,1,1,225,
1,1,4,7,8,8,2,1,225,
1,1,4,7,8,8,3,1,225,
1,1,4,7,8,8,4,1,225,
1,1,4,7,8,8,5,1,225,
1,1,4,7,8,8,6,1,225,
1,1,4,7,8,8,7,1,225,
1,1,4,7,8,8,8,1,225,
2,1,4,7,8,8,1,1,225,
2,1,4,7,8,8,2,1,225,
2,1,4,7,8,8,3,1,225,
2,1,4,7,8,8,4,1,225,
2,1,4,7,8,8,5,1,225,
2,1,4,7,8,8,6,1,225,
2,1,4,7,8,8,7,1,225,
2,1,4,7,8,8,8,1,225,
3,1,4,7,8,8,1,1,225,
3,1,4,7,8,8,2,1,225,
3,1,4,7,8,8,3,1,225,
3,1,4,7,8,8,4,1,225,
3,1,4,7,8,8,5,1,225,
3,1,4,7,8,8,6,1,225,
3,1,4,7,8,8,7,1,225,
3,1,4,7,8,8,8,1,225,
4,1,4,7,8,8,1,1,225,
4,1,4,7,8,8,2,1,225,
4,1,4,7,8,8,3,1,225,
4,1,4,7,8,8,4,1,225,
4,1,4,7,8,8,5,1,225,
4,1,4,7,8,8,6,1,225,
4,1,4,7,8,8,7,1,225,
4,1,4,7,8,8,8,1,225,
5,1,4,7,8,8,1,1,225,
5,1,4,7,8,8,2,1,225,
5,1,4,7,8,8,3,1,225,
5,1,4,7,8,8,4,1,225,
5,1,4,7,8,8,5,1,225,
5,1,4,7,8,8,6,1,225,
5,1,4,7,8,8,7,1,225,
5,1,4,7,8,8,8,1,225,
6,1,4,7,8,8,1,1,225,
6,1,4,7,8,8,2,1,225,
6,1,4,7,8,8,3,1,225,
6,1,4,7,8,8,4,1,225,
6,1,4,7,8,8,5,1,225,
6,1,4,7,8,8,6,1,225,
6,1,4,7,8,8,7,1,225,
6,1,4,7,8,8,8,1,225,
7,1,4,7,8,8,1,1,225,
7,1,4,7,8,8,2,1,225,
7,1,4,7,8,8,3,1,225,
7,1,4,7,8,8,4,1,225,
7,1,4,7,8,8,5,1,225,
7,1,4,7,8,8,6,1,225,
7,1,4,7,8,8,7,1,225,
7,1,4,7,8,8,8,1,225,
8,1,4,7,8,8,1,1,225,
8,1,4,7,8,8,2,1,225,
8,1,4,7,8,8,3,1,225,
8,1,4,7,8,8,4,1,225,
8,1,4,7,8,8,5,1,225,
8,1,4,7,8,8,6,1,225,
8,1,4,7,8,8,7,1,225,
8,1,4,7,8,8,8,1,225,
1,1,4,8,8,8,1,1,247,
1,1,4,8,8,8,2,1,247,
1,1,4,8,8,8,3,1,247,
1,1,4,8,8,8,4,1,247,
1,1,4,8,8,8,5,1,247,
1,1,4,8,8,8,6,1,247,
1,1,4,8,8,8,7,1,247,
1,1,4,8,8,8,8,1,247,
2,1,4,8,8,8,1,1,247,
2,1,4,8,8,8,2,1,247,
2,1,4,8,8,8,3,1,247,
2,1,4,8,8,8,4,1,247,
2,1,4,8,8,8,5,1,247,
2,1,4,8,8,8,6,1,247,
2,1,4,8,8,8,7,1,247,
2,1,4,8,8,8,8,1,247,
3,1,4,8,8,8,1,1,247,
3,1,4,8,8,8,2,1,247,
3,1,4,8,8,8,3,1,247,
3,1,4,8,8,8,4,1,247,
3,1,4,8,8,8,5,1,247,
3,1,4,8,8,8,6,1,247,
3,1,4,8,8,8,7,1,247,
3,1,4,8,8,8,8,1,247,
4,1,4,8,8,8,1,1,247,
4,1,4,8,8,8,2,1,247,
4,1,4,8,8,8,3,1,247,
4,1,4,8,8,8,4,1,247,
4,1,4,8,8,8,5,1,247,
4,1,4,8,8,8,6,1,247,
4,1,4,8,8,8,7,1,247,
4,1,4,8,8,8,8,1,247,
5,1,4,8,8,8,1,1,247,
5,1,4,8,8,8,2,1,247,
5,1,4,8,8,8,3,1,247,
5,1,4,8,8,8,4,1,247,
5,1,4,8,8,8,5,1,247,
5,1,4,8,8,8,6,1,247,
5,1,4,8,8,8,7,1,247,
5,1,4,8,8,8,8,1,247,
6,1,4,8,8,8,1,1,247,
6,1,4,8,8,8,2,1,247,
6,1,4,8,8,8,3,1,247,
6,1,4,8,8,8,4,1,247,
6,1,4,8,8,8,5,1,247,
6,1,4,8,8,8,6,1,247,
6,1,4,8,8,8,7,1,247,
6,1,4,8,8,8,8,1,247,
7,1,4,8,8,8,1,1,247,
7,1,4,8,8,8,2,1,247,
7,1,4,8,8,8,3,1,247,
7,1,4,8,8,8,4,1,247,
7,1,4,8,8,8,5,1,247,
7,1,4,8,8,8,6,1,247,
7,1,4,8,8,8,7,1,247,
7,1,4,8,8,8,8,1,247,
8,1,4,8,8,8,1,1,247,
8,1,4,8,8,8,2,1,247,
8,1,4,8,8,8,3,1,247,
8,1,4,8,8,8,4,1,247,
8,1,4,8,8,8,5,1,247,
8,1,4,8,8,8,6,1,247,
8,1,4,8,8,8,7,1,247,
8,1,4,8,8,8,8,1,247,
1,1,5,1,8,8,1,1,98,
1,1,5,1,8,8,2,1,98,
1,1,5,1,8,8,3,1,98,
1,1,5,1,8,8,4,1,98,
1,1,5,1,8,8,5,1,98,
1,1,5,1,8,8,6,1,98,
1,1,5,1,8,8,7,1,98,
1,1,5,1,8,8,8,1,98,
2,1,5,1,8,8,1,1,98,
2,1,5,1,8,8,2,1,98,
2,1,5,1,8,8,3,1,98,
2,1,5,1,8,8,4,1,98,
2,1,5,1,8,8,5,1,98,
2,1,5,1,8,8,6,1,98,
2,1,5,1,8,8,7,1,98,
2,1,5,1,8,8,8,1,98,
3,1,5,1,8,8,1,1,98,
3,1,5,1,8,8,2,1,98,
3,1,5,1,8,8,3,1,98,
3,1,5,1,8,8,4,1,98,
3,1,5,1,8,8,5,1,98,
3,1,5,1,8,8,6,1,98,
3,1,5,1,8,8,7,1,98,
3,1,5,1,8,8,8,1,98,
4,1,5,1,8,8,1,1,98,
4,1,5,1,8,8,2,1,98,
4,1,5,1,8,8,3,1,98,
4,1,5,1,8,8,4,1,98,
4,1,5,1,8,8,5,1,98,
4,1,5,1,8,8,6,1,98,
4,1,5,1,8,8,7,1,98,
4,1,5,1,8,8,8,1,98,
5,1,5,1,8,8,1,1,98,
5,1,5,1,8,8,2,1,98,
5,1,5,1,8,8,3,1,98,
5,1,5,1,8,8,4,1,98,
5,1,5,1,8,8,5,1,98,
5,1,5,1,8,8,6,1,98,
5,1,5,1,8,8,7,1,98,
5,1,5,1,8,8,8,1,98,
6,1,5,1,8,8,1,1,98,
6,1,5,1,8,8,2,1,98,
6,1,5,1,8,8,3,1,98,
6,1,5,1,8,8,4,1,98,
6,1,5,1,8,8,5,1,98,
6,1,5,1,8,8,6,1,98,
6,1,5,1,8,8,7,1,98,
6,1,5,1,8,8,8,1,98,
7,1,5,1,8,8,1,1,98,
7,1,5,1,8,8,2,1,98,
7,1,5,1,8,8,3,1,98,
7,1,5,1,8,8,4,1,98,
7,1,5,1,8,8,5,1,98,
7,1,5,1,8,8,6,1,98,
7,1,5,1,8,8,7,1,98,
7,1,5,1,8,8,8,1,98,
8,1,5,1,8,8,1,1,98,
8,1,5,1,8,8,2,1,98,
8,1,5,1,8,8,3,1,98,
8,1,5,1,8,8,4,1,98,
8,1,5,1,8,8,5,1,98,
8,1,5,1,8,8,6,1,98,
8,1,5,1,8,8,7,1,98,
8,1,5,1,8,8,8,1,98,
1,1,5,2,8,8,1,1,125,
1,1,5,2,8,8,2,1,125,
1,1,5,2,8,8,3,1,125,
1,1,5,2,8,8,4,1,125,
1,1,5,2,8,8,5,1,125,
1,1,5,2,8,8,6,1,125,
1,1,5,2,8,8,7,1,125,
1,1,5,2,8,8,8,1,125,
2,1,5,2,8,8,1,1,125,
2,1,5,2,8,8,2,1,125,
2,1,5,2,8,8,3,1,125,
2,1,5,2,8,8,4,1,125,
2,1,5,2,8,8,5,1,125,
2,1,5,2,8,8,6,1,125,
2,1,5,2,8,8,7,1,125,
2,1,5,2,8,8,8,1,125,
3,1,5,2,8,8,1,1,125,
3,1,5,2,8,8,2,1,125,
3,1,5,2,8,8,3,1,125,
3,1,5,2,8,8,4,1,125,
3,1,5,2,8,8,5,1,125,
3,1,5,2,8,8,6,1,125,
3,1,5,2,8,8,7,1,125,
3,1,5,2,8,8,8,1,125,
4,1,5,2,8,8,1,1,125,
4,1,5,2,8,8,2,1,125,
4,1,5,2,8,8,3,1,125,
4,1,5,2,8,8,4,1,125,
4,1,5,2,8,8,5,1,125,
4,1,5,2,8,8,6,1,125,
4,1,5,2,8,8,7,1,125,
4,1,5,2,8,8,8,1,125,
5,1,5,2,8,8,1,1,125,
5,1,5,2,8,8,2,1,125,
5,1,5,2,8,8,3,1,125,
5,1,5,2,8,8,4,1,125,
5,1,5,2,8,8,5,1,125,
5,1,5,2,8,8,6,1,125,
5,1,5,2,8,8,7,1,125,
5,1,5,2,8,8,8,1,125,
6,1,5,2,8,8,1,1,125,
6,1,5,2,8,8,2,1,125,
6,1,5,2,8,8,3,1,125,
6,1,5,2,8,8,4,1,125,
6,1,5,2,8,8,5,1,125,
6,1,5,2,8,8,6,1,125,
6,1,5,2,8,8,7,1,125,
6,1,5,2,8,8,8,1,125,
7,1,5,2,8,8,1,1,125,
7,1,5,2,8,8,2,1,125,
7,1,5,2,8,8,3,1,125,
7,1,5,2,8,8,4,1,125,
7,1,5,2,8,8,5,1,125,
7,1,5,2,8,8,6,1,125,
7,1,5,2,8,8,7,1,125,
7,1,5,2,8,8,8,1,125,
8,1,5,2,8,8,1,1,125,
8,1,5,2,8,8,2,1,125,
8,1,5,2,8,8,3,1,125,
8,1,5,2,8,8,4,1,125,
8,1,5,2,8,8,5,1,125,
8,1,5,2,8,8,6,1,125,
8,1,5,2,8,8,7,1,125,
8,1,5,2,8,8,8,1,125,
1,1,5,3,8,8,1,1,152,
1,1,5,3,8,8,2,1,152,
1,1,5,3,8,8,3,1,152,
1,1,5,3,8,8,4,1,152,
1,1,5,3,8,8,5,1,152,
1,1,5,3,8,8,6,1,152,
1,1,5,3,8,8,7,1,152,
1,1,5,3,8,8,8,1,152,
2,1,5,3,8,8,1,1,152,
2,1,5,3,8,8,2,1,152,
2,1,5,3,8,8,3,1,152,
2,1,5,3,8,8,4,1,152,
2,1,5,3,8,8,5,1,152,
2,1,5,3,8,8,6,1,152,
2,1,5,3,8,8,7,1,152,
2,1,5,3,8,8,8,1,152,
3,1,5,3,8,8,1,1,152,
3,1,5,3,8,8,2,1,152,
3,1,5,3,8,8,3,1,152,
3,1,5,3,8,8,4,1,152,
3,1,5,3,8,8,5,1,152,
3,1,5,3,8,8,6,1,152,
3,1,5,3,8,8,7,1,152,
3,1,5,3,8,8,8,1,152,
4,1,5,3,8,8,1,1,152,
4,1,5,3,8,8,2,1,152,
4,1,5,3,8,8,3,1,152,
4,1,5,3,8,8,4,1,152,
4,1,5,3,8,8,5,1,152,
4,1,5,3,8,8,6,1,152,
4,1,5,3,8,8,7,1,152,
4,1,5,3,8,8,8,1,152,
5,1,5,3,8,8,1,1,152,
5,1,5,3,8,8,2,1,152,
5,1,5,3,8,8,3,1,152,
5,1,5,3,8,8,4,1,152,
5,1,5,3,8,8,5,1,152,
5,1,5,3,8,8,6,1,152,
5,1,5,3,8,8,7,1,152,
5,1,5,3,8,8,8,1,152,
6,1,5,3,8,8,1,1,152,
6,1,5,3,8,8,2,1,152,
6,1,5,3,8,8,3,1,152,
6,1,5,3,8,8,4,1,152,
6,1,5,3,8,8,5,1,152,
6,1,5,3,8,8,6,1,152,
6,1,5,3,8,8,7,1,152,
6,1,5,3,8,8,8,1,152,
7,1,5,3,8,8,1,1,152,
7,1,5,3,8,8,2,1,152,
7,1,5,3,8,8,3,1,152,
7,1,5,3,8,8,4,1,152,
7,1,5,3,8,8,5,1,152,
7,1,5,3,8,8,6,1,152,
7,1,5,3,8,8,7,1,152,
7,1,5,3,8,8,8,1,152,
8,1,5,3,8,8,1,1,152,
8,1,5,3,8,8,2,1,152,
8,1,5,3,8,8,3,1,152,
8,1,5,3,8,8,4,1,152,
8,1,5,3,8,8,5,1,152,
8,1,5,3,8,8,6,1,152,
8,1,5,3,8,8,7,1,152,
8,1,5,3,8,8,8,1,152,
1,1,5,4,8,8,1,1,179,
1,1,5,4,8,8,2,1,179,
1,1,5,4,8,8,3,1,179,
1,1,5,4,8,8,4,1,179,
1,1,5,4,8,8,5,1,179,
1,1,5,4,8,8,6,1,179,
1,1,5,4,8,8,7,1,179,
1,1,5,4,8,8,8,1,179,
2,1,5,4,8,8,1,1,179,
2,1,5,4,8,8,2,1,179,
2,1,5,4,8,8,3,1,179,
2,1,5,4,8,8,4,1,179,
2,1,5,4,8,8,5,1,179,
2,1,5,4,8,8,6,1,179,
2,1,5,4,8,8,7,1,179,
2,1,5,4,8,8,8,1,179,
3,1,5,4,8,8,1,1,179,
3,1,5,4,8,8,2,1,179,
3,1,5,4,8,8,3,1,179,
3,1,5,4,8,8,4,1,179,
3,1,5,4,8,8,5,1,179,
3,1,5,4,8,8,6,1,179,
3,1,5,4,8,8,7,1,179,
3,1,5,4,8,8,8,1,179,
4,1,5,4,8,8,1,1,179,
4,1,5,4,8,8,2,1,179,
4,1,5,4,8,8,3,1,179,
4,1,5,4,8,8,4,1,179,
4,1,5,4,8,8,5,1,179,
4,1,5,4,8,8,6,1,179,
4,1,5,4,8,8,7,1,179,
4,1,5,4,8,8,8,1,179,
5,1,5,4,8,8,1,1,179,
5,1,5,4,8,8,2,1,179,
5,1,5,4,8,8,3,1,179,
5,1,5,4,8,8,4,1,179,
5,1,5,4,8,8,5,1,179,
5,1,5,4,8,8,6,1,179,
5,1,5,4,8,8,7,1,179,
5,1,5,4,8,8,8,1,179,
6,1,5,4,8,8,1,1,179,
6,1,5,4,8,8,2,1,179,
6,1,5,4,8,8,3,1,179,
6,1,5,4,8,8,4,1,179,
6,1,5,4,8,8,5,1,179,
6,1,5,4,8,8,6,1,179,
6,1,5,4,8,8,7,1,179,
6,1,5,4,8,8,8,1,179,
7,1,5,4,8,8,1,1,179,
7,1,5,4,8,8,2,1,179,
7,1,5,4,8,8,3,1,179,
7,1,5,4,8,8,4,1,179,
7,1,5,4,8,8,5,1,179,
7,1,5,4,8,8,6,1,179,
7,1,5,4,8,8,7,1,179,
7,1,5,4,8,8,8,1,179,
8,1,5,4,8,8,1,1,179,
8,1,5,4,8,8,2,1,179,
8,1,5,4,8,8,3,1,179,
8,1,5,4,8,8,4,1,179,
8,1,5,4,8,8,5,1,179,
8,1,5,4,8,8,6,1,179,
8,1,5,4,8,8,7,1,179,
8,1,5,4,8,8,8,1,179,
1,1,5,5,8,8,1,1,206,
1,1,5,5,8,8,2,1,206,
1,1,5,5,8,8,3,1,206,
1,1,5,5,8,8,4,1,206,
1,1,5,5,8,8,5,1,206,
1,1,5,5,8,8,6,1,206,
1,1,5,5,8,8,7,1,206,
1,1,5,5,8,8,8,1,206,
2,1,5,5,8,8,1,1,206,
2,1,5,5,8,8,2,1,206,
2,1,5,5,8,8,3,1,206,
2,1,5,5,8,8,4,1,206,
2,1,5,5,8,8,5,1,206,
2,1,5,5,8,8,6,1,206,
2,1,5,5,8,8,7,1,206,
2,1,5,5,8,8,8,1,206,
3,1,5,5,8,8,1,1,206,
3,1,5,5,8,8,2,1,206,
3,1,5,5,8,8,3,1,206,
3,1,5,5,8,8,4,1,206,
3,1,5,5,8,8,5,1,206,
3,1,5,5,8,8,6,1,206,
3,1,5,5,8,8,7,1,206,
3,1,5,5,8,8,8,1,206,
4,1,5,5,8,8,1,1,206,
4,1,5,5,8,8,2,1,206,
4,1,5,5,8,8,3,1,206,
4,1,5,5,8,8,4,1,206,
4,1,5,5,8,8,5,1,206,
4,1,5,5,8,8,6,1,206,
4,1,5,5,8,8,7,1,206,
4,1,5,5,8,8,8,1,206,
5,1,5,5,8,8,1,1,206,
5,1,5,5,8,8,2,1,206,
5,1,5,5,8,8,3,1,206,
5,1,5,5,8,8,4,1,206,
5,1,5,5,8,8,5,1,206,
5,1,5,5,8,8,6,1,206,
5,1,5,5,8,8,7,1,206,
5,1,5,5,8,8,8,1,206,
6,1,5,5,8,8,1,1,206,
6,1,5,5,8,8,2,1,206,
6,1,5,5,8,8,3,1,206,
6,1,5,5,8,8,4,1,206,
6,1,5,5,8,8,5,1,206,
6,1,5,5,8,8,6,1,206,
6,1,5,5,8,8,7,1,206,
6,1,5,5,8,8,8,1,206,
7,1,5,5,8,8,1,1,206,
7,1,5,5,8,8,2,1,206,
7,1,5,5,8,8,3,1,206,
7,1,5,5,8,8,4,1,206,
7,1,5,5,8,8,5,1,206,
7,1,5,5,8,8,6,1,206,
7,1,5,5,8,8,7,1,206,
7,1,5,5,8,8,8,1,206,
8,1,5,5,8,8,1,1,206,
8,1,5,5,8,8,2,1,206,
8,1,5,5,8,8,3,1,206,
8,1,5,5,8,8,4,1,206,
8,1,5,5,8,8,5,1,206,
8,1,5,5,8,8,6,1,206,
8,1,5,5,8,8,7,1,206,
8,1,5,5,8,8,8,1,206,
1,1,5,6,8,8,1,1,233,
1,1,5,6,8,8,2,1,233,
1,1,5,6,8,8,3,1,233,
1,1,5,6,8,8,4,1,233,
1,1,5,6,8,8,5,1,233,
1,1,5,6,8,8,6,1,233,
1,1,5,6,8,8,7,1,233,
1,1,5,6,8,8,8,1,233,
2,1,5,6,8,8,1,1,233,
2,1,5,6,8,8,2,1,233,
2,1,5,6,8,8,3,1,233,
2,1,5,6,8,8,4,1,233,
2,1,5,6,8,8,5,1,233,
2,1,5,6,8,8,6,1,233,
2,1,5,6,8,8,7,1,233,
2,1,5,6,8,8,8,1,233,
3,1,5,6,8,8,1,1,233,
3,1,5,6,8,8,2,1,233,
3,1,5,6,8,8,3,1,233,
3,1,5,6,8,8,4,1,233,
3,1,5,6,8,8,5,1,233,
3,1,5,6,8,8,6,1,233,
3,1,5,6,8,8,7,1,233,
3,1,5,6,8,8,8,1,233,
4,1,5,6,8,8,1,1,233,
4,1,5,6,8,8,2,1,233,
4,1,5,6,8,8,3,1,233,
4,1,5,6,8,8,4,1,233,
4,1,5,6,8,8,5,1,233,
4,1,5,6,8,8,6,1,233,
4,1,5,6,8,8,7,1,233,
4,1,5,6,8,8,8,1,233,
5,1,5,6,8,8,1,1,233,
5,1,5,6,8,8,2,1,233,
5,1,5,6,8,8,3,1,233,
5,1,5,6,8,8,4,1,233,
5,1,5,6,8,8,5,1,233,
5,1,5,6,8,8,6,1,233,
5,1,5,6,8,8,7,1,233,
5,1,5,6,8,8,8,1,233,
6,1,5,6,8,8,1,1,233,
6,1,5,6,8,8,2,1,233,
6,1,5,6,8,8,3,1,233,
6,1,5,6,8,8,4,1,233,
6,1,5,6,8,8,5,1,233,
6,1,5,6,8,8,6,1,233,
6,1,5,6,8,8,7,1,233,
6,1,5,6,8,8,8,1,233,
7,1,5,6,8,8,1,1,233,
7,1,5,6,8,8,2,1,233,
7,1,5,6,8,8,3,1,233,
7,1,5,6,8,8,4,1,233,
7,1,5,6,8,8,5,1,233,
7,1,5,6,8,8,6,1,233,
7,1,5,6,8,8,7,1,233,
7,1,5,6,8,8,8,1,233,
8,1,5,6,8,8,1,1,233,
8,1,5,6,8,8,2,1,233,
8,1,5,6,8,8,3,1,233,
8,1,5,6,8,8,4,1,233,
8,1,5,6,8,8,5,1,233,
8,1,5,6,8,8,6,1,233,
8,1,5,6,8,8,7,1,233,
8,1,5,6,8,8,8,1,233,
1,1,5,7,8,8,1,1,260,
1,1,5,7,8,8,2,1,260,
1,1,5,7,8,8,3,1,260,
1,1,5,7,8,8,4,1,260,
1,1,5,7,8,8,5,1,260,
1,1,5,7,8,8,6,1,260,
1,1,5,7,8,8,7,1,260,
1,1,5,7,8,8,8,1,260,
2,1,5,7,8,8,1,1,260,
2,1,5,7,8,8,2,1,260,
2,1,5,7,8,8,3,1,260,
2,1,5,7,8,8,4,1,260,
2,1,5,7,8,8,5,1,260,
2,1,5,7,8,8,6,1,260,
2,1,5,7,8,8,7,1,260,
2,1,5,7,8,8,8,1,260,
3,1,5,7,8,8,1,1,260,
3,1,5,7,8,8,2,1,260,
3,1,5,7,8,8,3,1,260,
3,1,5,7,8,8,4,1,260,
3,1,5,7,8,8,5,1,260,
3,1,5,7,8,8,6,1,260,
3,1,5,7,8,8,7,1,260,
3,1,5,7,8,8,8,1,260,
4,1,5,7,8,8,1,1,260,
4,1,5,7,8,8,2,1,260,
4,1,5,7,8,8,3,1,260,
4,1,5,7,8,8,4,1,260,
4,1,5,7,8,8,5,1,260,
4,1,5,7,8,8,6,1,260,
4,1,5,7,8,8,7,1,260,
4,1,5,7,8,8,8,1,260,
5,1,5,7,8,8,1,1,260,
5,1,5,7,8,8,2,1,260,
5,1,5,7,8,8,3,1,260,
5,1,5,7,8,8,4,1,260,
5,1,5,7,8,8,5,1,260,
5,1,5,7,8,8,6,1,260,
5,1,5,7,8,8,7,1,260,
5,1,5,7,8,8,8,1,260,
6,1,5,7,8,8,1,1,260,
6,1,5,7,8,8,2,1,260,
6,1,5,7,8,8,3,1,260,
6,1,5,7,8,8,4,1,260,
6,1,5,7,8,8,5,1,260,
6,1,5,7,8,8,6,1,260,
6,1,5,7,8,8,7,1,260,
6,1,5,7,8,8,8,1,260,
7,1,5,7,8,8,1,1,260,
7,1,5,7,8,8,2,1,260,
7,1,5,7,8,8,3,1,260,
7,1,5,7,8,8,4,1,260,
7,1,5,7,8,8,5,1,260,
7,1,5,7,8,8,6,1,260,
7,1,5,7,8,8,7,1,260,
7,1,5,7,8,8,8,1,260,
8,1,5,7,8,8,1,1,260,
8,1,5,7,8,8,2,1,260,
8,1,5,7,8,8,3,1,260,
8,1,5,7,8,8,4,1,260,
8,1,5,7,8,8,5,1,260,
8,1,5,7,8,8,6,1,260,
8,1,5,7,8,8,7,1,260,
8,1,5,7,8,8,8,1,260,
1,1,5,8,8,8,1,1,287,
1,1,5,8,8,8,2,1,287,
1,1,5,8,8,8,3,1,287,
1,1,5,8,8,8,4,1,287,
1,1,5,8,8,8,5,1,287,
1,1,5,8,8,8,6,1,287,
1,1,5,8,8,8,7,1,287,
1,1,5,8,8,8,8,1,287,
2,1,5,8,8,8,1,1,287,
2,1,5,8,8,8,2,1,287,
2,1,5,8,8,8,3,1,287,
2,1,5,8,8,8,4,1,287,
2,1,5,8,8,8,5,1,287,
2,1,5,8,8,8,6,1,287,
2,1,5,8,8,8,7,1,287,
2,1,5,8,8,8,8,1,287,
3,1,5,8,8,8,1,1,287,
3,1,5,8,8,8,2,1,287,
3,1,5,8,8,8,3,1,287,
3,1,5,8,8,8,4,1,287,
3,1,5,8,8,8,5,1,287,
3,1,5,8,8,8,6,1,287,
3,1,5,8,8,8,7,1,287,
3,1,5,8,8,8,8,1,287,
4,1,5,8,8,8,1,1,287,
4,1,5,8,8,8,2,1,287,
4,1,5,8,8,8,3,1,287,
4,1,5,8,8,8,4,1,287,
4,1,5,8,8,8,5,1,287,
4,1,5,8,8,8,6,1,287,
4,1,5,8,8,8,7,1,287,
4,1,5,8,8,8,8,1,287,
5,1,5,8,8,8,1,1,287,
5,1,5,8,8,8,2,1,287,
5,1,5,8,8,8,3,1,287,
5,1,5,8,8,8,4,1,287,
5,1,5,8,8,8,5,1,287,
5,1,5,8,8,8,6,1,287,
5,1,5,8,8,8,7,1,287,
5,1,5,8,8,8,8,1,287,
6,1,5,8,8,8,1,1,287,
6,1,5,8,8,8,2,1,287,
6,1,5,8,8,8,3,1,287,
6,1,5,8,8,8,4,1,287,
6,1,5,8,8,8,5,1,287,
6,1,5,8,8,8,6,1,287,
6,1,5,8,8,8,7,1,287,
6,1,5,8,8,8,8,1,287,
7,1,5,8,8,8,1,1,287,
7,1,5,8,8,8,2,1,287,
7,1,5,8,8,8,3,1,287,
7,1,5,8,8,8,4,1,287,
7,1,5,8,8,8,5,1,287,
7,1,5,8,8,8,6,1,287,
7,1,5,8,8,8,7,1,287,
7,1,5,8,8,8,8,1,287,
8,1,5,8,8,8,1,1,287,
8,1,5,8,8,8,2,1,287,
8,1,5,8,8,8,3,1,287,
8,1,5,8,8,8,4,1,287,
8,1,5,8,8,8,5,1,287,
8,1,5,8,8,8,6,1,287,
8,1,5,8,8,8,7,1,287,
8,1,5,8,8,8,8,1,287,
1,1,6,1,8,8,1,1,103,
1,1,6,1,8,8,2,1,103,
1,1,6,1,8,8,3,1,103,
1,1,6,1,8,8,4,1,103,
1,1,6,1,8,8,5,1,103,
1,1,6,1,8,8,6,1,103,
1,1,6,1,8,8,7,1,103,
1,1,6,1,8,8,8,1,103,
2,1,6,1,8,8,1,1,103,
2,1,6,1,8,8,2,1,103,
2,1,6,1,8,8,3,1,103,
2,1,6,1,8,8,4,1,103,
2,1,6,1,8,8,5,1,103,
2,1,6,1,8,8,6,1,103,
2,1,6,1,8,8,7,1,103,
2,1,6,1,8,8,8,1,103,
3,1,6,1,8,8,1,1,103,
3,1,6,1,8,8,2,1,103,
3,1,6,1,8,8,3,1,103,
3,1,6,1,8,8,4,1,103,
3,1,6,1,8,8,5,1,103,
3,1,6,1,8,8,6,1,103,
3,1,6,1,8,8,7,1,103,
3,1,6,1,8,8,8,1,103,
4,1,6,1,8,8,1,1,103,
4,1,6,1,8,8,2,1,103,
4,1,6,1,8,8,3,1,103,
4,1,6,1,8,8,4,1,103,
4,1,6,1,8,8,5,1,103,
4,1,6,1,8,8,6,1,103,
4,1,6,1,8,8,7,1,103,
4,1,6,1,8,8,8,1,103,
5,1,6,1,8,8,1,1,103,
5,1,6,1,8,8,2,1,103,
5,1,6,1,8,8,3,1,103,
5,1,6,1,8,8,4,1,103,
5,1,6,1,8,8,5,1,103,
5,1,6,1,8,8,6,1,103,
5,1,6,1,8,8,7,1,103,
5,1,6,1,8,8,8,1,103,
6,1,6,1,8,8,1,1,103,
6,1,6,1,8,8,2,1,103,
6,1,6,1,8,8,3,1,103,
6,1,6,1,8,8,4,1,103,
6,1,6,1,8,8,5,1,103,
6,1,6,1,8,8,6,1,103,
6,1,6,1,8,8,7,1,103,
6,1,6,1,8,8,8,1,103,
7,1,6,1,8,8,1,1,103,
7,1,6,1,8,8,2,1,103,
7,1,6,1,8,8,3,1,103,
7,1,6,1,8,8,4,1,103,
7,1,6,1,8,8,5,1,103,
7,1,6,1,8,8,6,1,103,
7,1,6,1,8,8,7,1,103,
7,1,6,1,8,8,8,1,103,
8,1,6,1,8,8,1,1,103,
8,1,6,1,8,8,2,1,103,
8,1,6,1,8,8,3,1,103,
8,1,6,1,8,8,4,1,103,
8,1,6,1,8,8,5,1,103,
8,1,6,1,8,8,6,1,103,
8,1,6,1,8,8,7,1,103,
8,1,6,1,8,8,8,1,103,
1,1,6,2,8,8,1,1,135,
1,1,6,2,8,8,2,1,135,
1,1,6,2,8,8,3,1,135,
1,1,6,2,8,8,4,1,135,
1,1,6,2,8,8,5,1,135,
1,1,6,2,8,8,6,1,135,
1,1,6,2,8,8,7,1,135,
1,1,6,2,8,8,8,1,135,
2,1,6,2,8,8,1,1,135,
2,1,6,2,8,8,2,1,135,
2,1,6,2,8,8,3,1,135,
2,1,6,2,8,8,4,1,135,
2,1,6,2,8,8,5,1,135,
2,1,6,2,8,8,6,1,135,
2,1,6,2,8,8,7,1,135,
2,1,6,2,8,8,8,1,135,
3,1,6,2,8,8,1,1,135,
3,1,6,2,8,8,2,1,135,
3,1,6,2,8,8,3,1,135,
3,1,6,2,8,8,4,1,135,
3,1,6,2,8,8,5,1,135,
3,1,6,2,8,8,6,1,135,
3,1,6,2,8,8,7,1,135,
3,1,6,2,8,8,8,1,135,
4,1,6,2,8,8,1,1,135,
4,1,6,2,8,8,2,1,135,
4,1,6,2,8,8,3,1,135,
4,1,6,2,8,8,4,1,135,
4,1,6,2,8,8,5,1,135,
4,1,6,2,8,8,6,1,135,
4,1,6,2,8,8,7,1,135,
4,1,6,2,8,8,8,1,135,
5,1,6,2,8,8,1,1,135,
5,1,6,2,8,8,2,1,135,
5,1,6,2,8,8,3,1,135,
5,1,6,2,8,8,4,1,135,
5,1,6,2,8,8,5,1,135,
5,1,6,2,8,8,6,1,135,
5,1,6,2,8,8,7,1,135,
5,1,6,2,8,8,8,1,135,
6,1,6,2,8,8,1,1,135,
6,1,6,2,8,8,2,1,135,
6,1,6,2,8,8,3,1,135,
6,1,6,2,8,8,4,1,135,
6,1,6,2,8,8,5,1,135,
6,1,6,2,8,8,6,1,135,
6,1,6,2,8,8,7,1,135,
6,1,6,2,8,8,8,1,135,
7,1,6,2,8,8,1,1,135,
7,1,6,2,8,8,2,1,135,
7,1,6,2,8,8,3,1,135,
7,1,6,2,8,8,4,1,135,
7,1,6,2,8,8,5,1,135,
7,1,6,2,8,8,6,1,135,
7,1,6,2,8,8,7,1,135,
7,1,6,2,8,8,8,1,135,
8,1,6,2,8,8,1,1,135,
8,1,6,2,8,8,2,1,135,
8,1,6,2,8,8,3,1,135,
8,1,6,2,8,8,4,1,135,
8,1,6,2,8,8,5,1,135,
8,1,6,2,8,8,6,1,135,
8,1,6,2,8,8,7,1,135,
8,1,6,2,8,8,8,1,135,
1,1,6,3,8,8,1,1,167,
1,1,6,3,8,8,2,1,167,
1,1,6,3,8,8,3,1,167,
1,1,6,3,8,8,4,1,167,
1,1,6,3,8,8,5,1,167,
1,1,6,3,8,8,6,1,167,
1,1,6,3,8,8,7,1,167,
1,1,6,3,8,8,8,1,167,
2,1,6,3,8,8,1,1,167,
2,1,6,3,8,8,2,1,167,
2,1,6,3,8,8,3,1,167,
2,1,6,3,8,8,4,1,167,
2,1,6,3,8,8,5,1,167,
2,1,6,3,8,8,6,1,167,
2,1,6,3,8,8,7,1,167,
2,1,6,3,8,8,8,1,167,
3,1,6,3,8,8,1,1,167,
3,1,6,3,8,8,2,1,167,
3,1,6,3,8,8,3,1,167,
3,1,6,3,8,8,4,1,167,
3,1,6,3,8,8,5,1,167,
3,1,6,3,8,8,6,1,167,
3,1,6,3,8,8,7,1,167,
3,1,6,3,8,8,8,1,167,
4,1,6,3,8,8,1,1,167,
4,1,6,3,8,8,2,1,167,
4,1,6,3,8,8,3,1,167,
4,1,6,3,8,8,4,1,167,
4,1,6,3,8,8,5,1,167,
4,1,6,3,8,8,6,1,167,
4,1,6,3,8,8,7,1,167,
4,1,6,3,8,8,8,1,167,
5,1,6,3,8,8,1,1,167,
5,1,6,3,8,8,2,1,167,
5,1,6,3,8,8,3,1,167,
5,1,6,3,8,8,4,1,167,
5,1,6,3,8,8,5,1,167,
5,1,6,3,8,8,6,1,167,
5,1,6,3,8,8,7,1,167,
5,1,6,3,8,8,8,1,167,
6,1,6,3,8,8,1,1,167,
6,1,6,3,8,8,2,1,167,
6,1,6,3,8,8,3,1,167,
6,1,6,3,8,8,4,1,167,
6,1,6,3,8,8,5,1,167,
6,1,6,3,8,8,6,1,167,
6,1,6,3,8,8,7,1,167,
6,1,6,3,8,8,8,1,167,
7,1,6,3,8,8,1,1,167,
7,1,6,3,8,8,2,1,167,
7,1,6,3,8,8,3,1,167,
7,1,6,3,8,8,4,1,167,
7,1,6,3,8,8,5,1,167,
7,1,6,3,8,8,6,1,167,
7,1,6,3,8,8,7,1,167,
7,1,6,3,8,8,8,1,167,
8,1,6,3,8,8,1,1,167,
8,1,6,3,8,8,2,1,167,
8,1,6,3,8,8,3,1,167,
8,1,6,3,8,8,4,1,167,
8,1,6,3,8,8,5,1,167,
8,1,6,3,8,8,6,1,167,
8,1,6,3,8,8,7,1,167,
8,1,6,3,8,8,8,1,167,
1,1,6,4,8,8,1,1,199,
1,1,6,4,8,8,2,1,199,
1,1,6,4,8,8,3,1,199,
1,1,6,4,8,8,4,1,199,
1,1,6,4,8,8,5,1,199,
1,1,6,4,8,8,6,1,199,
1,1,6,4,8,8,7,1,199,
1,1,6,4,8,8,8,1,199,
2,1,6,4,8,8,1,1,199,
2,1,6,4,8,8,2,1,199,
2,1,6,4,8,8,3,1,199,
2,1,6,4,8,8,4,1,199,
2,1,6,4,8,8,5,1,199,
2,1,6,4,8,8,6,1,199,
2,1,6,4,8,8,7,1,199,
2,1,6,4,8,8,8,1,199,
3,1,6,4,8,8,1,1,199,
3,1,6,4,8,8,2,1,199,
3,1,6,4,8,8,3,1,199,
3,1,6,4,8,8,4,1,199,
3,1,6,4,8,8,5,1,199,
3,1,6,4,8,8,6,1,199,
3,1,6,4,8,8,7,1,199,
3,1,6,4,8,8,8,1,199,
4,1,6,4,8,8,1,1,199,
4,1,6,4,8,8,2,1,199,
4,1,6,4,8,8,3,1,199,
4,1,6,4,8,8,4,1,199,
4,1,6,4,8,8,5,1,199,
4,1,6,4,8,8,6,1,199,
4,1,6,4,8,8,7,1,199,
4,1,6,4,8,8,8,1,199,
5,1,6,4,8,8,1,1,199,
5,1,6,4,8,8,2,1,199,
5,1,6,4,8,8,3,1,199,
5,1,6,4,8,8,4,1,199,
5,1,6,4,8,8,5,1,199,
5,1,6,4,8,8,6,1,199,
5,1,6,4,8,8,7,1,199,
5,1,6,4,8,8,8,1,199,
6,1,6,4,8,8,1,1,199,
6,1,6,4,8,8,2,1,199,
6,1,6,4,8,8,3,1,199,
6,1,6,4,8,8,4,1,199,
6,1,6,4,8,8,5,1,199,
6,1,6,4,8,8,6,1,199,
6,1,6,4,8,8,7,1,199,
6,1,6,4,8,8,8,1,199,
7,1,6,4,8,8,1,1,199,
7,1,6,4,8,8,2,1,199,
7,1,6,4,8,8,3,1,199,
7,1,6,4,8,8,4,1,199,
7,1,6,4,8,8,5,1,199,
7,1,6,4,8,8,6,1,199,
7,1,6,4,8,8,7,1,199,
7,1,6,4,8,8,8,1,199,
8,1,6,4,8,8,1,1,199,
8,1,6,4,8,8,2,1,199,
8,1,6,4,8,8,3,1,199,
8,1,6,4,8,8,4,1,199,
8,1,6,4,8,8,5,1,199,
8,1,6,4,8,8,6,1,199,
8,1,6,4,8,8,7,1,199,
8,1,6,4,8,8,8,1,199,
1,1,6,5,8,8,1,1,231,
1,1,6,5,8,8,2,1,231,
1,1,6,5,8,8,3,1,231,
1,1,6,5,8,8,4,1,231,
1,1,6,5,8,8,5,1,231,
1,1,6,5,8,8,6,1,231,
1,1,6,5,8,8,7,1,231,
1,1,6,5,8,8,8,1,231,
2,1,6,5,8,8,1,1,231,
2,1,6,5,8,8,2,1,231,
2,1,6,5,8,8,3,1,231,
2,1,6,5,8,8,4,1,231,
2,1,6,5,8,8,5,1,231,
2,1,6,5,8,8,6,1,231,
2,1,6,5,8,8,7,1,231,
2,1,6,5,8,8,8,1,231,
3,1,6,5,8,8,1,1,231,
3,1,6,5,8,8,2,1,231,
3,1,6,5,8,8,3,1,231,
3,1,6,5,8,8,4,1,231,
3,1,6,5,8,8,5,1,231,
3,1,6,5,8,8,6,1,231,
3,1,6,5,8,8,7,1,231,
3,1,6,5,8,8,8,1,231,
4,1,6,5,8,8,1,1,231,
4,1,6,5,8,8,2,1,231,
4,1,6,5,8,8,3,1,231,
4,1,6,5,8,8,4,1,231,
4,1,6,5,8,8,5,1,231,
4,1,6,5,8,8,6,1,231,
4,1,6,5,8,8,7,1,231,
4,1,6,5,8,8,8,1,231,
5,1,6,5,8,8,1,1,231,
5,1,6,5,8,8,2,1,231,
5,1,6,5,8,8,3,1,231,
5,1,6,5,8,8,4,1,231,
5,1,6,5,8,8,5,1,231,
5,1,6,5,8,8,6,1,231,
5,1,6,5,8,8,7,1,231,
5,1,6,5,8,8,8,1,231,
6,1,6,5,8,8,1,1,231,
6,1,6,5,8,8,2,1,231,
6,1,6,5,8,8,3,1,231,
6,1,6,5,8,8,4,1,231,
6,1,6,5,8,8,5,1,231,
6,1,6,5,8,8,6,1,231,
6,1,6,5,8,8,7,1,231,
6,1,6,5,8,8,8,1,231,
7,1,6,5,8,8,1,1,231,
7,1,6,5,8,8,2,1,231,
7,1,6,5,8,8,3,1,231,
7,1,6,5,8,8,4,1,231,
7,1,6,5,8,8,5,1,231,
7,1,6,5,8,8,6,1,231,
7,1,6,5,8,8,7,1,231,
7,1,6,5,8,8,8,1,231,
8,1,6,5,8,8,1,1,231,
8,1,6,5,8,8,2,1,231,
8,1,6,5,8,8,3,1,231,
8,1,6,5,8,8,4,1,231,
8,1,6,5,8,8,5,1,231,
8,1,6,5,8,8,6,1,231,
8,1,6,5,8,8,7,1,231,
8,1,6,5,8,8,8,1,231,
1,1,6,6,8,8,1,1,263,
1,1,6,6,8,8,2,1,263,
1,1,6,6,8,8,3,1,263,
1,1,6,6,8,8,4,1,263,
1,1,6,6,8,8,5,1,263,
1,1,6,6,8,8,6,1,263,
1,1,6,6,8,8,7,1,263,
1,1,6,6,8,8,8,1,263,
2,1,6,6,8,8,1,1,263,
2,1,6,6,8,8,2,1,263,
2,1,6,6,8,8,3,1,263,
2,1,6,6,8,8,4,1,263,
2,1,6,6,8,8,5,1,263,
2,1,6,6,8,8,6,1,263,
2,1,6,6,8,8,7,1,263,
2,1,6,6,8,8,8,1,263,
3,1,6,6,8,8,1,1,263,
3,1,6,6,8,8,2,1,263,
3,1,6,6,8,8,3,1,263,
3,1,6,6,8,8,4,1,263,
3,1,6,6,8,8,5,1,263,
3,1,6,6,8,8,6,1,263,
3,1,6,6,8,8,7,1,263,
3,1,6,6,8,8,8,1,263,
4,1,6,6,8,8,1,1,263,
4,1,6,6,8,8,2,1,263,
4,1,6,6,8,8,3,1,263,
4,1,6,6,8,8,4,1,263,
4,1,6,6,8,8,5,1,263,
4,1,6,6,8,8,6,1,263,
4,1,6,6,8,8,7,1,263,
4,1,6,6,8,8,8,1,263,
5,1,6,6,8,8,1,1,263,
5,1,6,6,8,8,2,1,263,
5,1,6,6,8,8,3,1,263,
5,1,6,6,8,8,4,1,263,
5,1,6,6,8,8,5,1,263,
5,1,6,6,8,8,6,1,263,
5,1,6,6,8,8,7,1,263,
5,1,6,6,8,8,8,1,263,
6,1,6,6,8,8,1,1,263,
6,1,6,6,8,8,2,1,263,
6,1,6,6,8,8,3,1,263,
6,1,6,6,8,8,4,1,263,
6,1,6,6,8,8,5,1,263,
6,1,6,6,8,8,6,1,263,
6,1,6,6,8,8,7,1,263,
6,1,6,6,8,8,8,1,263,
7,1,6,6,8,8,1,1,263,
7,1,6,6,8,8,2,1,263,
7,1,6,6,8,8,3,1,263,
7,1,6,6,8,8,4,1,263,
7,1,6,6,8,8,5,1,263,
7,1,6,6,8,8,6,1,263,
7,1,6,6,8,8,7,1,263,
7,1,6,6,8,8,8,1,263,
8,1,6,6,8,8,1,1,263,
8,1,6,6,8,8,2,1,263,
8,1,6,6,8,8,3,1,263,
8,1,6,6,8,8,4,1,263,
8,1,6,6,8,8,5,1,263,
8,1,6,6,8,8,6,1,263,
8,1,6,6,8,8,7,1,263,
8,1,6,6,8,8,8,1,263,
1,1,6,7,8,8,1,1,295,
1,1,6,7,8,8,2,1,295,
1,1,6,7,8,8,3,1,295,
1,1,6,7,8,8,4,1,295,
1,1,6,7,8,8,5,1,295,
1,1,6,7,8,8,6,1,295,
1,1,6,7,8,8,7,1,295,
1,1,6,7,8,8,8,1,295,
2,1,6,7,8,8,1,1,295,
2,1,6,7,8,8,2,1,295,
2,1,6,7,8,8,3,1,295,
2,1,6,7,8,8,4,1,295,
2,1,6,7,8,8,5,1,295,
2,1,6,7,8,8,6,1,295,
2,1,6,7,8,8,7,1,295,
2,1,6,7,8,8,8,1,295,
3,1,6,7,8,8,1,1,295,
3,1,6,7,8,8,2,1,295,
3,1,6,7,8,8,3,1,295,
3,1,6,7,8,8,4,1,295,
3,1,6,7,8,8,5,1,295,
3,1,6,7,8,8,6,1,295,
3,1,6,7,8,8,7,1,295,
3,1,6,7,8,8,8,1,295,
4,1,6,7,8,8,1,1,295,
4,1,6,7,8,8,2,1,295,
4,1,6,7,8,8,3,1,295,
4,1,6,7,8,8,4,1,295,
4,1,6,7,8,8,5,1,295,
4,1,6,7,8,8,6,1,295,
4,1,6,7,8,8,7,1,295,
4,1,6,7,8,8,8,1,295,
5,1,6,7,8,8,1,1,295,
5,1,6,7,8,8,2,1,295,
5,1,6,7,8,8,3,1,295,
5,1,6,7,8,8,4,1,295,
5,1,6,7,8,8,5,1,295,
5,1,6,7,8,8,6,1,295,
5,1,6,7,8,8,7,1,295,
5,1,6,7,8,8,8,1,295,
6,1,6,7,8,8,1,1,295,
6,1,6,7,8,8,2,1,295,
6,1,6,7,8,8,3,1,295,
6,1,6,7,8,8,4,1,295,
6,1,6,7,8,8,5,1,295,
6,1,6,7,8,8,6,1,295,
6,1,6,7,8,8,7,1,295,
6,1,6,7,8,8,8,1,295,
7,1,6,7,8,8,1,1,295,
7,1,6,7,8,8,2,1,295,
7,1,6,7,8,8,3,1,295,
7,1,6,7,8,8,4,1,295,
7,1,6,7,8,8,5,1,295,
7,1,6,7,8,8,6,1,295,
7,1,6,7,8,8,7,1,295,
7,1,6,7,8,8,8,1,295,
8,1,6,7,8,8,1,1,295,
8,1,6,7,8,8,2,1,295,
8,1,6,7,8,8,3,1,295,
8,1,6,7,8,8,4,1,295,
8,1,6,7,8,8,5,1,295,
8,1,6,7,8,8,6,1,295,
8,1,6,7,8,8,7,1,295,
8,1,6,7,8,8,8,1,295,
1,1,6,8,8,8,1,1,327,
1,1,6,8,8,8,2,1,327,
1,1,6,8,8,8,3,1,327,
1,1,6,8,8,8,4,1,327,
1,1,6,8,8,8,5,1,327,
1,1,6,8,8,8,6,1,327,
1,1,6,8,8,8,7,1,327,
1,1,6,8,8,8,8,1,327,
2,1,6,8,8,8,1,1,327,
2,1,6,8,8,8,2,1,327,
2,1,6,8,8,8,3,1,327,
2,1,6,8,8,8,4,1,327,
2,1,6,8,8,8,5,1,327,
2,1,6,8,8,8,6,1,327,
2,1,6,8,8,8,7,1,327,
2,1,6,8,8,8,8,1,327,
3,1,6,8,8,8,1,1,327,
3,1,6,8,8,8,2,1,327,
3,1,6,8,8,8,3,1,327,
3,1,6,8,8,8,4,1,327,
3,1,6,8,8,8,5,1,327,
3,1,6,8,8,8,6,1,327,
3,1,6,8,8,8,7,1,327,
3,1,6,8,8,8,8,1,327,
4,1,6,8,8,8,1,1,327,
4,1,6,8,8,8,2,1,327,
4,1,6,8,8,8,3,1,327,
4,1,6,8,8,8,4,1,327,
4,1,6,8,8,8,5,1,327,
4,1,6,8,8,8,6,1,327,
4,1,6,8,8,8,7,1,327,
4,1,6,8,8,8,8,1,327,
5,1,6,8,8,8,1,1,327,
5,1,6,8,8,8,2,1,327,
5,1,6,8,8,8,3,1,327,
5,1,6,8,8,8,4,1,327,
5,1,6,8,8,8,5,1,327,
5,1,6,8,8,8,6,1,327,
5,1,6,8,8,8,7,1,327,
5,1,6,8,8,8,8,1,327,
6,1,6,8,8,8,1,1,327,
6,1,6,8,8,8,2,1,327,
6,1,6,8,8,8,3,1,327,
6,1,6,8,8,8,4,1,327,
6,1,6,8,8,8,5,1,327,
6,1,6,8,8,8,6,1,327,
6,1,6,8,8,8,7,1,327,
6,1,6,8,8,8,8,1,327,
7,1,6,8,8,8,1,1,327,
7,1,6,8,8,8,2,1,327,
7,1,6,8,8,8,3,1,327,
7,1,6,8,8,8,4,1,327,
7,1,6,8,8,8,5,1,327,
7,1,6,8,8,8,6,1,327,
7,1,6,8,8,8,7,1,327,
7,1,6,8,8,8,8,1,327,
8,1,6,8,8,8,1,1,327,
8,1,6,8,8,8,2,1,327,
8,1,6,8,8,8,3,1,327,
8,1,6,8,8,8,4,1,327,
8,1,6,8,8,8,5,1,327,
8,1,6,8,8,8,6,1,327,
8,1,6,8,8,8,7,1,327,
8,1,6,8,8,8,8,1,327,
1,1,7,1,8,8,1,1,108,
1,1,7,1,8,8,2,1,108,
1,1,7,1,8,8,3,1,108,
1,1,7,1,8,8,4,1,108,
1,1,7,1,8,8,5,1,108,
1,1,7,1,8,8,6,1,108,
1,1,7,1,8,8,7,1,108,
1,1,7,1,8,8,8,1,108,
2,1,7,1,8,8,1,1,108,
2,1,7,1,8,8,2,1,108,
2,1,7,1,8,8,3,1,108,
2,1,7,1,8,8,4,1,108,
2,1,7,1,8,8,5,1,108,
2,1,7,1,8,8,6,1,108,
2,1,7,1,8,8,7,1,108,
2,1,7,1,8,8,8,1,108,
3,1,7,1,8,8,1,1,108,
3,1,7,1,8,8,2,1,108,
3,1,7,1,8,8,3,1,108,
3,1,7,1,8,8,4,1,108,
3,1,7,1,8,8,5,1,108,
3,1,7,1,8,8,6,1,108,
3,1,7,1,8,8,7,1,108,
3,1,7,1,8,8,8,1,108,
4,1,7,1,8,8,1,1,108,
4,1,7,1,8,8,2,1,108,
4,1,7,1,8,8,3,1,108,
4,1,7,1,8,8,4,1,108,
4,1,7,1,8,8,5,1,108,
4,1,7,1,8,8,6,1,108,
4,1,7,1,8,8,7,1,108,
4,1,7,1,8,8,8,1,108,
5,1,7,1,8,8,1,1,108,
5,1,7,1,8,8,2,1,108,
5,1,7,1,8,8,3,1,108,
5,1,7,1,8,8,4,1,108,
5,1,7,1,8,8,5,1,108,
5,1,7,1,8,8,6,1,108,
5,1,7,1,8,8,7,1,108,
5,1,7,1,8,8,8,1,108,
6,1,7,1,8,8,1,1,108,
6,1,7,1,8,8,2,1,108,
6,1,7,1,8,8,3,1,108,
6,1,7,1,8,8,4,1,108,
6,1,7,1,8,8,5,1,108,
6,1,7,1,8,8,6,1,108,
6,1,7,1,8,8,7,1,108,
6,1,7,1,8,8,8,1,108,
7,1,7,1,8,8,1,1,108,
7,1,7,1,8,8,2,1,108,
7,1,7,1,8,8,3,1,108,
7,1,7,1,8,8,4,1,108,
7,1,7,1,8,8,5,1,108,
7,1,7,1,8,8,6,1,108,
7,1,7,1,8,8,7,1,108,
7,1,7,1,8,8,8,1,108,
8,1,7,1,8,8,1,1,108,
8,1,7,1,8,8,2,1,108,
8,1,7,1,8,8,3,1,108,
8,1,7,1,8,8,4,1,108,
8,1,7,1,8,8,5,1,108,
8,1,7,1,8,8,6,1,108,
8,1,7,1,8,8,7,1,108,
8,1,7,1,8,8,8,1,108,
1,1,7,2,8,8,1,1,145,
1,1,7,2,8,8,2,1,145,
1,1,7,2,8,8,3,1,145,
1,1,7,2,8,8,4,1,145,
1,1,7,2,8,8,5,1,145,
1,1,7,2,8,8,6,1,145,
1,1,7,2,8,8,7,1,145,
1,1,7,2,8,8,8,1,145,
2,1,7,2,8,8,1,1,145,
2,1,7,2,8,8,2,1,145,
2,1,7,2,8,8,3,1,145,
2,1,7,2,8,8,4,1,145,
2,1,7,2,8,8,5,1,145,
2,1,7,2,8,8,6,1,145,
2,1,7,2,8,8,7,1,145,
2,1,7,2,8,8,8,1,145,
3,1,7,2,8,8,1,1,145,
3,1,7,2,8,8,2,1,145,
3,1,7,2,8,8,3,1,145,
3,1,7,2,8,8,4,1,145,
3,1,7,2,8,8,5,1,145,
3,1,7,2,8,8,6,1,145,
3,1,7,2,8,8,7,1,145,
3,1,7,2,8,8,8,1,145,
4,1,7,2,8,8,1,1,145,
4,1,7,2,8,8,2,1,145,
4,1,7,2,8,8,3,1,145,
4,1,7,2,8,8,4,1,145,
4,1,7,2,8,8,5,1,145,
4,1,7,2,8,8,6,1,145,
4,1,7,2,8,8,7,1,145,
4,1,7,2,8,8,8,1,145,
5,1,7,2,8,8,1,1,145,
5,1,7,2,8,8,2,1,145,
5,1,7,2,8,8,3,1,145,
5,1,7,2,8,8,4,1,145,
5,1,7,2,8,8,5,1,145,
5,1,7,2,8,8,6,1,145,
5,1,7,2,8,8,7,1,145,
5,1,7,2,8,8,8,1,145,
6,1,7,2,8,8,1,1,145,
6,1,7,2,8,8,2,1,145,
6,1,7,2,8,8,3,1,145,
6,1,7,2,8,8,4,1,145,
6,1,7,2,8,8,5,1,145,
6,1,7,2,8,8,6,1,145,
6,1,7,2,8,8,7,1,145,
6,1,7,2,8,8,8,1,145,
7,1,7,2,8,8,1,1,145,
7,1,7,2,8,8,2,1,145,
7,1,7,2,8,8,3,1,145,
7,1,7,2,8,8,4,1,145,
7,1,7,2,8,8,5,1,145,
7,1,7,2,8,8,6,1,145,
7,1,7,2,8,8,7,1,145,
7,1,7,2,8,8,8,1,145,
8,1,7,2,8,8,1,1,145,
8,1,7,2,8,8,2,1,145,
8,1,7,2,8,8,3,1,145,
8,1,7,2,8,8,4,1,145,
8,1,7,2,8,8,5,1,145,
8,1,7,2,8,8,6,1,145,
8,1,7,2,8,8,7,1,145,
8,1,7,2,8,8,8,1,145,
1,1,7,3,8,8,1,1,182,
1,1,7,3,8,8,2,1,182,
1,1,7,3,8,8,3,1,182,
1,1,7,3,8,8,4,1,182,
1,1,7,3,8,8,5,1,182,
1,1,7,3,8,8,6,1,182,
1,1,7,3,8,8,7,1,182,
1,1,7,3,8,8,8,1,182,
2,1,7,3,8,8,1,1,182,
2,1,7,3,8,8,2,1,182,
2,1,7,3,8,8,3,1,182,
2,1,7,3,8,8,4,1,182,
2,1,7,3,8,8,5,1,182,
2,1,7,3,8,8,6,1,182,
2,1,7,3,8,8,7,1,182,
2,1,7,3,8,8,8,1,182,
3,1,7,3,8,8,1,1,182,
3,1,7,3,8,8,2,1,182,
3,1,7,3,8,8,3,1,182,
3,1,7,3,8,8,4,1,182,
3,1,7,3,8,8,5,1,182,
3,1,7,3,8,8,6,1,182,
3,1,7,3,8,8,7,1,182,
3,1,7,3,8,8,8,1,182,
4,1,7,3,8,8,1,1,182,
4,1,7,3,8,8,2,1,182,
4,1,7,3,8,8,3,1,182,
4,1,7,3,8,8,4,1,182,
4,1,7,3,8,8,5,1,182,
4,1,7,3,8,8,6,1,182,
4,1,7,3,8,8,7,1,182,
4,1,7,3,8,8,8,1,182,
5,1,7,3,8,8,1,1,182,
5,1,7,3,8,8,2,1,182,
5,1,7,3,8,8,3,1,182,
5,1,7,3,8,8,4,1,182,
5,1,7,3,8,8,5,1,182,
5,1,7,3,8,8,6,1,182,
5,1,7,3,8,8,7,1,182,
5,1,7,3,8,8,8,1,182,
6,1,7,3,8,8,1,1,182,
6,1,7,3,8,8,2,1,182,
6,1,7,3,8,8,3,1,182,
6,1,7,3,8,8,4,1,182,
6,1,7,3,8,8,5,1,182,
6,1,7,3,8,8,6,1,182,
6,1,7,3,8,8,7,1,182,
6,1,7,3,8,8,8,1,182,
7,1,7,3,8,8,1,1,182,
7,1,7,3,8,8,2,1,182,
7,1,7,3,8,8,3,1,182,
7,1,7,3,8,8,4,1,182,
7,1,7,3,8,8,5,1,182,
7,1,7,3,8,8,6,1,182,
7,1,7,3,8,8,7,1,182,
7,1,7,3,8,8,8,1,182,
8,1,7,3,8,8,1,1,182,
8,1,7,3,8,8,2,1,182,
8,1,7,3,8,8,3,1,182,
8,1,7,3,8,8,4,1,182,
8,1,7,3,8,8,5,1,182,
8,1,7,3,8,8,6,1,182,
8,1,7,3,8,8,7,1,182,
8,1,7,3,8,8,8,1,182,
1,1,7,4,8,8,1,1,219,
1,1,7,4,8,8,2,1,219,
1,1,7,4,8,8,3,1,219,
1,1,7,4,8,8,4,1,219,
1,1,7,4,8,8,5,1,219,
1,1,7,4,8,8,6,1,219,
1,1,7,4,8,8,7,1,219,
1,1,7,4,8,8,8,1,219,
2,1,7,4,8,8,1,1,219,
2,1,7,4,8,8,2,1,219,
2,1,7,4,8,8,3,1,219,
2,1,7,4,8,8,4,1,219,
2,1,7,4,8,8,5,1,219,
2,1,7,4,8,8,6,1,219,
2,1,7,4,8,8,7,1,219,
2,1,7,4,8,8,8,1,219,
3,1,7,4,8,8,1,1,219,
3,1,7,4,8,8,2,1,219,
3,1,7,4,8,8,3,1,219,
3,1,7,4,8,8,4,1,219,
3,1,7,4,8,8,5,1,219,
3,1,7,4,8,8,6,1,219,
3,1,7,4,8,8,7,1,219,
3,1,7,4,8,8,8,1,219,
4,1,7,4,8,8,1,1,219,
4,1,7,4,8,8,2,1,219,
4,1,7,4,8,8,3,1,219,
4,1,7,4,8,8,4,1,219,
4,1,7,4,8,8,5,1,219,
4,1,7,4,8,8,6,1,219,
4,1,7,4,8,8,7,1,219,
4,1,7,4,8,8,8,1,219,
5,1,7,4,8,8,1,1,219,
5,1,7,4,8,8,2,1,219,
5,1,7,4,8,8,3,1,219,
5,1,7,4,8,8,4,1,219,
5,1,7,4,8,8,5,1,219,
5,1,7,4,8,8,6,1,219,
5,1,7,4,8,8,7,1,219,
5,1,7,4,8,8,8,1,219,
6,1,7,4,8,8,1,1,219,
6,1,7,4,8,8,2,1,219,
6,1,7,4,8,8,3,1,219,
6,1,7,4,8,8,4,1,219,
6,1,7,4,8,8,5,1,219,
6,1,7,4,8,8,6,1,219,
6,1,7,4,8,8,7,1,219,
6,1,7,4,8,8,8,1,219,
7,1,7,4,8,8,1,1,219,
7,1,7,4,8,8,2,1,219,
7,1,7,4,8,8,3,1,219,
7,1,7,4,8,8,4,1,219,
7,1,7,4,8,8,5,1,219,
7,1,7,4,8,8,6,1,219,
7,1,7,4,8,8,7,1,219,
7,1,7,4,8,8,8,1,219,
8,1,7,4,8,8,1,1,219,
8,1,7,4,8,8,2,1,219,
8,1,7,4,8,8,3,1,219,
8,1,7,4,8,8,4,1,219,
8,1,7,4,8,8,5,1,219,
8,1,7,4,8,8,6,1,219,
8,1,7,4,8,8,7,1,219,
8,1,7,4,8,8,8,1,219,
1,1,7,5,8,8,1,1,256,
1,1,7,5,8,8,2,1,256,
1,1,7,5,8,8,3,1,256,
1,1,7,5,8,8,4,1,256,
1,1,7,5,8,8,5,1,256,
1,1,7,5,8,8,6,1,256,
1,1,7,5,8,8,7,1,256,
1,1,7,5,8,8,8,1,256,
2,1,7,5,8,8,1,1,256,
2,1,7,5,8,8,2,1,256,
2,1,7,5,8,8,3,1,256,
2,1,7,5,8,8,4,1,256,
2,1,7,5,8,8,5,1,256,
2,1,7,5,8,8,6,1,256,
2,1,7,5,8,8,7,1,256,
2,1,7,5,8,8,8,1,256,
3,1,7,5,8,8,1,1,256,
3,1,7,5,8,8,2,1,256,
3,1,7,5,8,8,3,1,256,
3,1,7,5,8,8,4,1,256,
3,1,7,5,8,8,5,1,256,
3,1,7,5,8,8,6,1,256,
3,1,7,5,8,8,7,1,256,
3,1,7,5,8,8,8,1,256,
4,1,7,5,8,8,1,1,256,
4,1,7,5,8,8,2,1,256,
4,1,7,5,8,8,3,1,256,
4,1,7,5,8,8,4,1,256,
4,1,7,5,8,8,5,1,256,
4,1,7,5,8,8,6,1,256,
4,1,7,5,8,8,7,1,256,
4,1,7,5,8,8,8,1,256,
5,1,7,5,8,8,1,1,256,
5,1,7,5,8,8,2,1,256,
5,1,7,5,8,8,3,1,256,
5,1,7,5,8,8,4,1,256,
5,1,7,5,8,8,5,1,256,
5,1,7,5,8,8,6,1,256,
5,1,7,5,8,8,7,1,256,
5,1,7,5,8,8,8,1,256,
6,1,7,5,8,8,1,1,256,
6,1,7,5,8,8,2,1,256,
6,1,7,5,8,8,3,1,256,
6,1,7,5,8,8,4,1,256,
6,1,7,5,8,8,5,1,256,
6,1,7,5,8,8,6,1,256,
6,1,7,5,8,8,7,1,256,
6,1,7,5,8,8,8,1,256,
7,1,7,5,8,8,1,1,256,
7,1,7,5,8,8,2,1,256,
7,1,7,5,8,8,3,1,256,
7,1,7,5,8,8,4,1,256,
7,1,7,5,8,8,5,1,256,
7,1,7,5,8,8,6,1,256,
7,1,7,5,8,8,7,1,256,
7,1,7,5,8,8,8,1,256,
8,1,7,5,8,8,1,1,256,
8,1,7,5,8,8,2,1,256,
8,1,7,5,8,8,3,1,256,
8,1,7,5,8,8,4,1,256,
8,1,7,5,8,8,5,1,256,
8,1,7,5,8,8,6,1,256,
8,1,7,5,8,8,7,1,256,
8,1,7,5,8,8,8,1,256,
1,1,7,6,8,8,1,1,293,
1,1,7,6,8,8,2,1,293,
1,1,7,6,8,8,3,1,293,
1,1,7,6,8,8,4,1,293,
1,1,7,6,8,8,5,1,293,
1,1,7,6,8,8,6,1,293,
1,1,7,6,8,8,7,1,293,
1,1,7,6,8,8,8,1,293,
2,1,7,6,8,8,1,1,293,
2,1,7,6,8,8,2,1,293,
2,1,7,6,8,8,3,1,293,
2,1,7,6,8,8,4,1,293,
2,1,7,6,8,8,5,1,293,
2,1,7,6,8,8,6,1,293,
2,1,7,6,8,8,7,1,293,
2,1,7,6,8,8,8,1,293,
3,1,7,6,8,8,1,1,293,
3,1,7,6,8,8,2,1,293,
3,1,7,6,8,8,3,1,293,
3,1,7,6,8,8,4,1,293,
3,1,7,6,8,8,5,1,293,
3,1,7,6,8,8,6,1,293,
3,1,7,6,8,8,7,1,293,
3,1,7,6,8,8,8,1,293,
4,1,7,6,8,8,1,1,293,
4,1,7,6,8,8,2,1,293,
4,1,7,6,8,8,3,1,293,
4,1,7,6,8,8,4,1,293,
4,1,7,6,8,8,5,1,293,
4,1,7,6,8,8,6,1,293,
4,1,7,6,8,8,7,1,293,
4,1,7,6,8,8,8,1,293,
5,1,7,6,8,8,1,1,293,
5,1,7,6,8,8,2,1,293,
5,1,7,6,8,8,3,1,293,
5,1,7,6,8,8,4,1,293,
5,1,7,6,8,8,5,1,293,
5,1,7,6,8,8,6,1,293,
5,1,7,6,8,8,7,1,293,
5,1,7,6,8,8,8,1,293,
6,1,7,6,8,8,1,1,293,
6,1,7,6,8,8,2,1,293,
6,1,7,6,8,8,3,1,293,
6,1,7,6,8,8,4,1,293,
6,1,7,6,8,8,5,1,293,
6,1,7,6,8,8,6,1,293,
6,1,7,6,8,8,7,1,293,
6,1,7,6,8,8,8,1,293,
7,1,7,6,8,8,1,1,293,
7,1,7,6,8,8,2,1,293,
7,1,7,6,8,8,3,1,293,
7,1,7,6,8,8,4,1,293,
7,1,7,6,8,8,5,1,293,
7,1,7,6,8,8,6,1,293,
7,1,7,6,8,8,7,1,293,
7,1,7,6,8,8,8,1,293,
8,1,7,6,8,8,1,1,293,
8,1,7,6,8,8,2,1,293,
8,1,7,6,8,8,3,1,293,
8,1,7,6,8,8,4,1,293,
8,1,7,6,8,8,5,1,293,
8,1,7,6,8,8,6,1,293,
8,1,7,6,8,8,7,1,293,
8,1,7,6,8,8,8,1,293,
1,1,7,7,8,8,1,1,330,
1,1,7,7,8,8,2,1,330,
1,1,7,7,8,8,3,1,330,
1,1,7,7,8,8,4,1,330,
1,1,7,7,8,8,5,1,330,
1,1,7,7,8,8,6,1,330,
1,1,7,7,8,8,7,1,330,
1,1,7,7,8,8,8,1,330,
2,1,7,7,8,8,1,1,330,
2,1,7,7,8,8,2,1,330,
2,1,7,7,8,8,3,1,330,
2,1,7,7,8,8,4,1,330,
2,1,7,7,8,8,5,1,330,
2,1,7,7,8,8,6,1,330,
2,1,7,7,8,8,7,1,330,
2,1,7,7,8,8,8,1,330,
3,1,7,7,8,8,1,1,330,
3,1,7,7,8,8,2,1,330,
3,1,7,7,8,8,3,1,330,
3,1,7,7,8,8,4,1,330,
3,1,7,7,8,8,5,1,330,
3,1,7,7,8,8,6,1,330,
3,1,7,7,8,8,7,1,330,
3,1,7,7,8,8,8,1,330,
4,1,7,7,8,8,1,1,330,
4,1,7,7,8,8,2,1,330,
4,1,7,7,8,8,3,1,330,
4,1,7,7,8,8,4,1,330,
4,1,7,7,8,8,5,1,330,
4,1,7,7,8,8,6,1,330,
4,1,7,7,8,8,7,1,330,
4,1,7,7,8,8,8,1,330,
5,1,7,7,8,8,1,1,330,
5,1,7,7,8,8,2,1,330,
5,1,7,7,8,8,3,1,330,
5,1,7,7,8,8,4,1,330,
5,1,7,7,8,8,5,1,330,
5,1,7,7,8,8,6,1,330,
5,1,7,7,8,8,7,1,330,
5,1,7,7,8,8,8,1,330,
6,1,7,7,8,8,1,1,330,
6,1,7,7,8,8,2,1,330,
6,1,7,7,8,8,3,1,330,
6,1,7,7,8,8,4,1,330,
6,1,7,7,8,8,5,1,330,
6,1,7,7,8,8,6,1,330,
6,1,7,7,8,8,7,1,330,
6,1,7,7,8,8,8,1,330,
7,1,7,7,8,8,1,1,330,
7,1,7,7,8,8,2,1,330,
7,1,7,7,8,8,3,1,330,
7,1,7,7,8,8,4,1,330,
7,1,7,7,8,8,5,1,330,
7,1,7,7,8,8,6,1,330,
7,1,7,7,8,8,7,1,330,
7,1,7,7,8,8,8,1,330,
8,1,7,7,8,8,1,1,330,
8,1,7,7,8,8,2,1,330,
8,1,7,7,8,8,3,1,330,
8,1,7,7,8,8,4,1,330,
8,1,7,7,8,8,5,1,330,
8,1,7,7,8,8,6,1,330,
8,1,7,7,8,8,7,1,330,
8,1,7,7,8,8,8,1,330,
1,1,7,8,8,8,1,1,367,
1,1,7,8,8,8,2,1,367,
1,1,7,8,8,8,3,1,367,
1,1,7,8,8,8,4,1,367,
1,1,7,8,8,8,5,1,367,
1,1,7,8,8,8,6,1,367,
1,1,7,8,8,8,7,1,367,
1,1,7,8,8,8,8,1,367,
2,1,7,8,8,8,1,1,367,
2,1,7,8,8,8,2,1,367,
2,1,7,8,8,8,3,1,367,
2,1,7,8,8,8,4,1,367,
2,1,7,8,8,8,5,1,367,
2,1,7,8,8,8,6,1,367,
2,1,7,8,8,8,7,1,367,
2,1,7,8,8,8,8,1,367,
3,1,7,8,8,8,1,1,367,
3,1,7,8,8,8,2,1,367,
3,1,7,8,8,8,3,1,367,
3,1,7,8,8,8,4,1,367,
3,1,7,8,8,8,5,1,367,
3,1,7,8,8,8,6,1,367,
3,1,7,8,8,8,7,1,367,
3,1,7,8,8,8,8,1,367,
4,1,7,8,8,8,1,1,367,
4,1,7,8,8,8,2,1,367,
4,1,7,8,8,8,3,1,367,
4,1,7,8,8,8,4,1,367,
4,1,7,8,8,8,5,1,367,
4,1,7,8,8,8,6,1,367,
4,1,7,8,8,8,7,1,367,
4,1,7,8,8,8,8,1,367,
5,1,7,8,8,8,1,1,367,
5,1,7,8,8,8,2,1,367,
5,1,7,8,8,8,3,1,367,
5,1,7,8,8,8,4,1,367,
5,1,7,8,8,8,5,1,367,
5,1,7,8,8,8,6,1,367,
5,1,7,8,8,8,7,1,367,
5,1,7,8,8,8,8,1,367,
6,1,7,8,8,8,1,1,367,
6,1,7,8,8,8,2,1,367,
6,1,7,8,8,8,3,1,367,
6,1,7,8,8,8,4,1,367,
6,1,7,8,8,8,5,1,367,
6,1,7,8,8,8,6,1,367,
6,1,7,8,8,8,7,1,367,
6,1,7,8,8,8,8,1,367,
7,1,7,8,8,8,1,1,367,
7,1,7,8,8,8,2,1,367,
7,1,7,8,8,8,3,1,367,
7,1,7,8,8,8,4,1,367,
7,1,7,8,8,8,5,1,367,
7,1,7,8,8,8,6,1,367,
7,1,7,8,8,8,7,1,367,
7,1,7,8,8,8,8,1,367,
8,1,7,8,8,8,1,1,367,
8,1,7,8,8,8,2,1,367,
8,1,7,8,8,8,3,1,367,
8,1,7,8,8,8,4,1,367,
8,1,7,8,8,8,5,1,367,
8,1,7,8,8,8,6,1,367,
8,1,7,8,8,8,7,1,367,
8,1,7,8,8,8,8,1,367,
1,1,8,1,8,8,1,1,113,
1,1,8,1,8,8,2,1,113,
1,1,8,1,8,8,3,1,113,
1,1,8,1,8,8,4,1,113,
1,1,8,1,8,8,5,1,113,
1,1,8,1,8,8,6,1,113,
1,1,8,1,8,8,7,1,113,
1,1,8,1,8,8,8,1,113,
2,1,8,1,8,8,1,1,113,
2,1,8,1,8,8,2,1,113,
2,1,8,1,8,8,3,1,113,
2,1,8,1,8,8,4,1,113,
2,1,8,1,8,8,5,1,113,
2,1,8,1,8,8,6,1,113,
2,1,8,1,8,8,7,1,113,
2,1,8,1,8,8,8,1,113,
3,1,8,1,8,8,1,1,113,
3,1,8,1,8,8,2,1,113,
3,1,8,1,8,8,3,1,113,
3,1,8,1,8,8,4,1,113,
3,1,8,1,8,8,5,1,113,
3,1,8,1,8,8,6,1,113,
3,1,8,1,8,8,7,1,113,
3,1,8,1,8,8,8,1,113,
4,1,8,1,8,8,1,1,113,
4,1,8,1,8,8,2,1,113,
4,1,8,1,8,8,3,1,113,
4,1,8,1,8,8,4,1,113,
4,1,8,1,8,8,5,1,113,
4,1,8,1,8,8,6,1,113,
4,1,8,1,8,8,7,1,113,
4,1,8,1,8,8,8,1,113,
5,1,8,1,8,8,1,1,113,
5,1,8,1,8,8,2,1,113,
5,1,8,1,8,8,3,1,113,
5,1,8,1,8,8,4,1,113,
5,1,8,1,8,8,5,1,113,
5,1,8,1,8,8,6,1,113,
5,1,8,1,8,8,7,1,113,
5,1,8,1,8,8,8,1,113,
6,1,8,1,8,8,1,1,113,
6,1,8,1,8,8,2,1,113,
6,1,8,1,8,8,3,1,113,
6,1,8,1,8,8,4,1,113,
6,1,8,1,8,8,5,1,113,
6,1,8,1,8,8,6,1,113,
6,1,8,1,8,8,7,1,113,
6,1,8,1,8,8,8,1,113,
7,1,8,1,8,8,1,1,113,
7,1,8,1,8,8,2,1,113,
7,1,8,1,8,8,3,1,113,
7,1,8,1,8,8,4,1,113,
7,1,8,1,8,8,5,1,113,
7,1,8,1,8,8,6,1,113,
7,1,8,1,8,8,7,1,113,
7,1,8,1,8,8,8,1,113,
8,1,8,1,8,8,1,1,113,
8,1,8,1,8,8,2,1,113,
8,1,8,1,8,8,3,1,113,
8,1,8,1,8,8,4,1,113,
8,1,8,1,8,8,5,1,113,
8,1,8,1,8,8,6,1,113,
8,1,8,1,8,8,7,1,113,
8,1,8,1,8,8,8,1,113,
1,1,8,2,8,8,1,1,155,
1,1,8,2,8,8,2,1,155,
1,1,8,2,8,8,3,1,155,
1,1,8,2,8,8,4,1,155,
1,1,8,2,8,8,5,1,155,
1,1,8,2,8,8,6,1,155,
1,1,8,2,8,8,7,1,155,
1,1,8,2,8,8,8,1,155,
2,1,8,2,8,8,1,1,155,
2,1,8,2,8,8,2,1,155,
2,1,8,2,8,8,3,1,155,
2,1,8,2,8,8,4,1,155,
2,1,8,2,8,8,5,1,155,
2,1,8,2,8,8,6,1,155,
2,1,8,2,8,8,7,1,155,
2,1,8,2,8,8,8,1,155,
3,1,8,2,8,8,1,1,155,
3,1,8,2,8,8,2,1,155,
3,1,8,2,8,8,3,1,155,
3,1,8,2,8,8,4,1,155,
3,1,8,2,8,8,5,1,155,
3,1,8,2,8,8,6,1,155,
3,1,8,2,8,8,7,1,155,
3,1,8,2,8,8,8,1,155,
4,1,8,2,8,8,1,1,155,
4,1,8,2,8,8,2,1,155,
4,1,8,2,8,8,3,1,155,
4,1,8,2,8,8,4,1,155,
4,1,8,2,8,8,5,1,155,
4,1,8,2,8,8,6,1,155,
4,1,8,2,8,8,7,1,155,
4,1,8,2,8,8,8,1,155,
5,1,8,2,8,8,1,1,155,
5,1,8,2,8,8,2,1,155,
5,1,8,2,8,8,3,1,155,
5,1,8,2,8,8,4,1,155,
5,1,8,2,8,8,5,1,155,
5,1,8,2,8,8,6,1,155,
5,1,8,2,8,8,7,1,155,
5,1,8,2,8,8,8,1,155,
6,1,8,2,8,8,1,1,155,
6,1,8,2,8,8,2,1,155,
6,1,8,2,8,8,3,1,155,
6,1,8,2,8,8,4,1,155,
6,1,8,2,8,8,5,1,155,
6,1,8,2,8,8,6,1,155,
6,1,8,2,8,8,7,1,155,
6,1,8,2,8,8,8,1,155,
7,1,8,2,8,8,1,1,155,
7,1,8,2,8,8,2,1,155,
7,1,8,2,8,8,3,1,155,
7,1,8,2,8,8,4,1,155,
7,1,8,2,8,8,5,1,155,
7,1,8,2,8,8,6,1,155,
7,1,8,2,8,8,7,1,155,
7,1,8,2,8,8,8,1,155,
8,1,8,2,8,8,1,1,155,
8,1,8,2,8,8,2,1,155,
8,1,8,2,8,8,3,1,155,
8,1,8,2,8,8,4,1,155,
8,1,8,2,8,8,5,1,155,
8,1,8,2,8,8,6,1,155,
8,1,8,2,8,8,7,1,155,
8,1,8,2,8,8,8,1,155,
1,1,8,3,8,8,1,1,197,
1,1,8,3,8,8,2,1,197,
1,1,8,3,8,8,3,1,197,
1,1,8,3,8,8,4,1,197,
1,1,8,3,8,8,5,1,197,
1,1,8,3,8,8,6,1,197,
1,1,8,3,8,8,7,1,197,
1,1,8,3,8,8,8,1,197,
2,1,8,3,8,8,1,1,197,
2,1,8,3,8,8,2,1,197,
2,1,8,3,8,8,3,1,197,
2,1,8,3,8,8,4,1,197,
2,1,8,3,8,8,5,1,197,
2,1,8,3,8,8,6,1,197,
2,1,8,3,8,8,7,1,197,
2,1,8,3,8,8,8,1,197,
3,1,8,3,8,8,1,1,197,
3,1,8,3,8,8,2,1,197,
3,1,8,3,8,8,3,1,197,
3,1,8,3,8,8,4,1,197,
3,1,8,3,8,8,5,1,197,
3,1,8,3,8,8,6,1,197,
3,1,8,3,8,8,7,1,197,
3,1,8,3,8,8,8,1,197,
4,1,8,3,8,8,1,1,197,
4,1,8,3,8,8,2,1,197,
4,1,8,3,8,8,3,1,197,
4,1,8,3,8,8,4,1,197,
4,1,8,3,8,8,5,1,197,
4,1,8,3,8,8,6,1,197,
4,1,8,3,8,8,7,1,197,
4,1,8,3,8,8,8,1,197,
5,1,8,3,8,8,1,1,197,
5,1,8,3,8,8,2,1,197,
5,1,8,3,8,8,3,1,197,
5,1,8,3,8,8,4,1,197,
5,1,8,3,8,8,5,1,197,
5,1,8,3,8,8,6,1,197,
5,1,8,3,8,8,7,1,197,
5,1,8,3,8,8,8,1,197,
6,1,8,3,8,8,1,1,197,
6,1,8,3,8,8,2,1,197,
6,1,8,3,8,8,3,1,197,
6,1,8,3,8,8,4,1,197,
6,1,8,3,8,8,5,1,197,
6,1,8,3,8,8,6,1,197,
6,1,8,3,8,8,7,1,197,
6,1,8,3,8,8,8,1,197,
7,1,8,3,8,8,1,1,197,
7,1,8,3,8,8,2,1,197,
7,1,8,3,8,8,3,1,197,
7,1,8,3,8,8,4,1,197,
7,1,8,3,8,8,5,1,197,
7,1,8,3,8,8,6,1,197,
7,1,8,3,8,8,7,1,197,
7,1,8,3,8,8,8,1,197,
8,1,8,3,8,8,1,1,197,
8,1,8,3,8,8,2,1,197,
8,1,8,3,8,8,3,1,197,
8,1,8,3,8,8,4,1,197,
8,1,8,3,8,8,5,1,197,
8,1,8,3,8,8,6,1,197,
8,1,8,3,8,8,7,1,197,
8,1,8,3,8,8,8,1,197,
1,1,8,4,8,8,1,1,239,
1,1,8,4,8,8,2,1,239,
1,1,8,4,8,8,3,1,239,
1,1,8,4,8,8,4,1,239,
1,1,8,4,8,8,5,1,239,
1,1,8,4,8,8,6,1,239,
1,1,8,4,8,8,7,1,239,
1,1,8,4,8,8,8,1,239,
2,1,8,4,8,8,1,1,239,
2,1,8,4,8,8,2,1,239,
2,1,8,4,8,8,3,1,239,
2,1,8,4,8,8,4,1,239,
2,1,8,4,8,8,5,1,239,
2,1,8,4,8,8,6,1,239,
2,1,8,4,8,8,7,1,239,
2,1,8,4,8,8,8,1,239,
3,1,8,4,8,8,1,1,239,
3,1,8,4,8,8,2,1,239,
3,1,8,4,8,8,3,1,239,
3,1,8,4,8,8,4,1,239,
3,1,8,4,8,8,5,1,239,
3,1,8,4,8,8,6,1,239,
3,1,8,4,8,8,7,1,239,
3,1,8,4,8,8,8,1,239,
4,1,8,4,8,8,1,1,239,
4,1,8,4,8,8,2,1,239,
4,1,8,4,8,8,3,1,239,
4,1,8,4,8,8,4,1,239,
4,1,8,4,8,8,5,1,239,
4,1,8,4,8,8,6,1,239,
4,1,8,4,8,8,7,1,239,
4,1,8,4,8,8,8,1,239,
5,1,8,4,8,8,1,1,239,
5,1,8,4,8,8,2,1,239,
5,1,8,4,8,8,3,1,239,
5,1,8,4,8,8,4,1,239,
5,1,8,4,8,8,5,1,239,
5,1,8,4,8,8,6,1,239,
5,1,8,4,8,8,7,1,239,
5,1,8,4,8,8,8,1,239,
6,1,8,4,8,8,1,1,239,
6,1,8,4,8,8,2,1,239,
6,1,8,4,8,8,3,1,239,
6,1,8,4,8,8,4,1,239,
6,1,8,4,8,8,5,1,239,
6,1,8,4,8,8,6,1,239,
6,1,8,4,8,8,7,1,239,
6,1,8,4,8,8,8,1,239,
7,1,8,4,8,8,1,1,239,
7,1,8,4,8,8,2,1,239,
7,1,8,4,8,8,3,1,239,
7,1,8,4,8,8,4,1,239,
7,1,8,4,8,8,5,1,239,
7,1,8,4,8,8,6,1,239,
7,1,8,4,8,8,7,1,239,
7,1,8,4,8,8,8,1,239,
8,1,8,4,8,8,1,1,239,
8,1,8,4,8,8,2,1,239,
8,1,8,4,8,8,3,1,239,
8,1,8,4,8,8,4,1,239,
8,1,8,4,8,8,5,1,239,
8,1,8,4,8,8,6,1,239,
8,1,8,4,8,8,7,1,239,
8,1,8,4,8,8,8,1,239,
1,1,8,5,8,8,1,1,281,
1,1,8,5,8,8,2,1,281,
1,1,8,5,8,8,3,1,281,
1,1,8,5,8,8,4,1,281,
1,1,8,5,8,8,5,1,281,
1,1,8,5,8,8,6,1,281,
1,1,8,5,8,8,7,1,281,
1,1,8,5,8,8,8,1,281,
2,1,8,5,8,8,1,1,281,
2,1,8,5,8,8,2,1,281,
2,1,8,5,8,8,3,1,281,
2,1,8,5,8,8,4,1,281,
2,1,8,5,8,8,5,1,281,
2,1,8,5,8,8,6,1,281,
2,1,8,5,8,8,7,1,281,
2,1,8,5,8,8,8,1,281,
3,1,8,5,8,8,1,1,281,
3,1,8,5,8,8,2,1,281,
3,1,8,5,8,8,3,1,281,
3,1,8,5,8,8,4,1,281,
3,1,8,5,8,8,5,1,281,
3,1,8,5,8,8,6,1,281,
3,1,8,5,8,8,7,1,281,
3,1,8,5,8,8,8,1,281,
4,1,8,5,8,8,1,1,281,
4,1,8,5,8,8,2,1,281,
4,1,8,5,8,8,3,1,281,
4,1,8,5,8,8,4,1,281,
4,1,8,5,8,8,5,1,281,
4,1,8,5,8,8,6,1,281,
4,1,8,5,8,8,7,1,281,
4,1,8,5,8,8,8,1,281,
5,1,8,5,8,8,1,1,281,
5,1,8,5,8,8,2,1,281,
5,1,8,5,8,8,3,1,281,
5,1,8,5,8,8,4,1,281,
5,1,8,5,8,8,5,1,281,
5,1,8,5,8,8,6,1,281,
5,1,8,5,8,8,7,1,281,
5,1,8,5,8,8,8,1,281,
6,1,8,5,8,8,1,1,281,
6,1,8,5,8,8,2,1,281,
6,1,8,5,8,8,3,1,281,
6,1,8,5,8,8,4,1,281,
6,1,8,5,8,8,5,1,281,
6,1,8,5,8,8,6,1,281,
6,1,8,5,8,8,7,1,281,
6,1,8,5,8,8,8,1,281,
7,1,8,5,8,8,1,1,281,
7,1,8,5,8,8,2,1,281,
7,1,8,5,8,8,3,1,281,
7,1,8,5,8,8,4,1,281,
7,1,8,5,8,8,5,1,281,
7,1,8,5,8,8,6,1,281,
7,1,8,5,8,8,7,1,281,
7,1,8,5,8,8,8,1,281,
8,1,8,5,8,8,1,1,281,
8,1,8,5,8,8,2,1,281,
8,1,8,5,8,8,3,1,281,
8,1,8,5,8,8,4,1,281,
8,1,8,5,8,8,5,1,281,
8,1,8,5,8,8,6,1,281,
8,1,8,5,8,8,7,1,281,
8,1,8,5,8,8,8,1,281,
1,1,8,6,8,8,1,1,323,
1,1,8,6,8,8,2,1,323,
1,1,8,6,8,8,3,1,323,
1,1,8,6,8,8,4,1,323,
1,1,8,6,8,8,5,1,323,
1,1,8,6,8,8,6,1,323,
1,1,8,6,8,8,7,1,323,
1,1,8,6,8,8,8,1,323,
2,1,8,6,8,8,1,1,323,
2,1,8,6,8,8,2,1,323,
2,1,8,6,8,8,3,1,323,
2,1,8,6,8,8,4,1,323,
2,1,8,6,8,8,5,1,323,
2,1,8,6,8,8,6,1,323,
2,1,8,6,8,8,7,1,323,
2,1,8,6,8,8,8,1,323,
3,1,8,6,8,8,1,1,323,
3,1,8,6,8,8,2,1,323,
3,1,8,6,8,8,3,1,323,
3,1,8,6,8,8,4,1,323,
3,1,8,6,8,8,5,1,323,
3,1,8,6,8,8,6,1,323,
3,1,8,6,8,8,7,1,323,
3,1,8,6,8,8,8,1,323,
4,1,8,6,8,8,1,1,323,
4,1,8,6,8,8,2,1,323,
4,1,8,6,8,8,3,1,323,
4,1,8,6,8,8,4,1,323,
4,1,8,6,8,8,5,1,323,
4,1,8,6,8,8,6,1,323,
4,1,8,6,8,8,7,1,323,
4,1,8,6,8,8,8,1,323,
5,1,8,6,8,8,1,1,323,
5,1,8,6,8,8,2,1,323,
5,1,8,6,8,8,3,1,323,
5,1,8,6,8,8,4,1,323,
5,1,8,6,8,8,5,1,323,
5,1,8,6,8,8,6,1,323,
5,1,8,6,8,8,7,1,323,
5,1,8,6,8,8,8,1,323,
6,1,8,6,8,8,1,1,323,
6,1,8,6,8,8,2,1,323,
6,1,8,6,8,8,3,1,323,
6,1,8,6,8,8,4,1,323,
6,1,8,6,8,8,5,1,323,
6,1,8,6,8,8,6,1,323,
6,1,8,6,8,8,7,1,323,
6,1,8,6,8,8,8,1,323,
7,1,8,6,8,8,1,1,323,
7,1,8,6,8,8,2,1,323,
7,1,8,6,8,8,3,1,323,
7,1,8,6,8,8,4,1,323,
7,1,8,6,8,8,5,1,323,
7,1,8,6,8,8,6,1,323,
7,1,8,6,8,8,7,1,323,
7,1,8,6,8,8,8,1,323,
8,1,8,6,8,8,1,1,323,
8,1,8,6,8,8,2,1,323,
8,1,8,6,8,8,3,1,323,
8,1,8,6,8,8,4,1,323,
8,1,8,6,8,8,5,1,323,
8,1,8,6,8,8,6,1,323,
8,1,8,6,8,8,7,1,323,
8,1,8,6,8,8,8,1,323,
1,1,8,7,8,8,1,1,365,
1,1,8,7,8,8,2,1,365,
1,1,8,7,8,8,3,1,365,
1,1,8,7,8,8,4,1,365,
1,1,8,7,8,8,5,1,365,
1,1,8,7,8,8,6,1,365,
1,1,8,7,8,8,7,1,365,
1,1,8,7,8,8,8,1,365,
2,1,8,7,8,8,1,1,365,
2,1,8,7,8,8,2,1,365,
2,1,8,7,8,8,3,1,365,
2,1,8,7,8,8,4,1,365,
2,1,8,7,8,8,5,1,365,
2,1,8,7,8,8,6,1,365,
2,1,8,7,8,8,7,1,365,
2,1,8,7,8,8,8,1,365,
3,1,8,7,8,8,1,1,365,
3,1,8,7,8,8,2,1,365,
3,1,8,7,8,8,3,1,365,
3,1,8,7,8,8,4,1,365,
3,1,8,7,8,8,5,1,365,
3,1,8,7,8,8,6,1,365,
3,1,8,7,8,8,7,1,365,
3,1,8,7,8,8,8,1,365,
4,1,8,7,8,8,1,1,365,
4,1,8,7,8,8,2,1,365,
4,1,8,7,8,8,3,1,365,
4,1,8,7,8,8,4,1,365,
4,1,8,7,8,8,5,1,365,
4,1,8,7,8,8,6,1,365,
4,1,8,7,8,8,7,1,365,
4,1,8,7,8,8,8,1,365,
5,1,8,7,8,8,1,1,365,
5,1,8,7,8,8,2,1,365,
5,1,8,7,8,8,3,1,365,
5,1,8,7,8,8,4,1,365,
5,1,8,7,8,8,5,1,365,
5,1,8,7,8,8,6,1,365,
5,1,8,7,8,8,7,1,365,
5,1,8,7,8,8,8,1,365,
6,1,8,7,8,8,1,1,365,
6,1,8,7,8,8,2,1,365,
6,1,8,7,8,8,3,1,365,
6,1,8,7,8,8,4,1,365,
6,1,8,7,8,8,5,1,365,
6,1,8,7,8,8,6,1,365,
6,1,8,7,8,8,7,1,365,
6,1,8,7,8,8,8,1,365,
7,1,8,7,8,8,1,1,365,
7,1,8,7,8,8,2,1,365,
7,1,8,7,8,8,3,1,365,
7,1,8,7,8,8,4,1,365,
7,1,8,7,8,8,5,1,365,
7,1,8,7,8,8,6,1,365,
7,1,8,7,8,8,7,1,365,
7,1,8,7,8,8,8,1,365,
8,1,8,7,8,8,1,1,365,
8,1,8,7,8,8,2,1,365,
8,1,8,7,8,8,3,1,365,
8,1,8,7,8,8,4,1,365,
8,1,8,7,8,8,5,1,365,
8,1,8,7,8,8,6,1,365,
8,1,8,7,8,8,7,1,365,
8,1,8,7,8,8,8,1,365,
1,1,8,8,8,8,1,1,407,
1,1,8,8,8,8,2,1,407,
1,1,8,8,8,8,3,1,407,
1,1,8,8,8,8,4,1,407,
1,1,8,8,8,8,5,1,407,
1,1,8,8,8,8,6,1,407,
1,1,8,8,8,8,7,1,407,
1,1,8,8,8,8,8,1,407,
2,1,8,8,8,8,1,1,407,
2,1,8,8,8,8,2,1,407,
2,1,8,8,8,8,3,1,407,
2,1,8,8,8,8,4,1,407,
2,1,8,8,8,8,5,1,407,
2,1,8,8,8,8,6,1,407,
2,1,8,8,8,8,7,1,407,
2,1,8,8,8,8,8,1,407,
3,1,8,8,8,8,1,1,407,
3,1,8,8,8,8,2,1,407,
3,1,8,8,8,8,3,1,407,
3,1,8,8,8,8,4,1,407,
3,1,8,8,8,8,5,1,407,
3,1,8,8,8,8,6,1,407,
3,1,8,8,8,8,7,1,407,
3,1,8,8,8,8,8,1,407,
4,1,8,8,8,8,1,1,407,
4,1,8,8,8,8,2,1,407,
4,1,8,8,8,8,3,1,407,
4,1,8,8,8,8,4,1,407,
4,1,8,8,8,8,5,1,407,
4,1,8,8,8,8,6,1,407,
4,1,8,8,8,8,7,1,407,
4,1,8,8,8,8,8,1,407,
5,1,8,8,8,8,1,1,407,
5,1,8,8,8,8,2,1,407,
5,1,8,8,8,8,3,1,407,
5,1,8,8,8,8,4,1,407,
5,1,8,8,8,8,5,1,407,
5,1,8,8,8,8,6,1,407,
5,1,8,8,8,8,7,1,407,
5,1,8,8,8,8,8,1,407,
6,1,8,8,8,8,1,1,407,
6,1,8,8,8,8,2,1,407,
6,1,8,8,8,8,3,1,407,
6,1,8,8,8,8,4,1,407,
6,1,8,8,8,8,5,1,407,
6,1,8,8,8,8,6,1,407,
6,1,8,8,8,8,7,1,407,
6,1,8,8,8,8,8,1,407,
7,1,8,8,8,8,1,1,407,
7,1,8,8,8,8,2,1,407,
7,1,8,8,8,8,3,1,407,
7,1,8,8,8,8,4,1,407,
7,1,8,8,8,8,5,1,407,
7,1,8,8,8,8,6,1,407,
7,1,8,8,8,8,7,1,407,
7,1,8,8,8,8,8,1,407,
8,1,8,8,8,8,1,1,407,
8,1,8,8,8,8,2,1,407,
8,1,8,8,8,8,3,1,407,
8,1,8,8,8,8,4,1,407,
8,1,8,8,8,8,5,1,407,
8,1,8,8,8,8,6,1,407,
8,1,8,8,8,8,7,1,407,
8,1,8,8,8,8,8,1,407,
